date,ticker,asset_class,adjusted_close,volume
2018-01-02,AGG,US aggregate bonds,84.979607,8850900
2018-01-02,EEM,Emerging-market equities,39.776554,68969400
2018-01-02,EFA,Developed international equities,54.737129,26530000
2018-01-02,EWC,Canadian equities,25.079796,2506200
2018-01-02,GLD,Gold,125.150002,11762500
2018-01-02,SPY,US equities,235.954254,86655700
2018-01-03,AGG,US aggregate bonds,84.987419,2441700
2018-01-03,EEM,Emerging-market equities,40.157669,56228700
2018-01-03,EFA,Developed international equities,54.999874,33384900
2018-01-03,EWC,Canadian equities,25.172033,2781500
2018-01-03,GLD,Gold,124.820000,7904300
2018-01-03,SPY,US equities,237.446671,90070400
2018-01-04,AGG,US aggregate bonds,84.932930,2945400
2018-01-04,EEM,Emerging-market equities,40.356510,52154900
2018-01-04,EFA,Developed international equities,55.602657,23974400
2018-01-04,EWC,Canadian equities,25.348120,1542800
2018-01-04,GLD,Gold,125.459999,7329700
2018-01-04,SPY,US equities,238.447556,80636400
2018-01-05,AGG,US aggregate bonds,84.878426,4322900
2018-01-05,EEM,Emerging-market equities,40.704472,50026900
2018-01-05,EFA,Developed international equities,55.911770,17483800
2018-01-05,EWC,Canadian equities,25.440353,1546900
2018-01-05,GLD,Gold,125.330002,5739900
2018-01-05,SPY,US equities,240.036560,83524000
2018-01-08,AGG,US aggregate bonds,84.855110,3394500
2018-01-08,EEM,Emerging-market equities,40.704472,36998200
2018-01-08,EFA,Developed international equities,55.896339,21733700
2018-01-08,EWC,Canadian equities,25.356501,2498400
2018-01-08,GLD,Gold,125.309998,3566700
2018-01-08,SPY,US equities,240.475571,57319200
2018-01-09,AGG,US aggregate bonds,84.621559,2301300
2018-01-09,EEM,Emerging-market equities,40.638203,42131600
2018-01-09,EFA,Developed international equities,55.958149,19138900
2018-01-09,EWC,Canadian equities,25.289421,2465100
2018-01-09,GLD,Gold,124.730003,9153600
2018-01-09,SPY,US equities,241.019836,57254000
2018-01-10,AGG,US aggregate bonds,84.621559,4194300
2018-01-10,EEM,Emerging-market equities,40.381371,72183900
2018-01-10,EFA,Developed international equities,55.849964,18118900
2018-01-10,EWC,Canadian equities,25.037868,4996900
2018-01-10,GLD,Gold,125.029999,14809300
2018-01-10,SPY,US equities,240.651123,69574300
2018-01-11,AGG,US aggregate bonds,84.660522,3470400
2018-01-11,EEM,Emerging-market equities,40.629917,38720900
2018-01-11,EFA,Developed international equities,56.236351,17314400
2018-01-11,EWC,Canadian equities,25.163647,1654400
2018-01-11,GLD,Gold,125.440002,5994700
2018-01-11,SPY,US equities,242.406845,62361500
2018-01-12,AGG,US aggregate bonds,84.644936,3605900
2018-01-12,EEM,Emerging-market equities,41.019314,69358300
2018-01-12,EFA,Developed international equities,56.800488,22694300
2018-01-12,EWC,Canadian equities,25.247498,1762800
2018-01-12,GLD,Gold,126.959999,9258600
2018-01-12,SPY,US equities,243.987091,90816100
2018-01-16,AGG,US aggregate bonds,84.668297,6794400
2018-01-16,EEM,Emerging-market equities,40.861900,80418000
2018-01-16,EFA,Developed international equities,56.746410,24617800
2018-01-16,EWC,Canadian equities,25.348120,6620600
2018-01-16,GLD,Gold,127.169998,8083900
2018-01-16,SPY,US equities,243.153107,106555100
2018-01-17,AGG,US aggregate bonds,84.574883,3146300
2018-01-17,EEM,Emerging-market equities,41.400425,65863500
2018-01-17,EFA,Developed international equities,57.040058,21424400
2018-01-17,EWC,Canadian equities,25.406813,5869200
2018-01-17,GLD,Gold,126.139999,10130500
2018-01-17,SPY,US equities,245.470795,113258800
2018-01-18,AGG,US aggregate bonds,84.388077,2896500
2018-01-18,EEM,Emerging-market equities,41.450134,33947000
2018-01-18,EFA,Developed international equities,56.970512,19094600
2018-01-18,EWC,Canadian equities,25.348120,4103200
2018-01-18,GLD,Gold,125.860001,6289300
2018-01-18,SPY,US equities,245.058197,100728000
2018-01-19,AGG,US aggregate bonds,84.209023,2933800
2018-01-19,EEM,Emerging-market equities,41.789825,60503700
2018-01-19,EFA,Developed international equities,57.287346,19622600
2018-01-19,EWC,Canadian equities,25.272652,1572600
2018-01-19,GLD,Gold,126.419998,8773800
2018-01-19,SPY,US equities,246.173157,140920100
2018-01-22,AGG,US aggregate bonds,84.177872,3983200
2018-01-22,EEM,Emerging-market equities,42.030087,49191200
2018-01-22,EFA,Developed international equities,57.581020,14992500
2018-01-22,EWC,Canadian equities,25.373274,1801400
2018-01-22,GLD,Gold,126.650002,4893500
2018-01-22,SPY,US equities,248.174789,91322400
2018-01-23,AGG,US aggregate bonds,84.380272,4775600
2018-01-23,EEM,Emerging-market equities,42.228935,61277300
2018-01-23,EFA,Developed international equities,57.766499,15575400
2018-01-23,EWC,Canadian equities,25.431971,2904500
2018-01-23,GLD,Gold,127.279999,6190400
2018-01-23,SPY,US equities,248.701477,97084700
2018-01-24,AGG,US aggregate bonds,84.294624,2362300
2018-01-24,EEM,Emerging-market equities,42.585194,63963100
2018-01-24,EFA,Developed international equities,57.866966,24383800
2018-01-24,EWC,Canadian equities,25.507437,1890700
2018-01-24,GLD,Gold,128.830002,11827600
2018-01-24,SPY,US equities,248.604843,134816100
2018-01-25,AGG,US aggregate bonds,84.512589,9851600
2018-01-25,EEM,Emerging-market equities,42.560333,61533700
2018-01-25,EFA,Developed international equities,57.642849,23272500
2018-01-25,EWC,Canadian equities,25.322964,3777500
2018-01-25,GLD,Gold,127.970001,15219700
2018-01-25,SPY,US equities,248.710220,84587300
2018-01-26,AGG,US aggregate bonds,84.356888,3808000
2018-01-26,EEM,Emerging-market equities,43.148579,80566200
2018-01-26,EFA,Developed international equities,58.152889,19192600
2018-01-26,EWC,Canadian equities,25.423588,2698100
2018-01-26,GLD,Gold,128.070007,7828700
2018-01-26,SPY,US equities,251.589722,107743100
2018-01-29,AGG,US aggregate bonds,84.209023,3974900
2018-01-29,EEM,Emerging-market equities,42.494053,58884200
2018-01-29,EFA,Developed international equities,57.619656,26906700
2018-01-29,EWC,Canadian equities,25.188801,1936700
2018-01-29,GLD,Gold,127.349998,6956400
2018-01-29,SPY,US equities,249.921677,90118300
2018-01-30,AGG,US aggregate bonds,84.076706,3659500
2018-01-30,EEM,Emerging-market equities,41.914108,87601400
2018-01-30,EFA,Developed international equities,57.140522,113986300
2018-01-30,EWC,Canadian equities,25.029488,2811300
2018-01-30,GLD,Gold,126.800003,9736100
2018-01-30,SPY,US equities,247.358292,131796400
2018-01-31,AGG,US aggregate bonds,84.146721,8066500
2018-01-31,EEM,Emerging-market equities,42.278645,96654200
2018-01-31,EFA,Developed international equities,57.063248,38465500
2018-01-31,EWC,Canadian equities,25.054638,2980000
2018-01-31,GLD,Gold,127.650002,13418900
2018-01-31,SPY,US equities,247.481171,108364800
2018-02-01,AGG,US aggregate bonds,83.883026,9678700
2018-02-01,EEM,Emerging-market equities,41.706974,72143800
2018-02-01,EFA,Developed international equities,57.225536,30876200
2018-02-01,EWC,Canadian equities,24.970791,2884500
2018-02-01,GLD,Gold,128.070007,10854600
2018-02-01,SPY,US equities,247.200195,90102500
2018-02-02,AGG,US aggregate bonds,83.633369,4779300
2018-02-02,EEM,Emerging-market equities,40.638203,116832800
2018-02-02,EFA,Developed international equities,56.066334,36590600
2018-02-02,EWC,Canadian equities,24.283213,8993700
2018-02-02,GLD,Gold,126.389999,16789200
2018-02-02,SPY,US equities,241.818710,173174800
2018-02-05,AGG,US aggregate bonds,83.968842,5991700
2018-02-05,EEM,Emerging-market equities,39.213173,151202100
2018-02-05,EFA,Developed international equities,53.717049,78968000
2018-02-05,EWC,Canadian equities,23.604019,7210500
2018-02-05,GLD,Gold,126.709999,13596300
2018-02-05,SPY,US equities,231.705231,294681800
2018-02-06,AGG,US aggregate bonds,83.727028,6031400
2018-02-06,EEM,Emerging-market equities,40.489067,183650300
2018-02-06,EFA,Developed international equities,54.775772,84302300
2018-02-06,EWC,Canadian equities,23.704641,10299500
2018-02-06,GLD,Gold,125.379997,17672500
2018-02-06,SPY,US equities,236.270325,355026800
2018-02-07,AGG,US aggregate bonds,83.539742,4115600
2018-02-07,EEM,Emerging-market equities,39.213173,156301200
2018-02-07,EFA,Developed international equities,54.196175,44411300
2018-02-07,EWC,Canadian equities,23.528553,3778800
2018-02-07,GLD,Gold,124.790001,8558500
2018-02-07,SPY,US equities,234.988602,167376100
2018-02-08,AGG,US aggregate bonds,83.399345,4761600
2018-02-08,EEM,Emerging-market equities,37.854424,163250200
2018-02-08,EFA,Developed international equities,52.781963,59223600
2018-02-08,EWC,Canadian equities,22.991909,5596800
2018-02-08,GLD,Gold,124.980003,7343600
2018-02-08,SPY,US equities,226.174454,246449500
2018-02-09,AGG,US aggregate bonds,83.290085,5926100
2018-02-09,EEM,Emerging-market equities,38.459225,153419800
2018-02-09,EFA,Developed international equities,53.006065,67466800
2018-02-09,EWC,Canadian equities,23.033836,10877400
2018-02-09,GLD,Gold,124.769997,14140700
2018-02-09,SPY,US equities,229.571930,283565300
2018-02-12,AGG,US aggregate bonds,83.313553,5421400
2018-02-12,EEM,Emerging-market equities,39.064041,104447700
2018-02-12,EFA,Developed international equities,53.817497,37528600
2018-02-12,EWC,Canadian equities,23.318926,9810400
2018-02-12,GLD,Gold,125.370003,6984900
2018-02-12,SPY,US equities,232.943024,143736000
2018-02-13,AGG,US aggregate bonds,83.336945,4256200
2018-02-13,EEM,Emerging-market equities,39.362309,55739700
2018-02-13,EFA,Developed international equities,53.655220,20574300
2018-02-13,EWC,Canadian equities,23.335697,5994600
2018-02-13,GLD,Gold,126.080002,5321300
2018-02-13,SPY,US equities,233.522507,81223600
2018-02-14,AGG,US aggregate bonds,83.056084,4317000
2018-02-14,EEM,Emerging-market equities,40.348228,96491500
2018-02-14,EFA,Developed international equities,54.605751,31475400
2018-02-14,EWC,Canadian equities,23.662710,2780000
2018-02-14,GLD,Gold,128.229996,16416400
2018-02-14,SPY,US equities,236.674194,120735700
2018-02-15,AGG,US aggregate bonds,83.157494,2878900
2018-02-15,EEM,Emerging-market equities,41.176731,95168100
2018-02-15,EFA,Developed international equities,54.945778,31600600
2018-02-15,EWC,Canadian equities,23.813644,2313200
2018-02-15,GLD,Gold,128.380005,7276500
2018-02-15,SPY,US equities,239.694153,111200300
2018-02-16,AGG,US aggregate bonds,83.321335,3648900
2018-02-16,EEM,Emerging-market equities,41.044163,70876400
2018-02-16,EFA,Developed international equities,55.193081,23606400
2018-02-16,EWC,Canadian equities,23.704641,4849500
2018-02-16,GLD,Gold,127.959999,7956900
2018-02-16,SPY,US equities,239.764328,160420100
2018-02-20,AGG,US aggregate bonds,83.235535,2907400
2018-02-20,EEM,Emerging-market equities,40.480789,78660300
2018-02-20,EFA,Developed international equities,54.675304,25286900
2018-02-20,EWC,Canadian equities,23.578863,5163100
2018-02-20,GLD,Gold,126.239998,11148700
2018-02-20,SPY,US equities,238.263199,86369700
2018-02-21,AGG,US aggregate bonds,82.970253,3223800
2018-02-21,EEM,Emerging-market equities,40.447655,66591900
2018-02-21,EFA,Developed international equities,54.412556,30247700
2018-02-21,EWC,Canadian equities,23.612410,4276600
2018-02-21,GLD,Gold,125.660004,7908800
2018-02-21,SPY,US equities,237.077988,98883700
2018-02-22,AGG,US aggregate bonds,82.978058,2485400
2018-02-22,EEM,Emerging-market equities,40.472500,62436300
2018-02-22,EFA,Developed international equities,54.698490,20537000
2018-02-22,EWC,Canadian equities,23.562094,4802100
2018-02-22,GLD,Gold,126.300003,5346300
2018-02-22,SPY,US equities,237.385239,110511300
2018-02-23,AGG,US aggregate bonds,83.188705,2398100
2018-02-23,EEM,Emerging-market equities,41.193310,43623300
2018-02-23,EFA,Developed international equities,55.131260,30298500
2018-02-23,EWC,Canadian equities,23.863955,4535300
2018-02-23,GLD,Gold,126.139999,4239700
2018-02-23,SPY,US equities,241.169083,92766400
2018-02-26,AGG,US aggregate bonds,83.251099,4617300
2018-02-26,EEM,Emerging-market equities,41.574421,51742600
2018-02-26,EFA,Developed international equities,55.649036,21007200
2018-02-26,EWC,Canadian equities,23.981348,2685400
2018-02-26,GLD,Gold,126.449997,3194300
2018-02-26,SPY,US equities,243.969559,86491400
2018-02-27,AGG,US aggregate bonds,83.071693,5704700
2018-02-27,EEM,Emerging-market equities,40.364796,94671000
2018-02-27,EFA,Developed international equities,54.822144,22449300
2018-02-27,EWC,Canadian equities,23.754951,4312100
2018-02-27,GLD,Gold,125.129997,7082300
2018-02-27,SPY,US equities,240.923248,99099200
2018-02-28,AGG,US aggregate bonds,83.297920,9614100
2018-02-28,EEM,Emerging-market equities,39.784843,102169900
2018-02-28,EFA,Developed international equities,54.304367,31642500
2018-02-28,EWC,Canadian equities,23.302155,4597400
2018-02-28,GLD,Gold,125.000000,4534900
2018-02-28,SPY,US equities,238.482620,121907800
2018-03-01,AGG,US aggregate bonds,83.372208,7335500
2018-03-01,EEM,Emerging-market equities,39.710274,112694400
2018-03-01,EFA,Developed international equities,53.392464,51282100
2018-03-01,EWC,Canadian equities,23.151226,5383900
2018-03-01,GLD,Gold,124.720001,12910100
2018-03-01,SPY,US equities,235.014999,176855100
2018-03-02,AGG,US aggregate bonds,83.239250,3717300
2018-03-02,EEM,Emerging-market equities,39.875980,72756200
2018-03-02,EFA,Developed international equities,53.647480,35512000
2018-03-02,EWC,Canadian equities,23.042219,2848400
2018-03-02,GLD,Gold,125.389999,9994300
2018-03-02,SPY,US equities,236.226425,139083200
2018-03-05,AGG,US aggregate bonds,83.192398,3307200
2018-03-05,EEM,Emerging-market equities,39.933968,55905400
2018-03-05,EFA,Developed international equities,53.933418,18968500
2018-03-05,EWC,Canadian equities,23.109301,3271100
2018-03-05,GLD,Gold,125.180000,5778300
2018-03-05,SPY,US equities,238.956680,97307400
2018-03-06,AGG,US aggregate bonds,83.208015,1932100
2018-03-06,EEM,Emerging-market equities,40.306805,57199200
2018-03-06,EFA,Developed international equities,54.250267,20996900
2018-03-06,EWC,Canadian equities,23.260233,17124200
2018-03-06,GLD,Gold,126.529999,8676800
2018-03-06,SPY,US equities,239.562454,79213200
2018-03-07,AGG,US aggregate bonds,83.192398,3448700
2018-03-07,EEM,Emerging-market equities,40.348228,46554800
2018-03-07,EFA,Developed international equities,54.234814,14492500
2018-03-07,EWC,Canadian equities,23.167995,3597900
2018-03-07,GLD,Gold,125.720001,5158700
2018-03-07,SPY,US equities,239.474716,87063500
2018-03-08,AGG,US aggregate bonds,83.325317,2396200
2018-03-08,EEM,Emerging-market equities,40.356510,46733900
2018-03-08,EFA,Developed international equities,54.350735,14883300
2018-03-08,EWC,Canadian equities,23.260233,6043600
2018-03-08,GLD,Gold,125.419998,3474900
2018-03-08,SPY,US equities,240.633514,66901200
2018-03-09,AGG,US aggregate bonds,83.168938,3669400
2018-03-09,EEM,Emerging-market equities,41.218163,58818700
2018-03-09,EFA,Developed international equities,54.698490,17319800
2018-03-09,EWC,Canadian equities,23.495012,3319300
2018-03-09,GLD,Gold,125.540001,5066800
2018-03-09,SPY,US equities,244.821060,113625300
2018-03-12,AGG,US aggregate bonds,83.215836,4149500
2018-03-12,EEM,Emerging-market equities,41.317574,52944500
2018-03-12,EFA,Developed international equities,54.760319,12801300
2018-03-12,EWC,Canadian equities,23.478247,3189900
2018-03-12,GLD,Gold,125.540001,2884300
2018-03-12,SPY,US equities,244.513870,71924800
2018-03-13,AGG,US aggregate bonds,83.325317,2727500
2018-03-13,EEM,Emerging-market equities,40.944744,60376000
2018-03-13,EFA,Developed international equities,54.397114,19138100
2018-03-13,EWC,Canadian equities,23.285385,4934000
2018-03-13,GLD,Gold,125.779999,4798300
2018-03-13,SPY,US equities,242.933685,91968900
2018-03-14,AGG,US aggregate bonds,83.466011,3126400
2018-03-14,EEM,Emerging-market equities,41.011028,51067200
2018-03-14,EFA,Developed international equities,54.528484,13670800
2018-03-14,EWC,Canadian equities,23.360855,3564600
2018-03-14,GLD,Gold,125.699997,3777000
2018-03-14,SPY,US equities,241.686966,105895100
2018-03-15,AGG,US aggregate bonds,83.473816,3045500
2018-03-15,EEM,Emerging-market equities,40.861900,65778900
2018-03-15,EFA,Developed international equities,54.497562,21712300
2018-03-15,EWC,Canadian equities,23.235075,3095400
2018-03-15,GLD,Gold,124.900002,6130100
2018-03-15,SPY,US equities,241.423721,83433000
2018-03-16,AGG,US aggregate bonds,83.426918,2552700
2018-03-16,EEM,Emerging-market equities,40.770767,66155800
2018-03-16,EFA,Developed international equities,54.458923,16119900
2018-03-16,EWC,Canadian equities,23.201536,2379200
2018-03-16,GLD,Gold,124.599998,7402200
2018-03-16,SPY,US equities,241.685501,100343700
2018-03-19,AGG,US aggregate bonds,83.340912,2263200
2018-03-19,EEM,Emerging-market equities,40.331657,65394200
2018-03-19,EFA,Developed international equities,54.018433,24159700
2018-03-19,EWC,Canadian equities,23.058989,3464500
2018-03-19,GLD,Gold,124.870003,4335400
2018-03-19,SPY,US equities,238.415359,109208400
2018-03-20,AGG,US aggregate bonds,83.208015,3000700
2018-03-20,EEM,Emerging-market equities,40.779057,60101700
2018-03-20,EFA,Developed international equities,54.010700,20578800
2018-03-20,EWC,Canadian equities,23.142839,5868300
2018-03-20,GLD,Gold,124.309998,3399400
2018-03-20,SPY,US equities,238.820831,59757300
2018-03-21,AGG,US aggregate bonds,83.200195,2994400
2018-03-21,EEM,Emerging-market equities,41.019314,78575100
2018-03-21,EFA,Developed international equities,54.095711,17479200
2018-03-21,EWC,Canadian equities,23.495012,3167500
2018-03-21,GLD,Gold,126.480003,12532000
2018-03-21,SPY,US equities,238.362503,78709600
2018-03-22,AGG,US aggregate bonds,83.356560,3334400
2018-03-22,EEM,Emerging-market equities,39.652279,87622700
2018-03-22,EFA,Developed international equities,53.091084,42084300
2018-03-22,EWC,Canadian equities,23.025450,3503700
2018-03-22,GLD,Gold,125.980003,5298700
2018-03-22,SPY,US equities,232.404083,148785900
2018-03-23,AGG,US aggregate bonds,83.356560,3618700
2018-03-23,EEM,Emerging-market equities,38.848625,82908800
2018-03-23,EFA,Developed international equities,52.503754,44983200
2018-03-23,EWC,Canadian equities,22.799055,4612200
2018-03-23,GLD,Gold,127.610001,12025900
2018-03-23,SPY,US equities,227.450516,183534800
2018-03-26,AGG,US aggregate bonds,83.325317,4546500
2018-03-26,EEM,Emerging-market equities,40.107960,73320800
2018-03-26,EFA,Developed international equities,53.446575,31279000
2018-03-26,EWC,Canadian equities,22.958366,2819200
2018-03-26,GLD,Gold,128.279999,6169800
2018-03-26,SPY,US equities,233.673325,141956100
2018-03-27,AGG,US aggregate bonds,83.567665,4537700
2018-03-27,EEM,Emerging-market equities,39.378872,84232100
2018-03-27,EFA,Developed international equities,53.052437,36493900
2018-03-27,EWC,Canadian equities,22.790670,3175800
2018-03-27,GLD,Gold,127.489998,6180700
2018-03-27,SPY,US equities,229.698120,129941400
2018-03-28,AGG,US aggregate bonds,83.614555,5617200
2018-03-28,EEM,Emerging-market equities,39.180027,78140800
2018-03-28,EFA,Developed international equities,53.361549,35737600
2018-03-28,EWC,Canadian equities,22.706814,2593000
2018-03-28,GLD,Gold,125.730003,10254900
2018-03-28,SPY,US equities,229.019409,146452300
2018-03-29,AGG,US aggregate bonds,83.857002,8300000
2018-03-29,EEM,Emerging-market equities,40.000252,82685500
2018-03-29,EFA,Developed international equities,53.848415,34745000
2018-03-29,EWC,Canadian equities,23.109301,4286700
2018-03-29,GLD,Gold,125.790001,7102000
2018-03-29,SPY,US equities,231.945709,111601600
2018-04-02,AGG,US aggregate bonds,83.773140,7280300
2018-04-02,EEM,Emerging-market equities,39.279449,72405700
2018-04-02,EFA,Developed international equities,53.106533,52362500
2018-04-02,EWC,Canadian equities,22.782282,3360800
2018-04-02,GLD,Gold,127.260002,11421100
2018-04-02,SPY,US equities,226.939301,186286300
2018-04-03,AGG,US aggregate bonds,83.679115,9916100
2018-04-03,EEM,Emerging-market equities,39.668850,52874500
2018-04-03,EFA,Developed international equities,53.446575,30413600
2018-04-03,EWC,Canadian equities,22.924829,3611100
2018-04-03,GLD,Gold,126.300003,6083700
2018-04-03,SPY,US equities,229.848007,119956900
2018-04-04,AGG,US aggregate bonds,83.710442,6200900
2018-04-04,EEM,Emerging-market equities,39.685421,68352400
2018-04-04,EFA,Developed international equities,53.632027,26041500
2018-04-04,EWC,Canadian equities,23.000294,5117200
2018-04-04,GLD,Gold,126.449997,7488300
2018-04-04,SPY,US equities,232.307159,123715300
2018-04-05,AGG,US aggregate bonds,83.592941,2592500
2018-04-05,EEM,Emerging-market equities,39.784843,48247700
2018-04-05,EFA,Developed international equities,53.987518,22625800
2018-04-05,EWC,Canadian equities,23.310543,1767000
2018-04-05,GLD,Gold,125.800003,5333000
2018-04-05,SPY,US equities,234.140457,82652600
2018-04-06,AGG,US aggregate bonds,83.780983,2814800
2018-04-06,EEM,Emerging-market equities,39.006054,76156700
2018-04-06,EFA,Developed international equities,53.632027,24999600
2018-04-06,EWC,Canadian equities,23.058989,2515100
2018-04-06,GLD,Gold,126.389999,6121200
2018-04-06,SPY,US equities,228.922455,179521200
2018-04-09,AGG,US aggregate bonds,83.851494,3746500
2018-04-09,EEM,Emerging-market equities,39.047482,55352700
2018-04-09,EFA,Developed international equities,54.072529,18498700
2018-04-09,EWC,Canadian equities,23.218311,1783100
2018-04-09,GLD,Gold,126.820000,4189900
2018-04-09,SPY,US equities,230.050644,105442900
2018-04-10,AGG,US aggregate bonds,83.788841,2941900
2018-04-10,EEM,Emerging-market equities,39.809696,87142000
2018-04-10,EFA,Developed international equities,54.652122,19233800
2018-04-10,EWC,Canadian equities,23.453089,2861500
2018-04-10,GLD,Gold,127.120003,5268800
2018-04-10,SPY,US equities,233.708511,103529000
2018-04-11,AGG,US aggregate bonds,83.859352,8598800
2018-04-11,EEM,Emerging-market equities,39.826263,51569200
2018-04-11,EFA,Developed international equities,54.443466,21099100
2018-04-11,EWC,Canadian equities,23.486633,1721800
2018-04-11,GLD,Gold,128.110001,12348600
2018-04-11,SPY,US equities,232.483398,91140200
2018-04-12,AGG,US aggregate bonds,83.671234,3899000
2018-04-12,EEM,Emerging-market equities,39.809696,52968500
2018-04-12,EFA,Developed international equities,54.652122,18012500
2018-04-12,EWC,Canadian equities,23.486633,1809000
2018-04-12,GLD,Gold,126.620003,8141300
2018-04-12,SPY,US equities,234.396103,68890500
2018-04-13,AGG,US aggregate bonds,83.694778,2764800
2018-04-13,EEM,Emerging-market equities,39.412018,56518000
2018-04-13,EFA,Developed international equities,54.706219,14515400
2018-04-13,EWC,Canadian equities,23.436317,1523700
2018-04-13,GLD,Gold,127.449997,6821300
2018-04-13,SPY,US equities,233.708511,85079200
2018-04-16,AGG,US aggregate bonds,83.710442,3860800
2018-04-16,EEM,Emerging-market equities,39.461727,43005800
2018-04-16,EFA,Developed international equities,54.791229,15678300
2018-04-16,EWC,Canadian equities,23.536938,1298500
2018-04-16,GLD,Gold,127.629997,4600000
2018-04-16,SPY,US equities,235.630051,63405300
2018-04-17,AGG,US aggregate bonds,83.733940,2363000
2018-04-17,EEM,Emerging-market equities,39.544567,58168100
2018-04-17,EFA,Developed international equities,55.038525,17545600
2018-04-17,EWC,Canadian equities,23.679485,1351300
2018-04-17,GLD,Gold,127.750000,4184100
2018-04-17,SPY,US equities,238.150894,64682000
2018-04-18,AGG,US aggregate bonds,83.498863,2231700
2018-04-18,EEM,Emerging-market equities,39.884262,80289500
2018-04-18,EFA,Developed international equities,55.324451,17035100
2018-04-18,EWC,Canadian equities,23.796875,3529600
2018-04-18,GLD,Gold,127.849998,6755600
2018-04-18,SPY,US equities,238.327255,57303900
2018-04-19,AGG,US aggregate bonds,83.295074,10985100
2018-04-19,EEM,Emerging-market equities,39.652279,67581100
2018-04-19,EFA,Developed international equities,55.115791,20004000
2018-04-19,EWC,Canadian equities,23.612410,2270600
2018-04-19,GLD,Gold,127.599998,8736100
2018-04-19,SPY,US equities,237.005096,77655900
2018-04-20,AGG,US aggregate bonds,83.067825,2766000
2018-04-20,EEM,Emerging-market equities,39.155170,80997700
2018-04-20,EFA,Developed international equities,54.907143,27586500
2018-04-20,EWC,Canadian equities,23.511787,1265300
2018-04-20,GLD,Gold,126.629997,10403100
2018-04-20,SPY,US equities,234.995468,99953100
2018-04-23,AGG,US aggregate bonds,83.028641,2620800
2018-04-23,EEM,Emerging-market equities,38.840347,74337500
2018-04-23,EFA,Developed international equities,54.837589,17696000
2018-04-23,EWC,Canadian equities,23.427929,1277500
2018-04-23,GLD,Gold,125.620003,6921500
2018-04-23,SPY,US equities,234.960190,65558000
2018-04-24,AGG,US aggregate bonds,82.918945,3442300
2018-04-24,EEM,Emerging-market equities,38.658073,72196800
2018-04-24,EFA,Developed international equities,54.613483,22013400
2018-04-24,EWC,Canadian equities,23.377621,1678100
2018-04-24,GLD,Gold,126.230003,4733100
2018-04-24,SPY,US equities,231.795853,112885500
2018-04-25,AGG,US aggregate bonds,82.809235,3785000
2018-04-25,EEM,Emerging-market equities,38.359814,69106800
2018-04-25,EFA,Developed international equities,54.520760,18280700
2018-04-25,EWC,Canadian equities,23.394394,1602100
2018-04-25,GLD,Gold,125.410004,5985700
2018-04-25,SPY,US equities,232.368805,103840900
2018-04-26,AGG,US aggregate bonds,82.950279,4870300
2018-04-26,EEM,Emerging-market equities,38.914909,45047800
2018-04-26,EFA,Developed international equities,54.791229,23697700
2018-04-26,EWC,Canadian equities,23.553707,1586700
2018-04-26,GLD,Gold,124.970001,7517100
2018-04-26,SPY,US equities,234.731049,67731900
2018-04-27,AGG,US aggregate bonds,83.052155,3806400
2018-04-27,EEM,Emerging-market equities,39.155170,33545000
2018-04-27,EFA,Developed international equities,54.845322,15395400
2018-04-27,EWC,Canadian equities,23.654331,1815500
2018-04-27,GLD,Gold,125.500000,5654000
2018-04-27,SPY,US equities,234.951340,57053600
2018-04-30,AGG,US aggregate bonds,83.067825,4692600
2018-04-30,EEM,Emerging-market equities,38.873486,49179000
2018-04-30,EFA,Developed international equities,54.667576,21883700
2018-04-30,EWC,Canadian equities,23.587252,2151100
2018-04-30,GLD,Gold,124.589996,9830600
2018-04-30,SPY,US equities,233.144455,82182300
2018-05-01,AGG,US aggregate bonds,82.997139,3027000
2018-05-01,EEM,Emerging-market equities,38.682922,75839300
2018-05-01,EFA,Developed international equities,54.474377,17308000
2018-05-01,EWC,Canadian equities,23.587252,2898200
2018-05-01,GLD,Gold,123.709999,7551600
2018-05-01,SPY,US equities,233.558762,74203400
2018-05-02,AGG,US aggregate bonds,82.997139,2560800
2018-05-02,EEM,Emerging-market equities,38.376381,66837900
2018-05-02,EFA,Developed international equities,54.451187,16409400
2018-05-02,EWC,Canadian equities,23.553707,3095600
2018-05-02,GLD,Gold,123.650002,7614000
2018-05-02,SPY,US equities,231.989807,86368900
2018-05-03,AGG,US aggregate bonds,83.091377,4499200
2018-05-03,EEM,Emerging-market equities,38.293533,83449200
2018-05-03,EFA,Developed international equities,54.621208,19854600
2018-05-03,EWC,Canadian equities,23.570482,5533000
2018-05-03,GLD,Gold,124.279999,4857400
2018-05-03,SPY,US equities,231.478607,136311500
2018-05-04,AGG,US aggregate bonds,83.146378,2317100
2018-05-04,EEM,Emerging-market equities,38.467510,60099100
2018-05-04,EFA,Developed international equities,54.814407,17022600
2018-05-04,EWC,Canadian equities,23.738186,3362800
2018-05-04,GLD,Gold,124.540001,5883600
2018-05-04,SPY,US equities,234.475403,91222100
2018-05-07,AGG,US aggregate bonds,83.107086,1533400
2018-05-07,EEM,Emerging-market equities,38.243820,58886100
2018-05-07,EFA,Developed international equities,54.822144,8172600
2018-05-07,EWC,Canadian equities,23.805258,3645200
2018-05-07,GLD,Gold,124.570000,3397500
2018-05-07,SPY,US equities,235.268646,55304900
2018-05-08,AGG,US aggregate bonds,83.012863,2591700
2018-05-08,EEM,Emerging-market equities,38.459225,58783600
2018-05-08,EFA,Developed international equities,54.829861,12400300
2018-05-08,EWC,Canadian equities,23.780107,3076900
2018-05-08,GLD,Gold,124.589996,5551100
2018-05-08,SPY,US equities,235.268646,67499200
2018-05-09,AGG,US aggregate bonds,82.918625,2507500
2018-05-09,EEM,Emerging-market equities,38.533802,46129500
2018-05-09,EFA,Developed international equities,54.961239,15414000
2018-05-09,EWC,Canadian equities,24.031662,3904100
2018-05-09,GLD,Gold,124.330002,4405600
2018-05-09,SPY,US equities,237.542725,59666100
2018-05-10,AGG,US aggregate bonds,83.107086,2096700
2018-05-10,EEM,Emerging-market equities,39.337448,115804000
2018-05-10,EFA,Developed international equities,55.316730,18107500
2018-05-10,EWC,Canadian equities,24.350296,4097700
2018-05-10,GLD,Gold,125.180000,5218400
2018-05-10,SPY,US equities,239.763901,72063900
2018-05-11,AGG,US aggregate bonds,83.146378,2034100
2018-05-11,EEM,Emerging-market equities,39.271172,68838600
2018-05-11,EFA,Developed international equities,55.463551,19083700
2018-05-11,EWC,Canadian equities,24.333519,2620900
2018-05-11,GLD,Gold,125.000000,4299200
2018-05-11,SPY,US equities,240.495514,59871500
2018-05-14,AGG,US aggregate bonds,83.067833,2183500
2018-05-14,EEM,Emerging-market equities,39.320873,34353300
2018-05-14,EFA,Developed international equities,55.564014,17790300
2018-05-14,EWC,Canadian equities,24.467684,3394600
2018-05-14,GLD,Gold,124.489998,3753200
2018-05-14,SPY,US equities,240.610092,54790600
2018-05-15,AGG,US aggregate bonds,82.698647,2166400
2018-05-15,EEM,Emerging-market equities,38.508942,78379300
2018-05-15,EFA,Developed international equities,55.162167,18330100
2018-05-15,EWC,Canadian equities,24.383831,2475900
2018-05-15,GLD,Gold,122.480003,10911900
2018-05-15,SPY,US equities,238.953064,87036100
2018-05-16,AGG,US aggregate bonds,82.604439,2477500
2018-05-16,EEM,Emerging-market equities,39.088890,60004200
2018-05-16,EFA,Developed international equities,55.239441,13758300
2018-05-16,EWC,Canadian equities,24.509611,2505400
2018-05-16,GLD,Gold,122.290001,4943300
2018-05-16,SPY,US equities,239.957794,53942600
2018-05-17,AGG,US aggregate bonds,82.494438,2789000
2018-05-17,EEM,Emerging-market equities,38.492367,73014000
2018-05-17,EFA,Developed international equities,55.324451,16191300
2018-05-17,EWC,Canadian equities,24.585075,2998300
2018-05-17,GLD,Gold,122.360001,7781300
2018-05-17,SPY,US equities,239.755112,56536400
2018-05-18,AGG,US aggregate bonds,82.706535,2151100
2018-05-18,EEM,Emerging-market equities,38.169250,59258700
2018-05-18,EFA,Developed international equities,55.123528,21815600
2018-05-18,EWC,Canadian equities,24.434139,2012900
2018-05-18,GLD,Gold,122.410004,6837100
2018-05-18,SPY,US equities,239.155731,64368000
2018-05-21,AGG,US aggregate bonds,82.714363,1952200
2018-05-21,EEM,Emerging-market equities,38.401241,59330200
2018-05-21,EFA,Developed international equities,55.471291,13441700
2018-05-21,EWC,Canadian equities,24.660543,1643500
2018-05-21,GLD,Gold,122.480003,4126700
2018-05-21,SPY,US equities,240.953827,58025900
2018-05-22,AGG,US aggregate bonds,82.714363,2246400
2018-05-22,EEM,Emerging-market equities,38.533802,32584700
2018-05-22,EFA,Developed international equities,55.401733,12897900
2018-05-22,EWC,Canadian equities,24.534765,3938600
2018-05-22,GLD,Gold,122.410004,4579600
2018-05-22,SPY,US equities,240.283966,52966400
2018-05-23,AGG,US aggregate bonds,82.942169,6061900
2018-05-23,EEM,Emerging-market equities,38.517235,70687800
2018-05-23,EFA,Developed international equities,54.791229,23332600
2018-05-23,EWC,Canadian equities,24.459301,2046200
2018-05-23,GLD,Gold,122.540001,7007300
2018-05-23,SPY,US equities,240.945068,64694200
2018-05-24,AGG,US aggregate bonds,83.169930,2903300
2018-05-24,EEM,Emerging-market equities,38.310104,79762900
2018-05-24,EFA,Developed international equities,54.621208,21542400
2018-05-24,EWC,Canadian equities,24.291597,1880800
2018-05-24,GLD,Gold,123.589996,8850100
2018-05-24,SPY,US equities,240.451416,76043800
2018-05-25,AGG,US aggregate bonds,83.350594,2508100
2018-05-25,EEM,Emerging-market equities,38.467510,39374500
2018-05-25,EFA,Developed international equities,54.265720,17225600
2018-05-25,EWC,Canadian equities,24.115509,1164100
2018-05-25,GLD,Gold,123.209999,7920700
2018-05-25,SPY,US equities,239.878448,56374800
2018-05-29,AGG,US aggregate bonds,83.900383,3494200
2018-05-29,EEM,Emerging-market equities,37.572723,112089900
2018-05-29,EFA,Developed international equities,53.160629,57008900
2018-05-29,EWC,Canadian equities,23.754951,3924900
2018-05-29,GLD,Gold,123.190002,9013200
2018-05-29,SPY,US equities,237.119659,115908600
2018-05-30,AGG,US aggregate bonds,83.688309,3158200
2018-05-30,EEM,Emerging-market equities,37.870995,72813800
2018-05-30,EFA,Developed international equities,53.972057,25531900
2018-05-30,EWC,Canadian equities,24.207748,5476800
2018-05-30,GLD,Gold,123.370003,4573700
2018-05-30,SPY,US equities,240.283966,69678400
2018-05-31,AGG,US aggregate bonds,83.617661,5157400
2018-05-31,EEM,Emerging-market equities,37.854424,92066200
2018-05-31,EFA,Developed international equities,53.632027,47992800
2018-05-31,EWC,Canadian equities,24.098738,4275500
2018-05-31,GLD,Gold,123.099998,7862500
2018-05-31,SPY,US equities,238.811981,93519900
2018-06-01,AGG,US aggregate bonds,83.514549,6206800
2018-06-01,EEM,Emerging-market equities,38.384659,66762200
2018-06-01,EFA,Developed international equities,54.095711,39232600
2018-06-01,EWC,Canadian equities,24.065199,2511300
2018-06-01,GLD,Gold,122.489998,8059100
2018-06-01,SPY,US equities,241.156586,71258400
2018-06-04,AGG,US aggregate bonds,83.317696,4288100
2018-06-04,EEM,Emerging-market equities,38.774063,36302900
2018-06-04,EFA,Developed international equities,54.257992,18561900
2018-06-04,EWC,Canadian equities,23.629177,3257000
2018-06-04,GLD,Gold,122.370003,4345400
2018-06-04,SPY,US equities,242.302414,45385200
2018-06-05,AGG,US aggregate bonds,83.380699,1848300
2018-06-05,EEM,Emerging-market equities,38.475803,40092200
2018-06-05,EFA,Developed international equities,54.172985,16641000
2018-06-05,EWC,Canadian equities,24.149050,2930800
2018-06-05,GLD,Gold,122.849998,6864200
2018-06-05,SPY,US equities,242.478729,51135000
2018-06-06,AGG,US aggregate bonds,83.191704,2705800
2018-06-06,EEM,Emerging-market equities,39.055752,46801500
2018-06-06,EFA,Developed international equities,54.659855,25445400
2018-06-06,EWC,Canadian equities,24.266447,4162800
2018-06-06,GLD,Gold,122.919998,4083700
2018-06-06,SPY,US equities,244.506012,62732200
2018-06-07,AGG,US aggregate bonds,83.372810,2724800
2018-06-07,EEM,Emerging-market equities,38.459225,89752500
2018-06-07,EFA,Developed international equities,54.350735,25977000
2018-06-07,EWC,Canadian equities,24.249670,2015300
2018-06-07,GLD,Gold,122.860001,3700700
2018-06-07,SPY,US equities,244.479523,72969400
2018-06-08,AGG,US aggregate bonds,83.254707,3416800
2018-06-08,EEM,Emerging-market equities,38.384659,73944700
2018-06-08,EFA,Developed international equities,54.412556,23206300
2018-06-08,EWC,Canadian equities,24.358673,1794000
2018-06-08,GLD,Gold,123.010002,3865700
2018-06-08,SPY,US equities,245.202362,72139700
2018-06-11,AGG,US aggregate bonds,83.168091,4330800
2018-06-11,EEM,Emerging-market equities,38.384659,38323500
2018-06-11,EFA,Developed international equities,54.760319,26145100
2018-06-11,EWC,Canadian equities,24.350296,1838100
2018-06-11,GLD,Gold,123.230003,3201200
2018-06-11,SPY,US equities,245.528442,58892500
2018-06-12,AGG,US aggregate bonds,83.191704,3546500
2018-06-12,EEM,Emerging-market equities,38.285244,57189800
2018-06-12,EFA,Developed international equities,54.412556,22706300
2018-06-12,EWC,Canadian equities,24.325138,1948600
2018-06-12,GLD,Gold,122.820000,7279600
2018-06-12,SPY,US equities,245.845810,72329000
2018-06-13,AGG,US aggregate bonds,83.112991,3627200
2018-06-13,EEM,Emerging-market equities,38.028408,100698800
2018-06-13,EFA,Developed international equities,54.489834,20486700
2018-06-13,EWC,Canadian equities,24.358673,1271200
2018-06-13,GLD,Gold,123.190002,5867700
2018-06-13,SPY,US equities,245.061310,79070600
2018-06-14,AGG,US aggregate bonds,83.325562,4689600
2018-06-14,EEM,Emerging-market equities,37.771572,76094800
2018-06-14,EFA,Developed international equities,54.373909,24099000
2018-06-14,EWC,Canadian equities,24.291597,1540200
2018-06-14,GLD,Gold,123.379997,8015400
2018-06-14,SPY,US equities,245.678223,77097600
2018-06-15,AGG,US aggregate bonds,83.357079,2361800
2018-06-15,EEM,Emerging-market equities,37.473309,86066000
2018-06-15,EFA,Developed international equities,54.095711,31433500
2018-06-15,EWC,Canadian equities,24.065199,1617100
2018-06-15,GLD,Gold,121.339996,14537000
2018-06-15,SPY,US equities,245.364822,120041600
2018-06-18,AGG,US aggregate bonds,83.372810,2359300
2018-06-18,EEM,Emerging-market equities,37.017632,83532600
2018-06-18,EFA,Developed international equities,53.709309,30778500
2018-06-18,EWC,Canadian equities,24.165821,1828000
2018-06-18,GLD,Gold,121.110001,3846000
2018-06-18,SPY,US equities,244.860184,52917600
2018-06-19,AGG,US aggregate bonds,83.459381,2184200
2018-06-19,EEM,Emerging-market equities,36.609013,122657600
2018-06-19,EFA,Developed international equities,53.215931,30397600
2018-06-19,EWC,Canadian equities,23.881876,2187900
2018-06-19,GLD,Gold,120.800003,4925800
2018-06-19,SPY,US equities,243.921707,97531500
2018-06-20,AGG,US aggregate bonds,83.301926,2403700
2018-06-20,EEM,Emerging-market equities,36.767460,69822800
2018-06-20,EFA,Developed international equities,53.255344,38687300
2018-06-20,EWC,Canadian equities,24.017092,2041100
2018-06-20,GLD,Gold,120.260002,4548500
2018-06-20,SPY,US equities,244.337845,53785500
2018-06-21,AGG,US aggregate bonds,83.325562,2895500
2018-06-21,EEM,Emerging-market equities,36.250431,86214100
2018-06-21,EFA,Developed international equities,52.877018,23793400
2018-06-21,EWC,Canadian equities,23.864973,2134100
2018-06-21,GLD,Gold,120.050003,5681900
2018-06-21,SPY,US equities,242.806122,71061400
2018-06-22,AGG,US aggregate bonds,83.404274,1846000
2018-06-22,EEM,Emerging-market equities,36.625690,48711000
2018-06-22,EFA,Developed international equities,53.436619,26146100
2018-06-22,EWC,Canadian equities,24.093145,1745100
2018-06-22,GLD,Gold,120.339996,4489400
2018-06-22,SPY,US equities,243.248795,54898500
2018-06-25,AGG,US aggregate bonds,83.357079,5522900
2018-06-25,EEM,Emerging-market equities,36.133682,110854500
2018-06-25,EFA,Developed international equities,52.695744,39388300
2018-06-25,EWC,Canadian equities,23.645252,2125400
2018-06-25,GLD,Gold,119.889999,9300200
2018-06-25,SPY,US equities,239.937469,137854200
2018-06-26,AGG,US aggregate bonds,83.490875,2665200
2018-06-26,EEM,Emerging-market equities,35.991917,69228700
2018-06-26,EFA,Developed international equities,52.790329,23117500
2018-06-26,EWC,Canadian equities,23.822720,2407500
2018-06-26,GLD,Gold,119.260002,8674500
2018-06-26,SPY,US equities,240.468658,68547400
2018-06-27,AGG,US aggregate bonds,83.640465,3001300
2018-06-27,EEM,Emerging-market equities,35.299767,95340400
2018-06-27,EFA,Developed international equities,52.293789,29616800
2018-06-27,EWC,Canadian equities,23.628353,5578700
2018-06-27,GLD,Gold,118.580002,6480100
2018-06-27,SPY,US equities,238.476593,105110700
2018-06-28,AGG,US aggregate bonds,83.632599,1798900
2018-06-28,EEM,Emerging-market equities,35.599972,105345300
2018-06-28,EFA,Developed international equities,52.490833,21384800
2018-06-28,EWC,Canadian equities,23.763563,1745900
2018-06-28,GLD,Gold,118.220001,7760500
2018-06-28,SPY,US equities,239.840118,76650500
2018-06-29,AGG,US aggregate bonds,83.703445,7117300
2018-06-29,EEM,Emerging-market equities,36.133682,108877000
2018-06-29,EFA,Developed international equities,52.782448,32031400
2018-06-29,EWC,Canadian equities,24.093145,2690300
2018-06-29,GLD,Gold,118.650002,8002800
2018-06-29,SPY,US equities,240.185410,97592500
2018-07-02,AGG,US aggregate bonds,83.623734,7159900
2018-07-02,EEM,Emerging-market equities,35.775101,78848700
2018-07-02,EFA,Developed international equities,52.301678,39167900
2018-07-02,EWC,Canadian equities,23.966383,3244100
2018-07-02,GLD,Gold,117.459999,12021900
2018-07-02,SPY,US equities,240.698990,63554800
2018-07-03,AGG,US aggregate bonds,83.797325,2425100
2018-07-03,EEM,Emerging-market equities,35.800114,28637200
2018-07-03,EFA,Developed international equities,52.459305,14919900
2018-07-03,EWC,Canadian equities,24.033991,1417800
2018-07-03,GLD,Gold,118.650002,8901000
2018-07-03,SPY,US equities,239.848938,42187100
2018-07-05,AGG,US aggregate bonds,83.876266,2739900
2018-07-05,EEM,Emerging-market equities,35.708378,67394400
2018-07-05,EFA,Developed international equities,52.979492,18593200
2018-07-05,EWC,Canadian equities,24.093145,2415200
2018-07-05,GLD,Gold,119.050003,4951900
2018-07-05,SPY,US equities,241.805588,56925900
2018-07-06,AGG,US aggregate bonds,83.963036,2598700
2018-07-06,EEM,Emerging-market equities,36.200390,69933900
2018-07-06,EFA,Developed international equities,53.263218,16641600
2018-07-06,EWC,Canadian equities,24.321318,1637400
2018-07-06,GLD,Gold,118.860001,2946900
2018-07-06,SPY,US equities,243.850830,66493700
2018-07-09,AGG,US aggregate bonds,83.884094,1926000
2018-07-09,EEM,Emerging-market equities,36.850849,80552700
2018-07-09,EFA,Developed international equities,53.775520,20682100
2018-07-09,EWC,Canadian equities,24.448078,1321400
2018-07-09,GLD,Gold,119.150002,4074900
2018-07-09,SPY,US equities,246.046600,50550400
2018-07-10,AGG,US aggregate bonds,83.821022,2489700
2018-07-10,EEM,Emerging-market equities,36.767460,63808300
2018-07-10,EFA,Developed international equities,53.751862,18981400
2018-07-10,EWC,Canadian equities,24.608644,2387700
2018-07-10,GLD,Gold,118.930000,3754800
2018-07-10,SPY,US equities,246.931900,51966800
2018-07-11,AGG,US aggregate bonds,83.852554,5385000
2018-07-11,EEM,Emerging-market equities,36.050282,58679200
2018-07-11,EFA,Developed international equities,52.853382,30172400
2018-07-11,EWC,Canadian equities,24.270613,5139300
2018-07-11,GLD,Gold,117.639999,6974500
2018-07-11,SPY,US equities,245.125717,77054700
2018-07-12,AGG,US aggregate bonds,83.955132,2145800
2018-07-12,EEM,Emerging-market equities,36.542297,53833300
2018-07-12,EFA,Developed international equities,53.263218,18810600
2018-07-12,EWC,Canadian equities,24.557936,1413500
2018-07-12,GLD,Gold,118.129997,4585300
2018-07-12,SPY,US equities,247.348068,60124700
2018-07-13,AGG,US aggregate bonds,84.034035,2126900
2018-07-13,EEM,Emerging-market equities,36.567318,40515300
2018-07-13,EFA,Developed international equities,53.428734,17206900
2018-07-13,EWC,Canadian equities,24.566385,1386700
2018-07-13,GLD,Gold,117.610001,5444300
2018-07-13,SPY,US equities,247.542831,48216000
2018-07-16,AGG,US aggregate bonds,83.939339,2116500
2018-07-16,EEM,Emerging-market equities,36.367176,31717300
2018-07-16,EFA,Developed international equities,53.405087,15422200
2018-07-16,EWC,Canadian equities,24.498781,1398500
2018-07-16,GLD,Gold,117.550003,3670700
2018-07-16,SPY,US equities,247.321518,48201000
2018-07-17,AGG,US aggregate bonds,83.907806,2964100
2018-07-17,EEM,Emerging-market equities,36.634029,46911500
2018-07-17,EFA,Developed international equities,53.499657,16965000
2018-07-17,EWC,Canadian equities,24.448078,2451000
2018-07-17,GLD,Gold,116.279999,7939600
2018-07-17,SPY,US equities,248.321930,52315500
2018-07-18,AGG,US aggregate bonds,83.884094,1760900
2018-07-18,EEM,Emerging-market equities,36.592331,41182100
2018-07-18,EFA,Developed international equities,53.507542,13712400
2018-07-18,EWC,Canadian equities,24.405823,1153800
2018-07-18,GLD,Gold,116.309998,5391800
2018-07-18,SPY,US equities,248.844360,44593500
2018-07-19,AGG,US aggregate bonds,84.010361,2163200
2018-07-19,EEM,Emerging-market equities,36.142010,72549300
2018-07-19,EFA,Developed international equities,53.397209,26316500
2018-07-19,EWC,Canadian equities,24.363567,2441200
2018-07-19,GLD,Gold,115.809998,14227600
2018-07-19,SPY,US equities,247.905869,61412100
2018-07-20,AGG,US aggregate bonds,83.844711,2920200
2018-07-20,EEM,Emerging-market equities,36.659054,75114300
2018-07-20,EFA,Developed international equities,53.649414,28610200
2018-07-20,EWC,Canadian equities,24.422726,1496000
2018-07-20,GLD,Gold,116.559998,7892000
2018-07-20,SPY,US equities,247.622574,82337700
2018-07-23,AGG,US aggregate bonds,83.552757,1848500
2018-07-23,EEM,Emerging-market equities,36.417206,57679100
2018-07-23,EFA,Developed international equities,53.649414,10192900
2018-07-23,EWC,Canadian equities,24.321318,1248300
2018-07-23,GLD,Gold,116.000000,6247100
2018-07-23,SPY,US equities,248.083008,47047600
2018-07-24,AGG,US aggregate bonds,83.671127,3590200
2018-07-24,EEM,Emerging-market equities,36.950916,66639400
2018-07-24,EFA,Developed international equities,53.964668,17645500
2018-07-24,EWC,Canadian equities,24.388926,1734300
2018-07-24,GLD,Gold,116.040001,4801000
2018-07-24,SPY,US equities,249.331329,68026900
2018-07-25,AGG,US aggregate bonds,83.679001,3318300
2018-07-25,EEM,Emerging-market equities,37.551331,77820500
2018-07-25,EFA,Developed international equities,54.366623,29698900
2018-07-25,EWC,Canadian equities,24.608644,2523000
2018-07-25,GLD,Gold,116.680000,5479600
2018-07-25,SPY,US equities,251.456268,78882900
2018-07-26,AGG,US aggregate bonds,83.631668,2245000
2018-07-26,EEM,Emerging-market equities,37.134373,68705800
2018-07-26,EFA,Developed international equities,54.122311,23009400
2018-07-26,EWC,Canadian equities,24.617092,2593300
2018-07-26,GLD,Gold,115.769997,6382700
2018-07-26,SPY,US equities,250.863068,57919500
2018-07-27,AGG,US aggregate bonds,83.694801,2637400
2018-07-27,EEM,Emerging-market equities,37.267803,63743400
2018-07-27,EFA,Developed international equities,54.224762,28911800
2018-07-27,EWC,Canadian equities,24.541040,1807900
2018-07-27,GLD,Gold,115.830002,5242000
2018-07-27,SPY,US equities,249.163116,76768700
2018-07-30,AGG,US aggregate bonds,83.607979,5518200
2018-07-30,EEM,Emerging-market equities,37.209435,41541400
2018-07-30,EFA,Developed international equities,54.216888,17630300
2018-07-30,EWC,Canadian equities,24.566385,2104400
2018-07-30,GLD,Gold,115.650002,4157400
2018-07-30,SPY,US equities,247.861618,63742500
2018-07-31,AGG,US aggregate bonds,83.679001,5928100
2018-07-31,EEM,Emerging-market equities,37.409576,88217500
2018-07-31,EFA,Developed international equities,54.287811,25087500
2018-07-31,EWC,Canadian equities,24.684700,5163200
2018-07-31,GLD,Gold,115.989998,5508500
2018-07-31,SPY,US equities,249.083374,68570500
2018-08-01,AGG,US aggregate bonds,83.592796,4534100
2018-08-01,EEM,Emerging-market equities,37.076004,61755000
2018-08-01,EFA,Developed international equities,54.011955,25402700
2018-08-01,EWC,Canadian equities,24.600193,2272900
2018-08-01,GLD,Gold,115.139999,7941700
2018-08-01,SPY,US equities,248.667252,53853300
2018-08-02,AGG,US aggregate bonds,83.624420,3671900
2018-08-02,EEM,Emerging-market equities,36.583988,68678600
2018-08-02,EFA,Developed international equities,53.657303,24343200
2018-08-02,EWC,Canadian equities,24.676250,1200800
2018-08-02,GLD,Gold,114.519997,6204200
2018-08-02,SPY,US equities,250.021881,63426400
2018-08-03,AGG,US aggregate bonds,83.806305,2542900
2018-08-03,EEM,Emerging-market equities,36.867523,41043800
2018-08-03,EFA,Developed international equities,53.688820,14176200
2018-08-03,EWC,Canadian equities,24.710052,2442500
2018-08-03,GLD,Gold,114.919998,5953200
2018-08-03,SPY,US equities,251.093292,53935400
2018-08-06,AGG,US aggregate bonds,83.861687,4120000
2018-08-06,EEM,Emerging-market equities,36.583988,33153800
2018-08-06,EFA,Developed international equities,53.460258,12077900
2018-08-06,EWC,Canadian equities,24.794559,1254800
2018-08-06,GLD,Gold,114.330002,5811600
2018-08-06,SPY,US equities,252.013992,39400900
2018-08-07,AGG,US aggregate bonds,83.711395,2532800
2018-08-07,EEM,Emerging-market equities,36.959259,38719500
2018-08-07,EFA,Developed international equities,53.877972,17495500
2018-08-07,EWC,Canadian equities,24.388926,2262200
2018-08-07,GLD,Gold,114.589996,5188000
2018-08-07,SPY,US equities,252.846207,43196600
2018-08-08,AGG,US aggregate bonds,83.711395,1937500
2018-08-08,EEM,Emerging-market equities,36.909222,30610200
2018-08-08,EFA,Developed international equities,53.830696,13812800
2018-08-08,EWC,Canadian equities,24.490330,2427100
2018-08-08,GLD,Gold,114.910004,3808000
2018-08-08,SPY,US equities,252.740051,42114600
2018-08-09,AGG,US aggregate bonds,83.830078,2386400
2018-08-09,EEM,Emerging-market equities,36.800812,35013900
2018-08-09,EFA,Developed international equities,53.673050,11964700
2018-08-09,EWC,Canadian equities,24.608644,1927900
2018-08-09,GLD,Gold,114.739998,4253000
2018-08-09,SPY,US equities,252.394684,35717000
2018-08-10,AGG,US aggregate bonds,84.011940,4136300
2018-08-10,EEM,Emerging-market equities,36.016926,86629900
2018-08-10,EFA,Developed international equities,52.601170,28624600
2018-08-10,EWC,Canadian equities,24.321318,1664200
2018-08-10,GLD,Gold,114.690002,6757900
2018-08-10,SPY,US equities,250.703613,77076000
2018-08-13,AGG,US aggregate bonds,84.059395,2786300
2018-08-13,EEM,Emerging-market equities,35.424854,75183500
2018-08-13,EFA,Developed international equities,52.412018,24817700
2018-08-13,EWC,Canadian equities,24.236807,3539900
2018-08-13,GLD,Gold,112.959999,9150900
2018-08-13,SPY,US equities,249.765152,65732900
2018-08-14,AGG,US aggregate bonds,83.980301,6087400
2018-08-14,EEM,Emerging-market equities,35.641666,56724600
2018-08-14,EFA,Developed international equities,52.404125,22596700
2018-08-14,EWC,Canadian equities,24.490330,5481400
2018-08-14,GLD,Gold,113.070000,7085900
2018-08-14,SPY,US equities,251.358871,43842000
2018-08-15,AGG,US aggregate bonds,84.098953,4652700
2018-08-15,EEM,Emerging-market equities,34.615932,138633600
2018-08-15,EFA,Developed international equities,51.647507,41602700
2018-08-15,EWC,Canadian equities,24.050890,5187700
2018-08-15,GLD,Gold,111.190002,12398400
2018-08-15,SPY,US equities,249.481796,102925400
2018-08-16,AGG,US aggregate bonds,84.146400,2658200
2018-08-16,EEM,Emerging-market equities,34.832764,78123900
2018-08-16,EFA,Developed international equities,52.010063,23297100
2018-08-16,EWC,Canadian equities,24.143850,4190400
2018-08-16,GLD,Gold,111.099998,7484600
2018-08-16,SPY,US equities,251.500473,69967900
2018-08-17,AGG,US aggregate bonds,84.193855,2071100
2018-08-17,EEM,Emerging-market equities,35.199684,76030400
2018-08-17,EFA,Developed international equities,52.317440,25722900
2018-08-17,EWC,Canadian equities,24.464975,2309000
2018-08-17,GLD,Gold,112.129997,8471000
2018-08-17,SPY,US equities,252.385864,65618500
2018-08-20,AGG,US aggregate bonds,84.359917,2355500
2018-08-20,EEM,Emerging-market equities,35.358139,50762900
2018-08-20,EFA,Developed international equities,52.601170,16229300
2018-08-20,EWC,Canadian equities,24.464975,1463300
2018-08-20,GLD,Gold,112.690002,5313400
2018-08-20,SPY,US equities,252.925949,39807500
2018-08-21,AGG,US aggregate bonds,84.288704,2835000
2018-08-21,EEM,Emerging-market equities,35.808449,70462300
2018-08-21,EFA,Developed international equities,52.924313,15670100
2018-08-21,EWC,Canadian equities,24.405823,1341300
2018-08-21,GLD,Gold,113.019997,5042400
2018-08-21,SPY,US equities,253.519028,67272000
2018-08-22,AGG,US aggregate bonds,84.359917,2190000
2018-08-22,EEM,Emerging-market equities,36.091976,45602900
2018-08-22,EFA,Developed international equities,53.129230,13217500
2018-08-22,EWC,Canadian equities,24.583292,1538900
2018-08-22,GLD,Gold,113.269997,6215600
2018-08-22,SPY,US equities,253.368591,44993300
2018-08-23,AGG,US aggregate bonds,84.312462,1568600
2018-08-23,EEM,Emerging-market equities,35.508232,68878400
2018-08-23,EFA,Developed international equities,52.750919,22030700
2018-08-23,EWC,Canadian equities,24.372019,950200
2018-08-23,GLD,Gold,112.199997,5500100
2018-08-23,SPY,US equities,253.032181,49204900
2018-08-24,AGG,US aggregate bonds,84.407394,3649700
2018-08-24,EEM,Emerging-market equities,36.167034,69304200
2018-08-24,EFA,Developed international equities,53.058296,21816600
2018-08-24,EWC,Canadian equities,24.498781,1186000
2018-08-24,GLD,Gold,114.160004,9214700
2018-08-24,SPY,US equities,254.555099,57487400
2018-08-27,AGG,US aggregate bonds,84.296654,3233500
2018-08-27,EEM,Emerging-market equities,36.684067,96574800
2018-08-27,EFA,Developed international equities,53.767635,24820300
2018-08-27,EWC,Canadian equities,24.777657,2778000
2018-08-27,GLD,Gold,114.589996,4364000
2018-08-27,SPY,US equities,256.564819,57072400
2018-08-28,AGG,US aggregate bonds,84.138474,2558100
2018-08-28,EEM,Emerging-market equities,36.550636,50093400
2018-08-28,EFA,Developed international equities,53.720348,19866800
2018-08-28,EWC,Canadian equities,24.693150,2488600
2018-08-28,GLD,Gold,113.680000,6101400
2018-08-28,SPY,US equities,256.688782,46943500
2018-08-29,AGG,US aggregate bonds,84.122673,2792400
2018-08-29,EEM,Emerging-market equities,36.775799,58165600
2018-08-29,EFA,Developed international equities,54.011955,18107700
2018-08-29,EWC,Canadian equities,24.777657,2583600
2018-08-29,GLD,Gold,114.199997,5616300
2018-08-29,SPY,US equities,258.069946,61485500
2018-08-30,AGG,US aggregate bonds,84.162201,2803200
2018-08-30,EEM,Emerging-market equities,35.816788,120206400
2018-08-30,EFA,Developed international equities,53.499657,20743000
2018-08-30,EWC,Canadian equities,24.650896,2781400
2018-08-30,GLD,Gold,113.639999,5431600
2018-08-30,SPY,US equities,257.025299,61229500
2018-08-31,AGG,US aggregate bonds,84.154305,3308700
2018-08-31,EEM,Emerging-market equities,36.000256,88660500
2018-08-31,EFA,Developed international equities,53.074059,30945900
2018-08-31,EWC,Canadian equities,24.338215,4120300
2018-08-31,GLD,Gold,113.510002,5048700
2018-08-31,SPY,US equities,257.034180,66140800
2018-09-04,AGG,US aggregate bonds,84.060768,3164000
2018-09-04,EEM,Emerging-market equities,35.299767,76724700
2018-09-04,EFA,Developed international equities,52.624813,25303400
2018-09-04,EWC,Canadian equities,23.941032,10652800
2018-09-04,GLD,Gold,112.930000,6617500
2018-09-04,SPY,US equities,256.591492,57594400
2018-09-05,AGG,US aggregate bonds,84.021111,2788300
2018-09-05,EEM,Emerging-market equities,34.791065,77835800
2018-09-05,EFA,Developed international equities,52.144051,26850800
2018-09-05,EWC,Canadian equities,23.907230,3156000
2018-09-05,GLD,Gold,113.320000,4459200
2018-09-05,SPY,US equities,255.900894,72452400
2018-09-06,AGG,US aggregate bonds,84.163818,2248500
2018-09-06,EEM,Emerging-market equities,34.824432,73104400
2018-09-06,EFA,Developed international equities,51.986420,25557900
2018-09-06,EWC,Canadian equities,23.890326,3475300
2018-09-06,GLD,Gold,113.540001,4784700
2018-09-06,SPY,US equities,255.130524,65909900
2018-09-07,AGG,US aggregate bonds,83.862679,2571600
2018-09-07,EEM,Emerging-market equities,34.649307,61590700
2018-09-07,EFA,Developed international equities,51.568695,22989400
2018-09-07,EWC,Canadian equities,23.797367,3076200
2018-09-07,GLD,Gold,113.230003,3714000
2018-09-07,SPY,US equities,254.634796,73524800
2018-09-10,AGG,US aggregate bonds,83.941879,3305700
2018-09-10,EEM,Emerging-market equities,34.307400,61116600
2018-09-10,EFA,Developed international equities,51.883957,15646700
2018-09-10,EWC,Canadian equities,23.772017,2362500
2018-09-10,GLD,Gold,113.150002,2316500
2018-09-10,SPY,US equities,255.077362,50210900
2018-09-11,AGG,US aggregate bonds,83.799217,4919000
2018-09-11,EEM,Emerging-market equities,34.382446,74608700
2018-09-11,EFA,Developed international equities,51.931244,17652700
2018-09-11,EWC,Canadian equities,23.924133,4854600
2018-09-11,GLD,Gold,113.220001,3791300
2018-09-11,SPY,US equities,255.918579,50530500
2018-09-12,AGG,US aggregate bonds,83.854675,4168900
2018-09-12,EEM,Emerging-market equities,34.557575,116612700
2018-09-12,EFA,Developed international equities,52.151936,19372500
2018-09-12,EWC,Canadian equities,24.033991,4449100
2018-09-12,GLD,Gold,114.169998,6315900
2018-09-12,SPY,US equities,255.980560,59810800
2018-09-13,AGG,US aggregate bonds,83.910194,2280200
2018-09-13,EEM,Emerging-market equities,35.024559,96306500
2018-09-13,EFA,Developed international equities,52.538128,26009600
2018-09-13,EWC,Canadian equities,24.008638,2009300
2018-09-13,GLD,Gold,113.760002,5635900
2018-09-13,SPY,US equities,257.494415,51034200
2018-09-14,AGG,US aggregate bonds,83.751686,2693000
2018-09-14,EEM,Emerging-market equities,34.991215,65202700
2018-09-14,EFA,Developed international equities,52.616943,21047500
2018-09-14,EWC,Canadian equities,23.949478,2139800
2018-09-14,GLD,Gold,113.019997,5375600
2018-09-14,SPY,US equities,257.538818,55079900
2018-09-17,AGG,US aggregate bonds,83.751686,5721700
2018-09-17,EEM,Emerging-market equities,34.674316,74603900
2018-09-17,EFA,Developed international equities,52.664219,13679100
2018-09-17,EWC,Canadian equities,24.033991,1803400
2018-09-17,GLD,Gold,113.610001,4727300
2018-09-17,SPY,US equities,256.175354,68244000
2018-09-18,AGG,US aggregate bonds,83.569397,2206000
2018-09-18,EEM,Emerging-market equities,35.007885,52000700
2018-09-18,EFA,Developed international equities,53.215931,20734400
2018-09-18,EWC,Canadian equities,24.346666,1963200
2018-09-18,GLD,Gold,113.440002,4737800
2018-09-18,SPY,US equities,257.565308,61930400
2018-09-19,AGG,US aggregate bonds,83.410820,2700600
2018-09-19,EEM,Emerging-market equities,35.491562,55892400
2018-09-19,EFA,Developed international equities,53.405087,15330300
2018-09-19,EWC,Canadian equities,24.397377,2597000
2018-09-19,GLD,Gold,113.879997,4223200
2018-09-19,SPY,US equities,257.839783,49080600
2018-09-20,AGG,US aggregate bonds,83.521774,2897700
2018-09-20,EEM,Emerging-market equities,35.883507,93427400
2018-09-20,EFA,Developed international equities,54.067142,24625300
2018-09-20,EWC,Canadian equities,24.524132,1428400
2018-09-20,GLD,Gold,114.269997,4384200
2018-09-20,SPY,US equities,259.929321,100360600
2018-09-21,AGG,US aggregate bonds,83.585243,2792600
2018-09-21,EEM,Emerging-market equities,36.050282,102750700
2018-09-21,EFA,Developed international equities,54.090775,19003300
2018-09-21,EWC,Canadian equities,24.549482,2197300
2018-09-21,GLD,Gold,113.489998,6831400
2018-09-21,SPY,US equities,259.691772,105479700
2018-09-24,AGG,US aggregate bonds,83.505966,1895000
2018-09-24,EEM,Emerging-market equities,35.641666,54411700
2018-09-24,EFA,Developed international equities,53.846443,20382700
2018-09-24,EWC,Canadian equities,24.448078,1667400
2018-09-24,GLD,Gold,113.470001,4435300
2018-09-24,SPY,US equities,258.829071,53409600
2018-09-25,AGG,US aggregate bonds,83.466331,2059400
2018-09-25,EEM,Emerging-market equities,35.783432,49467000
2018-09-25,EFA,Developed international equities,54.114422,19623000
2018-09-25,EWC,Canadian equities,24.346666,1599000
2018-09-25,GLD,Gold,113.650002,3004800
2018-09-25,SPY,US equities,258.589081,44370000
2018-09-26,AGG,US aggregate bonds,83.664474,2912100
2018-09-26,EEM,Emerging-market equities,35.858479,84080400
2018-09-26,EFA,Developed international equities,54.138054,26899900
2018-09-26,EWC,Canadian equities,24.253706,2527200
2018-09-26,GLD,Gold,113.050003,8297300
2018-09-26,SPY,US equities,257.815155,79739700
2018-09-27,AGG,US aggregate bonds,83.719948,2528100
2018-09-27,EEM,Emerging-market equities,36.033611,45547200
2018-09-27,EFA,Developed international equities,54.027729,21555300
2018-09-27,EWC,Canadian equities,24.312864,1385800
2018-09-27,GLD,Gold,112.050003,7683400
2018-09-27,SPY,US equities,258.535645,59249500
2018-09-28,AGG,US aggregate bonds,83.632767,4883900
2018-09-28,EEM,Emerging-market equities,35.791767,64732800
2018-09-28,EFA,Developed international equities,53.586365,37330500
2018-09-28,EWC,Canadian equities,24.321318,3446100
2018-09-28,GLD,Gold,112.760002,6020600
2018-09-28,SPY,US equities,258.562378,70091400
2018-10-01,AGG,US aggregate bonds,83.610512,3518400
2018-10-01,EEM,Emerging-market equities,35.800114,31030500
2018-10-01,EFA,Developed international equities,53.649414,27922300
2018-10-01,EWC,Canadian equities,24.608644,2273400
2018-10-01,GLD,Gold,112.570000,3892600
2018-10-01,SPY,US equities,259.460632,62078900
2018-10-02,AGG,US aggregate bonds,83.705849,6912600
2018-10-02,EEM,Emerging-market equities,35.349796,57719700
2018-10-02,EFA,Developed international equities,53.373562,18689200
2018-10-02,EWC,Canadian equities,24.405823,2539100
2018-10-02,GLD,Gold,113.870003,10776700
2018-10-02,SPY,US equities,259.309448,47258200
2018-10-03,AGG,US aggregate bonds,83.308662,2540500
2018-10-03,EEM,Emerging-market equities,35.057922,76571200
2018-10-03,EFA,Developed international equities,53.278980,19372300
2018-10-03,EWC,Canadian equities,24.464975,3817500
2018-10-03,GLD,Gold,113.419998,6674500
2018-10-03,SPY,US equities,259.451721,64694600
2018-10-04,AGG,US aggregate bonds,83.070290,5268200
2018-10-04,EEM,Emerging-market equities,34.182308,132360900
2018-10-04,EFA,Developed international equities,52.656338,38671500
2018-10-04,EWC,Canadian equities,24.253706,2113200
2018-10-04,GLD,Gold,113.480003,6616200
2018-10-04,SPY,US equities,257.423950,111545900
2018-10-05,AGG,US aggregate bonds,82.887543,3460500
2018-10-05,EEM,Emerging-market equities,34.057224,80578500
2018-10-05,EFA,Developed international equities,52.341087,28116900
2018-10-05,EWC,Canadian equities,24.110046,2292400
2018-10-05,GLD,Gold,113.800003,7994400
2018-10-05,SPY,US equities,255.983047,105951700
2018-10-08,AGG,US aggregate bonds,82.855789,2268000
2018-10-08,EEM,Emerging-market equities,34.107258,59744400
2018-10-08,EFA,Developed international equities,52.088871,24471300
2018-10-08,EWC,Canadian equities,24.025543,2735100
2018-10-08,GLD,Gold,112.540001,12111600
2018-10-08,SPY,US equities,255.983047,87742200
2018-10-09,AGG,US aggregate bonds,82.974960,21903200
2018-10-09,EEM,Emerging-market equities,33.982178,60976800
2018-10-09,EFA,Developed international equities,51.954891,23011200
2018-10-09,EWC,Canadian equities,23.983284,2212700
2018-10-09,GLD,Gold,112.599998,8352300
2018-10-09,SPY,US equities,255.609589,74339000
2018-10-10,AGG,US aggregate bonds,82.951096,3834800
2018-10-10,EEM,Emerging-market equities,32.973125,99036700
2018-10-10,EFA,Developed international equities,50.851467,64586200
2018-10-10,EWC,Canadian equities,23.239616,3659300
2018-10-10,GLD,Gold,112.879997,10571300
2018-10-10,SPY,US equities,247.516174,214731000
2018-10-11,AGG,US aggregate bonds,83.197350,7053900
2018-10-11,EEM,Emerging-market equities,32.639561,168923800
2018-10-11,EFA,Developed international equities,50.142136,119275100
2018-10-11,EWC,Canadian equities,22.926937,5404100
2018-10-11,GLD,Gold,115.779999,26810900
2018-10-11,SPY,US equities,242.064224,274840500
2018-10-12,AGG,US aggregate bonds,83.221230,5017400
2018-10-12,EEM,Emerging-market equities,33.598564,116892100
2018-10-12,EFA,Developed international equities,50.323418,66647600
2018-10-12,EWC,Canadian equities,23.045252,3271400
2018-10-12,GLD,Gold,115.230003,12939300
2018-10-12,SPY,US equities,245.426056,183186500
2018-10-15,AGG,US aggregate bonds,83.165611,3047700
2018-10-15,EEM,Emerging-market equities,33.239979,52651000
2018-10-15,EFA,Developed international equities,50.205204,32702300
2018-10-15,EWC,Canadian equities,23.053701,1868800
2018-10-15,GLD,Gold,116.000000,11828400
2018-10-15,SPY,US equities,244.047592,102263700
2018-10-16,AGG,US aggregate bonds,83.213303,5750100
2018-10-16,EEM,Emerging-market equities,34.073898,65949500
2018-10-16,EFA,Developed international equities,51.064270,35959100
2018-10-16,EWC,Canadian equities,23.408632,3253700
2018-10-16,GLD,Gold,115.800003,9531800
2018-10-16,SPY,US equities,249.383835,118255800
2018-10-17,AGG,US aggregate bonds,83.046448,2844200
2018-10-17,EEM,Emerging-market equities,33.656944,69718700
2018-10-17,EFA,Developed international equities,50.772659,26566600
2018-10-17,EWC,Canadian equities,23.248070,2102200
2018-10-17,GLD,Gold,115.790001,7078600
2018-10-17,SPY,US equities,249.428406,110626000
2018-10-18,AGG,US aggregate bonds,82.990822,3158200
2018-10-18,EEM,Emerging-market equities,32.772987,107005100
2018-10-18,EFA,Developed international equities,49.952991,48286500
2018-10-18,EWC,Canadian equities,22.901587,1950200
2018-10-18,GLD,Gold,115.919998,7964100
2018-10-18,SPY,US equities,245.826340,134557500
2018-10-19,AGG,US aggregate bonds,82.919365,2985800
2018-10-19,EEM,Emerging-market equities,33.081539,81176200
2018-10-19,EFA,Developed international equities,50.236721,31924100
2018-10-19,EWC,Canadian equities,22.977644,2047100
2018-10-19,GLD,Gold,116.010002,7453900
2018-10-19,SPY,US equities,245.692871,139901600
2018-10-22,AGG,US aggregate bonds,82.903458,2807300
2018-10-22,EEM,Emerging-market equities,33.440117,67724900
2018-10-22,EFA,Developed international equities,50.016033,28641300
2018-10-22,EWC,Canadian equities,22.935392,2517000
2018-10-22,GLD,Gold,115.709999,5200500
2018-10-22,SPY,US equities,244.590134,82415800
2018-10-23,AGG,US aggregate bonds,83.006744,3524300
2018-10-23,EEM,Emerging-market equities,33.073193,89864600
2018-10-23,EFA,Developed international equities,49.543144,54694300
2018-10-23,EWC,Canadian equities,22.749472,2881600
2018-10-23,GLD,Gold,116.389999,12704200
2018-10-23,SPY,US equities,243.344864,146352700
2018-10-24,AGG,US aggregate bonds,83.221230,4465100
2018-10-24,EEM,Emerging-market equities,32.005787,87632500
2018-10-24,EFA,Developed international equities,48.140247,62942300
2018-10-24,EWC,Canadian equities,22.267776,3527100
2018-10-24,GLD,Gold,116.660004,8563300
2018-10-24,SPY,US equities,235.971893,177806700
2018-10-25,AGG,US aggregate bonds,83.149742,8290200
2018-10-25,EEM,Emerging-market equities,32.622887,80961600
2018-10-25,EFA,Developed international equities,48.747116,47758100
2018-10-25,EWC,Canadian equities,22.276228,2327600
2018-10-25,GLD,Gold,116.400002,8303500
2018-10-25,SPY,US equities,240.205353,138061500
2018-10-26,AGG,US aggregate bonds,83.340431,5811400
2018-10-26,EEM,Emerging-market equities,32.247616,139198800
2018-10-26,EFA,Developed international equities,48.416088,72008800
2018-10-26,EWC,Canadian equities,22.191723,3848000
2018-10-26,GLD,Gold,116.769997,15733100
2018-10-26,SPY,US equities,235.980820,201574600
2018-10-29,AGG,US aggregate bonds,83.253021,5075100
2018-10-29,EEM,Emerging-market equities,31.688889,102322800
2018-10-29,EFA,Developed international equities,48.282104,60675300
2018-10-29,EWC,Canadian equities,21.929749,3805900
2018-10-29,GLD,Gold,116.309998,8732500
2018-10-29,SPY,US equities,234.673416,160749100
2018-10-30,AGG,US aggregate bonds,83.133873,2552000
2018-10-30,EEM,Emerging-market equities,32.306000,99881500
2018-10-30,EFA,Developed international equities,48.865337,50851500
2018-10-30,EWC,Canadian equities,22.250877,3851400
2018-10-30,GLD,Gold,115.800003,7233300
2018-10-30,SPY,US equities,238.150879,157116000
2018-10-31,AGG,US aggregate bonds,83.094109,14880500
2018-10-31,EEM,Emerging-market equities,32.656231,92768300
2018-10-31,EFA,Developed international equities,49.227882,49348900
2018-10-31,EWC,Canadian equities,22.402988,7104900
2018-10-31,GLD,Gold,115.150002,11409300
2018-10-31,SPY,US equities,240.694595,128296300
2018-11-01,AGG,US aggregate bonds,83.304131,7919000
2018-11-01,EEM,Emerging-market equities,33.823723,120482200
2018-11-01,EFA,Developed international equities,49.858402,42760200
2018-11-01,EWC,Canadian equities,22.639616,3628300
2018-11-01,GLD,Gold,116.629997,13662900
2018-11-01,SPY,US equities,243.255966,99495000
2018-11-02,AGG,US aggregate bonds,83.056610,4491500
2018-11-02,EEM,Emerging-market equities,34.040543,111324700
2018-11-02,EFA,Developed international equities,49.929337,39087900
2018-11-02,EWC,Canadian equities,22.597361,2668100
2018-11-02,GLD,Gold,116.650002,8796900
2018-11-02,SPY,US equities,241.815170,122634100
2018-11-05,AGG,US aggregate bonds,83.112495,3412600
2018-11-05,EEM,Emerging-market equities,34.132275,58319600
2018-11-05,EFA,Developed international equities,49.929337,23002700
2018-11-05,EWC,Canadian equities,22.724125,3242500
2018-11-05,GLD,Gold,116.370003,6291500
2018-11-05,SPY,US equities,243.149200,65622500
2018-11-06,AGG,US aggregate bonds,83.120468,2619900
2018-11-06,EEM,Emerging-market equities,34.073898,40847800
2018-11-06,EFA,Developed international equities,50.134258,18973700
2018-11-06,EWC,Canadian equities,22.783270,2940700
2018-11-06,GLD,Gold,116.040001,7270800
2018-11-06,SPY,US equities,244.687943,60085900
2018-11-07,AGG,US aggregate bonds,83.192307,4677200
2018-11-07,EEM,Emerging-market equities,34.716022,81011500
2018-11-07,EFA,Developed international equities,50.804188,34148400
2018-11-07,EWC,Canadian equities,22.926937,1599200
2018-11-07,GLD,Gold,116.029999,8392100
2018-11-07,SPY,US equities,249.926361,102752100
2018-11-08,AGG,US aggregate bonds,83.040604,3489200
2018-11-08,EEM,Emerging-market equities,33.815384,90610900
2018-11-08,EFA,Developed international equities,50.307652,31336600
2018-11-08,EWC,Canadian equities,22.825529,2225800
2018-11-08,GLD,Gold,115.779999,7638800
2018-11-08,SPY,US equities,249.472687,65584900
2018-11-09,AGG,US aggregate bonds,83.144432,2901900
2018-11-09,EEM,Emerging-market equities,33.189949,82943700
2018-11-09,EFA,Developed international equities,49.976631,27581700
2018-11-09,EWC,Canadian equities,22.631157,1945900
2018-11-09,GLD,Gold,114.480003,14159200
2018-11-09,SPY,US equities,247.035889,98812600
2018-11-12,AGG,US aggregate bonds,83.280151,2779700
2018-11-12,EEM,Emerging-market equities,32.722961,68569700
2018-11-12,EFA,Developed international equities,49.156952,31068900
2018-11-12,EWC,Canadian equities,22.402988,2691800
2018-11-12,GLD,Gold,113.660004,7498600
2018-11-12,SPY,US equities,242.419998,99673600
2018-11-13,AGG,US aggregate bonds,83.312088,2977100
2018-11-13,EEM,Emerging-market equities,33.098209,106305600
2018-11-13,EFA,Developed international equities,49.369751,37193900
2018-11-13,EWC,Canadian equities,22.377640,2120800
2018-11-13,GLD,Gold,113.699997,9309000
2018-11-13,SPY,US equities,241.966354,98176600
2018-11-14,AGG,US aggregate bonds,83.320076,3395900
2018-11-14,EEM,Emerging-market equities,33.298351,96621100
2018-11-14,EFA,Developed international equities,49.409164,51506100
2018-11-14,EWC,Canadian equities,22.445244,2383800
2018-11-14,GLD,Gold,114.639999,13950200
2018-11-14,SPY,US equities,240.312088,125335900
2018-11-15,AGG,US aggregate bonds,83.423828,3861300
2018-11-15,EEM,Emerging-market equities,34.040543,146475800
2018-11-15,EFA,Developed international equities,49.566795,54666300
2018-11-15,EWC,Canadian equities,22.555109,2331800
2018-11-15,GLD,Gold,114.769997,8910600
2018-11-15,SPY,US equities,242.820129,135101400
2018-11-16,AGG,US aggregate bonds,83.559586,3332600
2018-11-16,EEM,Emerging-market equities,34.107258,135075800
2018-11-16,EFA,Developed international equities,49.621960,30723600
2018-11-16,EWC,Canadian equities,22.605808,1444300
2018-11-16,GLD,Gold,115.620003,8577000
2018-11-16,SPY,US equities,243.451614,126668000
2018-11-19,AGG,US aggregate bonds,83.551628,4673200
2018-11-19,EEM,Emerging-market equities,33.648598,77777300
2018-11-19,EFA,Developed international equities,49.188488,30409700
2018-11-19,EWC,Canadian equities,22.436792,1840000
2018-11-19,GLD,Gold,115.669998,8508300
2018-11-19,SPY,US equities,239.333817,103061700
2018-11-20,AGG,US aggregate bonds,83.519684,3162700
2018-11-20,EEM,Emerging-market equities,32.923096,98272800
2018-11-20,EFA,Developed international equities,48.337276,41209700
2018-11-20,EWC,Canadian equities,21.912848,2721900
2018-11-20,GLD,Gold,115.669998,9075100
2018-11-20,SPY,US equities,234.904694,136021300
2018-11-21,AGG,US aggregate bonds,83.575531,5701700
2018-11-21,EEM,Emerging-market equities,33.531853,68104600
2018-11-21,EFA,Developed international equities,49.015087,32720600
2018-11-21,EWC,Canadian equities,22.411440,1651100
2018-11-21,GLD,Gold,115.860001,8834200
2018-11-21,SPY,US equities,235.705078,75563700
2018-11-23,AGG,US aggregate bonds,83.551628,1665900
2018-11-23,EEM,Emerging-market equities,33.139908,32048200
2018-11-23,EFA,Developed international equities,48.691940,13336500
2018-11-23,EWC,Canadian equities,22.107212,766800
2018-11-23,GLD,Gold,115.769997,3726600
2018-11-23,SPY,US equities,234.130844,42807900
2018-11-26,AGG,US aggregate bonds,83.535652,4326100
2018-11-26,EEM,Emerging-market equities,33.548527,76320100
2018-11-26,EFA,Developed international equities,49.424915,31007400
2018-11-26,EWC,Canadian equities,22.276228,1974400
2018-11-26,GLD,Gold,115.639999,4018600
2018-11-26,SPY,US equities,237.910767,79981400
2018-11-27,AGG,US aggregate bonds,83.559586,4107700
2018-11-27,EEM,Emerging-market equities,33.782032,81069100
2018-11-27,EFA,Developed international equities,49.235775,38111400
2018-11-27,EWC,Canadian equities,22.098764,2833300
2018-11-27,GLD,Gold,114.949997,9671100
2018-11-27,SPY,US equities,238.711197,75502400
2018-11-28,AGG,US aggregate bonds,83.719284,8513900
2018-11-28,EEM,Emerging-market equities,34.590927,121010900
2018-11-28,EFA,Developed international equities,49.937229,40600800
2018-11-28,EWC,Canadian equities,22.470600,2710700
2018-11-28,GLD,Gold,115.379997,13788800
2018-11-28,SPY,US equities,244.207642,127629600
2018-11-29,AGG,US aggregate bonds,83.759148,5922600
2018-11-29,EEM,Emerging-market equities,34.290710,104239600
2018-11-29,EFA,Developed international equities,49.685020,31259700
2018-11-29,EWC,Canadian equities,22.504400,2458400
2018-11-29,GLD,Gold,115.739998,6479300
2018-11-29,SPY,US equities,243.673981,82346400
2018-11-30,AGG,US aggregate bonds,83.735237,6126200
2018-11-30,EEM,Emerging-market equities,34.257366,92961200
2018-11-30,EFA,Developed international equities,49.472218,32068600
2018-11-30,EWC,Canadian equities,22.512848,2262300
2018-11-30,GLD,Gold,115.540001,8169600
2018-11-30,SPY,US equities,245.159363,98204200
2018-12-03,AGG,US aggregate bonds,83.872093,14037900
2018-12-03,EEM,Emerging-market equities,34.949512,125024100
2018-12-03,EFA,Developed international equities,50.126381,43673900
2018-12-03,EWC,Canadian equities,22.741016,2403700
2018-12-03,GLD,Gold,116.410004,8469500
2018-12-03,SPY,US equities,248.405548,103176300
2018-12-04,AGG,US aggregate bonds,84.096169,5365200
2018-12-04,EEM,Emerging-market equities,34.207325,134758200
2018-12-04,EFA,Developed international equities,48.825928,50079600
2018-12-04,EWC,Canadian equities,22.343838,2997100
2018-12-04,GLD,Gold,117.120003,7186100
2018-12-04,SPY,US equities,240.356598,177986000
2018-12-06,AGG,US aggregate bonds,84.304237,7396800
2018-12-06,EEM,Emerging-market equities,33.890438,165155100
2018-12-06,EFA,Developed international equities,48.368809,78905500
2018-12-06,EWC,Canadian equities,21.921295,5079600
2018-12-06,GLD,Gold,117.139999,9267600
2018-12-06,SPY,US equities,239.991928,204185400
2018-12-07,AGG,US aggregate bonds,84.416290,5440200
2018-12-07,EEM,Emerging-market equities,33.256664,134304600
2018-12-07,EFA,Developed international equities,47.880150,54090300
2018-12-07,EWC,Canadian equities,21.802984,4153500
2018-12-07,GLD,Gold,118.089996,10402900
2018-12-07,SPY,US equities,234.415497,161018900
2018-12-10,AGG,US aggregate bonds,84.472290,6096000
2018-12-10,EEM,Emerging-market equities,32.906414,104465300
2018-12-10,EFA,Developed international equities,47.509724,61630500
2018-12-10,EWC,Canadian equities,21.583267,3756900
2018-12-10,GLD,Gold,117.680000,8117900
2018-12-10,SPY,US equities,234.860184,151445900
2018-12-11,AGG,US aggregate bonds,84.496323,8086200
2018-12-11,EEM,Emerging-market equities,33.156586,104014700
2018-12-11,EFA,Developed international equities,47.659470,71163600
2018-12-11,EWC,Canadian equities,21.498758,3904600
2018-12-11,GLD,Gold,117.540001,6395400
2018-12-11,SPY,US equities,234.913559,121504400
2018-12-12,AGG,US aggregate bonds,84.432281,8089000
2018-12-12,EEM,Emerging-market equities,33.698631,89712200
2018-12-12,EFA,Developed international equities,48.360924,45925600
2018-12-12,EWC,Canadian equities,21.735382,2493100
2018-12-12,GLD,Gold,117.790001,4136800
2018-12-12,SPY,US equities,236.096420,97976700
2018-12-13,AGG,US aggregate bonds,84.456306,5762500
2018-12-13,EEM,Emerging-market equities,33.690300,72445400
2018-12-13,EFA,Developed international equities,48.274223,44498200
2018-12-13,EWC,Canadian equities,21.693129,1882500
2018-12-13,GLD,Gold,117.529999,4131800
2018-12-13,SPY,US equities,236.016373,96662700
2018-12-14,AGG,US aggregate bonds,84.480331,6265000
2018-12-14,EEM,Emerging-market equities,33.214966,94915600
2018-12-14,EFA,Developed international equities,47.651585,50416200
2018-12-14,EWC,Canadian equities,21.439606,2675800
2018-12-14,GLD,Gold,117.059998,7501700
2018-12-14,SPY,US equities,231.658371,116961100
2018-12-17,AGG,US aggregate bonds,84.624397,7630500
2018-12-17,EEM,Emerging-market equities,32.906414,109276200
2018-12-17,EFA,Developed international equities,47.273277,58508500
2018-12-17,EWC,Canadian equities,21.008617,4728500
2018-12-17,GLD,Gold,117.870003,8454900
2018-12-17,SPY,US equities,227.113632,165492300
2018-12-18,AGG,US aggregate bonds,84.872940,6626100
2018-12-18,EEM,Emerging-market equities,33.129871,102509800
2018-12-18,EFA,Developed international equities,47.311512,48896500
2018-12-18,EWC,Canadian equities,21.007755,2932300
2018-12-18,GLD,Gold,118.150002,7542900
2018-12-18,SPY,US equities,226.864594,134515100
2018-12-19,AGG,US aggregate bonds,84.953156,7264800
2018-12-19,EEM,Emerging-market equities,32.579693,204046200
2018-12-19,EFA,Developed international equities,46.857433,68491500
2018-12-19,EWC,Canadian equities,20.758583,4163900
2018-12-19,GLD,Gold,117.430000,13827500
2018-12-19,SPY,US equities,223.467148,214992800
2018-12-20,AGG,US aggregate bonds,84.872940,7695000
2018-12-20,EEM,Emerging-market equities,32.833622,183908800
2018-12-20,EFA,Developed international equities,46.666248,97602600
2018-12-20,EWC,Canadian equities,20.560966,5562700
2018-12-20,GLD,Gold,119.239998,18615100
2018-12-20,SPY,US equities,219.829575,252053400
2018-12-21,AGG,US aggregate bonds,84.832863,10381200
2018-12-21,EEM,Emerging-market equities,32.605076,143673400
2018-12-21,EFA,Developed international equities,45.853687,93622500
2018-12-21,EWC,Canadian equities,20.131355,3991700
2018-12-21,GLD,Gold,118.720001,13629800
2018-12-21,SPY,US equities,215.325317,255345600
2018-12-24,AGG,US aggregate bonds,84.889000,7196100
2018-12-24,EEM,Emerging-market equities,32.300362,50709500
2018-12-24,EFA,Developed international equities,45.319946,47120300
2018-12-24,EWC,Canadian equities,19.847818,2015600
2018-12-24,GLD,Gold,120.019997,9736400
2018-12-24,SPY,US equities,209.635803,147311600
2018-12-26,AGG,US aggregate bonds,84.728600,8606900
2018-12-26,EEM,Emerging-market equities,32.943661,96347200
2018-12-26,EFA,Developed international equities,46.371498,69827600
2018-12-26,EWC,Canadian equities,20.466450,4143500
2018-12-26,GLD,Gold,119.660004,14293500
2018-12-26,SPY,US equities,220.227631,218485400
2018-12-27,AGG,US aggregate bonds,84.864944,10562200
2018-12-27,EEM,Emerging-market equities,32.901337,81792700
2018-12-27,EFA,Developed international equities,46.506924,76591200
2018-12-27,EWC,Canadian equities,20.371937,6653400
2018-12-27,GLD,Gold,120.570000,11874400
2018-12-27,SPY,US equities,221.918442,186267300
2018-12-28,AGG,US aggregate bonds,85.177658,7019600
2018-12-28,EEM,Emerging-market equities,33.214527,72869100
2018-12-28,EFA,Developed international equities,46.753868,68541800
2018-12-28,EWC,Canadian equities,20.492226,4234100
2018-12-28,GLD,Gold,121.059998,6864700
2018-12-28,SPY,US equities,221.632111,153100200
2018-12-31,AGG,US aggregate bonds,85.394180,9671800
2018-12-31,EEM,Emerging-market equities,33.062160,72972200
2018-12-31,EFA,Developed international equities,46.825569,62878800
2018-12-31,EWC,Canadian equities,20.586739,3231800
2018-12-31,GLD,Gold,121.250000,8449400
2018-12-31,SPY,US equities,223.573334,144299400
2019-01-02,AGG,US aggregate bonds,85.458321,11200700
2019-01-02,EEM,Emerging-market equities,33.146797,57198800
2019-01-02,EFA,Developed international equities,46.729977,38723200
2019-01-02,EWC,Canadian equities,20.775768,3931900
2019-01-02,GLD,Gold,121.330002,12776200
2019-01-02,SPY,US equities,223.805939,126925200
2019-01-03,AGG,US aggregate bonds,85.811188,6497000
2019-01-03,EEM,Emerging-market equities,32.545826,62767600
2019-01-03,EFA,Developed international equities,46.307758,35012600
2019-01-03,EWC,Canadian equities,20.646887,3540500
2019-01-03,GLD,Gold,122.430000,15440800
2019-01-03,SPY,US equities,218.465317,144140700
2019-01-04,AGG,US aggregate bonds,85.554565,8149000
2019-01-04,EEM,Emerging-market equities,33.595421,103055100
2019-01-04,EFA,Developed international equities,47.725758,47001700
2019-01-04,EWC,Canadian equities,21.179600,2438900
2019-01-04,GLD,Gold,121.440002,13334000
2019-01-04,SPY,US equities,225.782959,142628800
2019-01-07,AGG,US aggregate bonds,85.410278,7433700
2019-01-07,EEM,Emerging-market equities,33.671604,76597000
2019-01-07,EFA,Developed international equities,47.908978,30335900
2019-01-07,EWC,Canadian equities,21.411583,2924300
2019-01-07,GLD,Gold,121.860001,7473600
2019-01-07,SPY,US equities,227.563202,103139100
2019-01-08,AGG,US aggregate bonds,85.346085,4395600
2019-01-08,EEM,Emerging-market equities,33.798569,70518200
2019-01-08,EFA,Developed international equities,48.219669,26444600
2019-01-08,EWC,Canadian equities,21.643574,3044900
2019-01-08,GLD,Gold,121.529999,7643100
2019-01-08,SPY,US equities,229.701233,102512600
2019-01-09,AGG,US aggregate bonds,85.418251,5458100
2019-01-09,EEM,Emerging-market equities,34.399536,125118800
2019-01-09,EFA,Developed international equities,48.761360,34615300
2019-01-09,EWC,Canadian equities,22.047401,2681100
2019-01-09,GLD,Gold,122.309998,10555900
2019-01-09,SPY,US equities,230.774734,95006600
2019-01-10,AGG,US aggregate bonds,85.322060,3532500
2019-01-10,EEM,Emerging-market equities,34.645016,85207600
2019-01-10,EFA,Developed international equities,48.952557,33699300
2019-01-10,EWC,Canadian equities,22.141922,2847900
2019-01-10,GLD,Gold,121.589996,6672000
2019-01-10,SPY,US equities,231.588806,96823900
2019-01-11,AGG,US aggregate bonds,85.442261,5759000
2019-01-11,EEM,Emerging-market equities,34.475716,63136200
2019-01-11,EFA,Developed international equities,48.617970,40655600
2019-01-11,EWC,Canadian equities,22.098957,2581100
2019-01-11,GLD,Gold,121.800003,8622400
2019-01-11,SPY,US equities,231.678299,73858100
2019-01-14,AGG,US aggregate bonds,85.322060,7544300
2019-01-14,EEM,Emerging-market equities,34.187935,76217000
2019-01-14,EFA,Developed international equities,48.394920,28319800
2019-01-14,EWC,Canadian equities,22.184877,2087900
2019-01-14,GLD,Gold,122.089996,6477100
2019-01-14,SPY,US equities,230.264801,70908200
2019-01-15,AGG,US aggregate bonds,85.338074,3690200
2019-01-15,EEM,Emerging-market equities,34.424934,78913000
2019-01-15,EFA,Developed international equities,48.649841,35202700
2019-01-15,EWC,Canadian equities,22.305162,2452100
2019-01-15,GLD,Gold,121.879997,7512500
2019-01-15,SPY,US equities,232.903839,85208300
2019-01-16,AGG,US aggregate bonds,85.410278,4007800
2019-01-16,EEM,Emerging-market equities,34.848160,82543600
2019-01-16,EFA,Developed international equities,48.785271,38473900
2019-01-16,EWC,Canadian equities,22.373901,2464400
2019-01-16,GLD,Gold,122.269997,6878100
2019-01-16,SPY,US equities,233.467422,77636700
2019-01-17,AGG,US aggregate bonds,85.346085,5547000
2019-01-17,EEM,Emerging-market equities,35.000523,85522800
2019-01-17,EFA,Developed international equities,48.960518,28896000
2019-01-17,EWC,Canadian equities,22.554337,2144500
2019-01-17,GLD,Gold,122.110001,8558500
2019-01-17,SPY,US equities,235.238678,96118400
2019-01-18,AGG,US aggregate bonds,85.281914,5643400
2019-01-18,EEM,Emerging-market equities,35.169807,98168900
2019-01-18,EFA,Developed international equities,49.454430,39380800
2019-01-18,EWC,Canadian equities,22.700405,7020000
2019-01-18,GLD,Gold,121.019997,10896000
2019-01-18,SPY,US equities,238.369751,127900300
2019-01-22,AGG,US aggregate bonds,85.354118,6824000
2019-01-22,EEM,Emerging-market equities,34.560371,101294900
2019-01-22,EFA,Developed international equities,48.689674,36637900
2019-01-22,EWC,Canadian equities,22.477007,2694400
2019-01-22,GLD,Gold,121.449997,7896500
2019-01-22,SPY,US equities,235.149200,115531200
2019-01-23,AGG,US aggregate bonds,85.442261,3222800
2019-01-23,EEM,Emerging-market equities,34.915874,66625200
2019-01-23,EFA,Developed international equities,48.912724,21725600
2019-01-23,EWC,Canadian equities,22.434050,2225900
2019-01-23,GLD,Gold,121.279999,5224900
2019-01-23,SPY,US equities,235.641266,86030300
2019-01-24,AGG,US aggregate bonds,85.586647,7308900
2019-01-24,EEM,Emerging-market equities,35.254456,76076900
2019-01-24,EFA,Developed international equities,48.968494,21843800
2019-01-24,EWC,Canadian equities,22.562931,2268600
2019-01-24,GLD,Gold,121.089996,5662500
2019-01-24,SPY,US equities,235.766479,59204100
2019-01-25,AGG,US aggregate bonds,85.546555,3469500
2019-01-25,EEM,Emerging-market equities,35.719994,105779500
2019-01-25,EFA,Developed international equities,49.526127,31128800
2019-01-25,EWC,Canadian equities,22.872246,1775900
2019-01-25,GLD,Gold,122.860001,11103300
2019-01-25,SPY,US equities,237.761429,96883400
2019-01-28,AGG,US aggregate bonds,85.498436,7365700
2019-01-28,EEM,Emerging-market equities,35.347569,85543100
2019-01-28,EFA,Developed international equities,49.255283,28738200
2019-01-28,EWC,Canadian equities,22.829288,1932800
2019-01-28,GLD,Gold,123.290001,8522200
2019-01-28,SPY,US equities,235.954361,85613700
2019-01-29,AGG,US aggregate bonds,85.722946,6158600
2019-01-29,EEM,Emerging-market equities,35.406815,56518900
2019-01-29,EFA,Developed international equities,49.366798,23933700
2019-01-29,EWC,Canadian equities,22.966763,1807700
2019-01-29,GLD,Gold,123.980003,11610200
2019-01-29,SPY,US equities,235.641266,66136300
2019-01-30,AGG,US aggregate bonds,85.915413,6350400
2019-01-30,EEM,Emerging-market equities,36.177074,127796800
2019-01-30,EFA,Developed international equities,49.908508,30465700
2019-01-30,EWC,Canadian equities,23.164373,2436800
2019-01-30,GLD,Gold,124.690002,12104000
2019-01-30,SPY,US equities,239.371643,92473700
2019-01-31,AGG,US aggregate bonds,86.172005,14766500
2019-01-31,EEM,Emerging-market equities,36.481796,119929200
2019-01-31,EFA,Developed international equities,49.932404,33012500
2019-01-31,EWC,Canadian equities,23.241707,2551800
2019-01-31,GLD,Gold,124.750000,10209500
2019-01-31,SPY,US equities,241.473892,104012100
2019-02-01,AGG,US aggregate bonds,85.993584,7227900
2019-02-01,EEM,Emerging-market equities,36.194004,65766100
2019-02-01,EFA,Developed international equities,49.916473,22056000
2019-02-01,EWC,Canadian equities,23.310444,4041200
2019-02-01,GLD,Gold,124.500000,12485500
2019-02-01,SPY,US equities,241.590164,85782500
2019-02-04,AGG,US aggregate bonds,85.921219,14227700
2019-02-04,EEM,Emerging-market equities,36.253265,45770200
2019-02-04,EFA,Developed international equities,50.099689,20260600
2019-02-04,EWC,Canadian equities,23.370592,1743000
2019-02-04,GLD,Gold,123.959999,6878900
2019-02-04,SPY,US equities,243.289810,60744800
2019-02-05,AGG,US aggregate bonds,86.106140,8913500
2019-02-05,EEM,Emerging-market equities,36.752663,81720100
2019-02-05,EFA,Developed international equities,50.490040,29367100
2019-02-05,EWC,Canadian equities,23.508066,8221300
2019-02-05,GLD,Gold,124.279999,6291100
2019-02-05,SPY,US equities,244.309723,79552800
2019-02-06,AGG,US aggregate bonds,86.057854,6449600
2019-02-06,EEM,Emerging-market equities,36.253265,58194900
2019-02-06,EFA,Developed international equities,50.235126,19675600
2019-02-06,EWC,Canadian equities,23.370592,1688200
2019-02-06,GLD,Gold,123.440002,6595100
2019-02-06,SPY,US equities,243.987640,58347800
2019-02-07,AGG,US aggregate bonds,86.098114,3938900
2019-02-07,EEM,Emerging-market equities,35.889290,101061400
2019-02-07,EFA,Developed international equities,49.565956,33930700
2019-02-07,EWC,Canadian equities,23.207340,1808500
2019-02-07,GLD,Gold,123.739998,5935500
2019-02-07,SPY,US equities,241.661789,95482000
2019-02-08,AGG,US aggregate bonds,86.291016,4288600
2019-02-08,EEM,Emerging-market equities,35.686142,64212200
2019-02-08,EFA,Developed international equities,49.406631,21440400
2019-02-08,EWC,Canadian equities,23.155787,1773200
2019-02-08,GLD,Gold,124.209999,4235200
2019-02-08,SPY,US equities,241.957047,75788900
2019-02-11,AGG,US aggregate bonds,86.202591,3521000
2019-02-11,EEM,Emerging-market equities,35.567642,42213400
2019-02-11,EFA,Developed international equities,49.358837,22453000
2019-02-11,EWC,Canadian equities,22.940985,3266600
2019-02-11,GLD,Gold,123.599998,4821800
2019-02-11,SPY,US equities,242.091187,68021400
2019-02-12,AGG,US aggregate bonds,86.218643,3136700
2019-02-12,EEM,Emerging-market equities,35.863892,66073100
2019-02-12,EFA,Developed international equities,49.932404,28176300
2019-02-12,EWC,Canadian equities,23.207340,2139200
2019-02-12,GLD,Gold,123.860001,4271900
2019-02-12,SPY,US equities,245.204315,72270200
2019-02-13,AGG,US aggregate bonds,86.065887,2526100
2019-02-13,EEM,Emerging-market equities,35.609962,82318100
2019-02-13,EFA,Developed international equities,49.940372,22923500
2019-02-13,EWC,Canadian equities,23.164373,2156200
2019-02-13,GLD,Gold,123.370003,7640500
2019-02-13,SPY,US equities,246.000427,65277200
2019-02-14,AGG,US aggregate bonds,86.194527,2908500
2019-02-14,EEM,Emerging-market equities,35.677673,91302500
2019-02-14,EFA,Developed international equities,49.956299,23166900
2019-02-14,EWC,Canadian equities,23.241707,2593500
2019-02-14,GLD,Gold,124.059998,6276500
2019-02-14,SPY,US equities,245.454742,83234400
2019-02-15,AGG,US aggregate bonds,86.258858,2413900
2019-02-15,EEM,Emerging-market equities,35.626888,72362200
2019-02-15,EFA,Developed international equities,50.681229,29544700
2019-02-15,EWC,Canadian equities,23.551027,1957600
2019-02-15,GLD,Gold,124.800003,12190100
2019-02-15,SPY,US equities,248.129608,97088700
2019-02-19,AGG,US aggregate bonds,86.307091,6235500
2019-02-19,EEM,Emerging-market equities,35.906212,64391100
2019-02-19,EFA,Developed international equities,50.872421,19126800
2019-02-19,EWC,Canadian equities,23.722868,1054500
2019-02-19,GLD,Gold,126.699997,15614000
2019-02-19,SPY,US equities,248.558945,59120800
2019-02-20,AGG,US aggregate bonds,86.315163,3231100
2019-02-20,EEM,Emerging-market equities,36.109367,73694800
2019-02-20,EFA,Developed international equities,51.015820,27833100
2019-02-20,EWC,Canadian equities,23.963444,1317200
2019-02-20,GLD,Gold,126.480003,8889700
2019-02-20,SPY,US equities,249.059891,76610800
2019-02-21,AGG,US aggregate bonds,86.122231,3677000
2019-02-21,EEM,Emerging-market equities,36.033184,48092400
2019-02-21,EFA,Developed international equities,50.912251,19709600
2019-02-21,EWC,Canadian equities,23.843161,1890000
2019-02-21,GLD,Gold,125.050003,8634600
2019-02-21,SPY,US equities,248.174362,64214700
2019-02-22,AGG,US aggregate bonds,86.339249,2731500
2019-02-22,EEM,Emerging-market equities,36.431015,58022200
2019-02-22,EFA,Developed international equities,51.079544,19653800
2019-02-22,EWC,Canadian equities,23.972036,1300600
2019-02-22,GLD,Gold,125.500000,5439400
2019-02-22,SPY,US equities,249.713043,78114600
2019-02-25,AGG,US aggregate bonds,86.315163,3645400
2019-02-25,EEM,Emerging-market equities,36.837307,66533800
2019-02-25,EFA,Developed international equities,51.230892,21208900
2019-02-25,EWC,Canadian equities,23.954855,1050300
2019-02-25,GLD,Gold,125.370003,4882600
2019-02-25,SPY,US equities,250.052933,69030700
2019-02-26,AGG,US aggregate bonds,86.411598,4759400
2019-02-26,EEM,Emerging-market equities,36.710335,58330600
2019-02-26,EFA,Developed international equities,51.477856,23246200
2019-02-26,EWC,Canadian equities,23.997814,1538500
2019-02-26,GLD,Gold,125.580002,5153200
2019-02-26,SPY,US equities,249.874039,56844100
2019-02-27,AGG,US aggregate bonds,86.226692,2988300
2019-02-27,EEM,Emerging-market equities,36.397148,69471200
2019-02-27,EFA,Developed international equities,51.270733,19933400
2019-02-27,EWC,Canadian equities,24.057962,1309200
2019-02-27,GLD,Gold,124.690002,7935600
2019-02-27,SPY,US equities,249.766647,56921600
2019-02-28,AGG,US aggregate bonds,86.073967,11872100
2019-02-28,EEM,Emerging-market equities,35.923141,87434700
2019-02-28,EFA,Developed international equities,51.199024,27730700
2019-02-28,EWC,Canadian equities,23.929079,1842500
2019-02-28,GLD,Gold,123.989998,7811700
2019-02-28,SPY,US equities,249.301422,69268300
2019-03-01,AGG,US aggregate bonds,85.934547,5527000
2019-03-01,EEM,Emerging-market equities,35.965477,94263900
2019-03-01,EFA,Developed international equities,51.477856,26191800
2019-03-01,EWC,Canadian equities,23.817383,3092400
2019-03-01,GLD,Gold,121.879997,16411700
2019-03-01,SPY,US equities,250.858002,78880500
2019-03-04,AGG,US aggregate bonds,86.039330,3837200
2019-03-04,EEM,Emerging-market equities,36.016254,94168300
2019-03-04,EFA,Developed international equities,51.286667,22255100
2019-03-04,EWC,Canadian equities,23.757235,3005300
2019-03-04,GLD,Gold,121.559998,10272600
2019-03-04,SPY,US equities,249.945557,106494600
2019-03-05,AGG,US aggregate bonds,86.095726,5835800
2019-03-05,EEM,Emerging-market equities,36.371758,54576700
2019-03-05,EFA,Developed international equities,51.334461,22315100
2019-03-05,EWC,Canadian equities,23.740047,2185800
2019-03-05,GLD,Gold,121.720001,7120100
2019-03-05,SPY,US equities,249.605667,59114600
2019-03-06,AGG,US aggregate bonds,86.224648,4834000
2019-03-06,EEM,Emerging-market equities,36.168621,61237800
2019-03-06,EFA,Developed international equities,51.207005,14060100
2019-03-06,EWC,Canadian equities,23.611166,3156600
2019-03-06,GLD,Gold,121.610001,4820400
2019-03-06,SPY,US equities,248.093826,75039800
2019-03-07,AGG,US aggregate bonds,86.466415,6089100
2019-03-07,EEM,Emerging-market equities,35.499924,83415300
2019-03-07,EFA,Developed international equities,50.553768,29445800
2019-03-07,EWC,Canadian equities,23.482286,2923300
2019-03-07,GLD,Gold,121.510002,6088800
2019-03-07,SPY,US equities,246.018433,94885100
2019-03-08,AGG,US aggregate bonds,86.579262,4943100
2019-03-08,EEM,Emerging-market equities,35.245995,97742100
2019-03-08,EFA,Developed international equities,50.561737,21427600
2019-03-08,EWC,Canadian equities,23.473694,2098500
2019-03-08,GLD,Gold,122.839996,10427700
2019-03-08,SPY,US equities,245.526291,85795800
2019-03-11,AGG,US aggregate bonds,86.587303,5638300
2019-03-11,EEM,Emerging-market equities,35.906212,63002300
2019-03-11,EFA,Developed international equities,50.999886,16204800
2019-03-11,EWC,Canadian equities,23.679907,2017000
2019-03-11,GLD,Gold,122.239998,6708700
2019-03-11,SPY,US equities,249.086823,65098900
2019-03-12,AGG,US aggregate bonds,86.748489,5243400
2019-03-12,EEM,Emerging-market equities,36.092434,42726900
2019-03-12,EFA,Developed international equities,50.968018,31559400
2019-03-12,EWC,Canadian equities,23.800196,4222300
2019-03-12,GLD,Gold,122.980003,6289900
2019-03-12,SPY,US equities,250.026077,79667500
2019-03-13,AGG,US aggregate bonds,86.708237,2608800
2019-03-13,EEM,Emerging-market equities,36.134754,61450000
2019-03-13,EFA,Developed international equities,51.406158,17856300
2019-03-13,EWC,Canadian equities,23.929079,2202300
2019-03-13,GLD,Gold,123.839996,7377300
2019-03-13,SPY,US equities,251.681015,80639200
2019-03-14,AGG,US aggregate bonds,86.579262,2955400
2019-03-14,EEM,Emerging-market equities,35.940075,58460400
2019-03-14,EFA,Developed international equities,51.398190,20861400
2019-03-14,EWC,Canadian equities,23.825972,1853000
2019-03-14,GLD,Gold,122.410004,6778200
2019-03-14,SPY,US equities,251.520111,67518400
2019-03-15,AGG,US aggregate bonds,86.796867,2756900
2019-03-15,EEM,Emerging-market equities,36.464867,139870800
2019-03-15,EFA,Developed international equities,51.955830,44272000
2019-03-15,EWC,Canadian equities,23.851748,1798100
2019-03-15,GLD,Gold,122.970001,9412000
2019-03-15,SPY,US equities,252.762817,81309000
2019-03-18,AGG,US aggregate bonds,86.780754,2295500
2019-03-18,EEM,Emerging-market equities,36.871170,42149100
2019-03-18,EFA,Developed international equities,52.139053,27734300
2019-03-18,EWC,Canadian equities,24.023592,1574800
2019-03-18,GLD,Gold,123.040001,7783200
2019-03-18,SPY,US equities,253.679169,62199800
2019-03-19,AGG,US aggregate bonds,86.732391,2928300
2019-03-19,EEM,Emerging-market equities,36.888092,53192700
2019-03-19,EFA,Developed international equities,52.242611,32094800
2019-03-19,EWC,Canadian equities,24.006405,1660400
2019-03-19,GLD,Gold,123.379997,6558700
2019-03-19,SPY,US equities,253.742081,90268100
2019-03-20,AGG,US aggregate bonds,87.087006,4236200
2019-03-20,EEM,Emerging-market equities,36.947342,90678800
2019-03-20,EFA,Developed international equities,52.266506,33136000
2019-03-20,EWC,Canadian equities,23.980629,2053500
2019-03-20,GLD,Gold,124.180000,11304900
2019-03-20,SPY,US equities,252.978348,84609200
2019-03-21,AGG,US aggregate bonds,87.103134,4192700
2019-03-21,EEM,Emerging-market equities,36.998131,71400600
2019-03-21,EFA,Developed international equities,52.234646,34686500
2019-03-21,EWC,Canadian equities,23.937674,2606700
2019-03-21,GLD,Gold,123.680000,7739800
2019-03-21,SPY,US equities,255.835663,79550400
2019-03-22,AGG,US aggregate bonds,87.538315,2464100
2019-03-22,EEM,Emerging-market equities,35.914680,118616600
2019-03-22,EFA,Developed international equities,51.230892,36194200
2019-03-22,EWC,Canadian equities,23.568209,3059600
2019-03-22,GLD,Gold,123.970001,5874000
2019-03-22,SPY,US equities,250.911682,122659300
2019-03-25,AGG,US aggregate bonds,87.699516,4971300
2019-03-25,EEM,Emerging-market equities,35.999321,53285300
2019-03-25,EFA,Developed international equities,51.302601,26707900
2019-03-25,EWC,Canadian equities,23.559616,3680400
2019-03-25,GLD,Gold,124.919998,7288300
2019-03-25,SPY,US equities,250.723053,85575200
2019-03-26,AGG,US aggregate bonds,87.715614,3120500
2019-03-26,EEM,Emerging-market equities,36.109367,57145800
2019-03-26,EFA,Developed international equities,51.557522,36734400
2019-03-26,EWC,Canadian equities,23.731462,1607100
2019-03-26,GLD,Gold,124.300003,5056100
2019-03-26,SPY,US equities,252.591980,68125900
2019-03-27,AGG,US aggregate bonds,87.900978,3719600
2019-03-27,EEM,Emerging-market equities,35.719994,72804300
2019-03-27,EFA,Developed international equities,51.581421,21772300
2019-03-27,EWC,Canadian equities,23.636948,7196300
2019-03-27,GLD,Gold,123.650002,6595000
2019-03-27,SPY,US equities,251.271179,72224700
2019-03-28,AGG,US aggregate bonds,87.909019,6071000
2019-03-28,EEM,Emerging-market equities,35.957005,41052500
2019-03-28,EFA,Developed international equities,51.453949,16531200
2019-03-28,EWC,Canadian equities,23.697088,1930100
2019-03-28,GLD,Gold,121.900002,11878300
2019-03-28,SPY,US equities,252.223511,56238500
2019-03-29,AGG,US aggregate bonds,87.900978,5988300
2019-03-29,EEM,Emerging-market equities,36.329433,70439100
2019-03-29,EFA,Developed international equities,51.669044,23423900
2019-03-29,EWC,Canadian equities,23.748640,2722900
2019-03-29,GLD,Gold,122.010002,7093900
2019-03-29,SPY,US equities,253.814056,82186800
2019-04-01,AGG,US aggregate bonds,87.498650,11261700
2019-04-01,EEM,Emerging-market equities,36.930416,70455500
2019-04-01,EFA,Developed international equities,52.330254,33228100
2019-04-01,EWC,Canadian equities,24.057962,2499200
2019-04-01,GLD,Gold,121.529999,13560000
2019-04-01,SPY,US equities,256.824005,77617900
2019-04-02,AGG,US aggregate bonds,87.595612,8080100
2019-04-02,EEM,Emerging-market equities,36.811916,48692200
2019-04-02,EFA,Developed international equities,52.346176,18209100
2019-04-02,EWC,Canadian equities,24.057962,2207800
2019-04-02,GLD,Gold,121.980003,4475000
2019-04-02,SPY,US equities,256.949890,40070400
2019-04-03,AGG,US aggregate bonds,87.434029,3731100
2019-04-03,EEM,Emerging-market equities,37.065845,73639400
2019-04-03,EFA,Developed international equities,52.752457,25471600
2019-04-03,EWC,Canadian equities,24.083735,2861000
2019-04-03,GLD,Gold,121.800003,6152200
2019-04-03,SPY,US equities,257.354156,68243200
2019-04-04,AGG,US aggregate bonds,87.498650,3676900
2019-04-04,EEM,Emerging-market equities,37.294384,47028400
2019-04-04,EFA,Developed international equities,52.640930,23580500
2019-04-04,EWC,Canadian equities,24.100922,1850900
2019-04-04,GLD,Gold,122.110001,7508400
2019-04-04,SPY,US equities,258.037109,48997500
2019-04-05,AGG,US aggregate bonds,87.563255,2236600
2019-04-05,EEM,Emerging-market equities,37.582188,50360800
2019-04-05,EFA,Developed international equities,52.776356,27828800
2019-04-05,EWC,Canadian equities,24.186840,3101200
2019-04-05,GLD,Gold,121.980003,5114500
2019-04-05,SPY,US equities,259.285980,58621700
2019-04-08,AGG,US aggregate bonds,87.522881,9485300
2019-04-08,EEM,Emerging-market equities,37.582188,30209000
2019-04-08,EFA,Developed international equities,52.808220,21464100
2019-04-08,EWC,Canadian equities,24.367277,4805000
2019-04-08,GLD,Gold,122.510002,4270800
2019-04-08,SPY,US equities,259.483643,53566300
2019-04-09,AGG,US aggregate bonds,87.571396,3753800
2019-04-09,EEM,Emerging-market equities,37.505997,49530300
2019-04-09,EFA,Developed international equities,52.473644,17074900
2019-04-09,EWC,Canadian equities,24.221210,2034300
2019-04-09,GLD,Gold,123.150002,4648400
2019-04-09,SPY,US equities,258.153778,66142300
2019-04-10,AGG,US aggregate bonds,87.741028,4682000
2019-04-10,EEM,Emerging-market equities,37.683758,51143400
2019-04-10,EFA,Developed international equities,52.672787,25289300
2019-04-10,EWC,Canadian equities,24.324320,2974100
2019-04-10,GLD,Gold,123.529999,6344800
2019-04-10,SPY,US equities,259.034363,52601500
2019-04-11,AGG,US aggregate bonds,87.636002,2827700
2019-04-11,EEM,Emerging-market equities,37.277458,55153600
2019-04-11,EFA,Developed international equities,52.561264,16309400
2019-04-11,EWC,Canadian equities,24.281357,2505000
2019-04-11,GLD,Gold,121.949997,11694500
2019-04-11,SPY,US equities,258.962524,55093100
2019-04-12,AGG,US aggregate bonds,87.466354,2390600
2019-04-12,EEM,Emerging-market equities,37.548321,54695700
2019-04-12,EFA,Developed international equities,52.927708,31507700
2019-04-12,EWC,Canadian equities,24.478973,1542500
2019-04-12,GLD,Gold,121.830002,5272800
2019-04-12,SPY,US equities,260.714630,69727800
2019-04-15,AGG,US aggregate bonds,87.450165,2546200
2019-04-15,EEM,Emerging-market equities,37.353642,37957800
2019-04-15,EFA,Developed international equities,52.951614,11608000
2019-04-15,EWC,Canadian equities,24.478973,2843700
2019-04-15,GLD,Gold,121.599998,4252400
2019-04-15,SPY,US equities,260.543884,49596700
2019-04-16,AGG,US aggregate bonds,87.296677,4093900
2019-04-16,EEM,Emerging-market equities,37.632961,43860100
2019-04-16,EFA,Developed international equities,52.991436,19958100
2019-04-16,EWC,Canadian equities,24.504753,1391700
2019-04-16,GLD,Gold,120.510002,10097800
2019-04-16,SPY,US equities,260.714630,52153200
2019-04-17,AGG,US aggregate bonds,87.288628,3390200
2019-04-17,EEM,Emerging-market equities,37.743004,56935400
2019-04-17,EFA,Developed international equities,53.142803,23540000
2019-04-17,EWC,Canadian equities,24.607857,2347800
2019-04-17,GLD,Gold,120.279999,4693900
2019-04-17,SPY,US equities,260.076599,58268300
2019-04-18,AGG,US aggregate bonds,87.401711,2217200
2019-04-18,EEM,Emerging-market equities,37.717613,56639800
2019-04-18,EFA,Developed international equities,53.110935,21794000
2019-04-18,EWC,Canadian equities,24.625040,1251800
2019-04-18,GLD,Gold,120.370003,4090400
2019-04-18,SPY,US equities,260.588837,68708500
2019-04-22,AGG,US aggregate bonds,87.296677,5725600
2019-04-22,EEM,Emerging-market equities,37.472130,35929100
2019-04-22,EFA,Developed international equities,53.023308,21336700
2019-04-22,EWC,Canadian equities,24.625040,1013000
2019-04-22,GLD,Gold,120.370003,2250900
2019-04-22,SPY,US equities,260.813385,40160100
2019-04-23,AGG,US aggregate bonds,87.450165,3422700
2019-04-23,EEM,Emerging-market equities,37.556786,32829900
2019-04-23,EFA,Developed international equities,53.126865,17741400
2019-04-23,EWC,Canadian equities,24.625040,1366600
2019-04-23,GLD,Gold,120.120003,5574800
2019-04-23,SPY,US equities,263.158569,52246600
2019-04-24,AGG,US aggregate bonds,87.652130,3000000
2019-04-24,EEM,Emerging-market equities,37.048916,68961600
2019-04-24,EFA,Developed international equities,52.760422,26417500
2019-04-24,EWC,Canadian equities,24.384460,2806100
2019-04-24,GLD,Gold,120.470001,4173000
2019-04-24,SPY,US equities,262.574524,50392900
2019-04-25,AGG,US aggregate bonds,87.644104,2648100
2019-04-25,EEM,Emerging-market equities,36.998131,61168500
2019-04-25,EFA,Developed international equities,52.720589,16020300
2019-04-25,EWC,Canadian equities,24.358683,1635000
2019-04-25,GLD,Gold,120.570000,4836900
2019-04-25,SPY,US equities,262.412781,57770900
2019-04-26,AGG,US aggregate bonds,87.821800,2299900
2019-04-26,EEM,Emerging-market equities,37.142025,55441700
2019-04-26,EFA,Developed international equities,52.935680,17705700
2019-04-26,EWC,Canadian equities,24.453197,2569000
2019-04-26,GLD,Gold,121.370003,6022700
2019-04-26,SPY,US equities,263.634796,50916400
2019-04-29,AGG,US aggregate bonds,87.668297,2782600
2019-04-29,EEM,Emerging-market equities,37.218208,34398300
2019-04-29,EFA,Developed international equities,53.150764,16992700
2019-04-29,EWC,Canadian equities,24.504753,1946900
2019-04-29,GLD,Gold,120.830002,4469300
2019-04-29,SPY,US equities,264.048126,57197700
2019-04-30,AGG,US aggregate bonds,87.724854,7491500
2019-04-30,EEM,Emerging-market equities,37.184353,69577000
2019-04-30,EFA,Developed international equities,53.182632,36645900
2019-04-30,EWC,Canadian equities,24.530525,2344700
2019-04-30,GLD,Gold,121.199997,4758600
2019-04-30,SPY,US equities,264.182922,81111700
2019-05-01,AGG,US aggregate bonds,87.781555,6387900
2019-05-01,EEM,Emerging-market equities,36.905022,98629100
2019-05-01,EFA,Developed international equities,52.879917,25870800
2019-05-01,EWC,Canadian equities,24.358683,2114500
2019-05-01,GLD,Gold,120.400002,12331800
2019-05-01,SPY,US equities,262.197021,71671900
2019-05-02,AGG,US aggregate bonds,87.587173,3379400
2019-05-02,EEM,Emerging-market equities,36.989666,53101500
2019-05-02,EFA,Developed international equities,52.800247,21120700
2019-05-02,EWC,Canadian equities,24.204033,2017900
2019-05-02,GLD,Gold,119.940002,6759600
2019-05-02,SPY,US equities,261.631165,65030200
2019-05-03,AGG,US aggregate bonds,87.732956,2326300
2019-05-03,EEM,Emerging-market equities,37.429817,56642000
2019-05-03,EFA,Developed international equities,53.365849,22117400
2019-05-03,EWC,Canadian equities,24.384460,1661500
2019-05-03,GLD,Gold,120.650002,8414400
2019-05-03,SPY,US equities,264.191864,56543700
2019-05-06,AGG,US aggregate bonds,87.846336,4609100
2019-05-06,EEM,Emerging-market equities,36.659561,80977000
2019-05-06,EFA,Developed international equities,52.760422,24641100
2019-05-06,EWC,Canadian equities,24.350090,1772500
2019-05-06,GLD,Gold,120.809998,3479600
2019-05-06,SPY,US equities,263.104706,107198100
2019-05-07,AGG,US aggregate bonds,87.951622,3051400
2019-05-07,EEM,Emerging-market equities,35.940075,94189000
2019-05-07,EFA,Developed international equities,51.836334,30661400
2019-05-07,EWC,Canadian equities,24.083735,4531500
2019-05-07,GLD,Gold,121.209999,4010700
2019-05-07,SPY,US equities,258.710876,144729900
2019-05-08,AGG,US aggregate bonds,87.935394,5946400
2019-05-08,EEM,Emerging-market equities,35.889290,73548600
2019-05-08,EFA,Developed international equities,51.900070,31028300
2019-05-08,EWC,Canadian equities,24.118105,2746900
2019-05-08,GLD,Gold,120.910004,4178800
2019-05-08,SPY,US equities,258.351532,91568300
2019-05-09,AGG,US aggregate bonds,87.983978,4847600
2019-05-09,EEM,Emerging-market equities,35.322170,130849000
2019-05-09,EFA,Developed international equities,51.661079,28991500
2019-05-09,EWC,Canadian equities,24.057962,4009700
2019-05-09,GLD,Gold,121.199997,5015500
2019-05-09,SPY,US equities,257.569702,103471100
2019-05-10,AGG,US aggregate bonds,88.000175,5257500
2019-05-10,EEM,Emerging-market equities,35.533783,90343300
2019-05-10,EFA,Developed international equities,52.043457,34968000
2019-05-10,EWC,Canadian equities,24.040773,2272100
2019-05-10,GLD,Gold,121.430000,4586000
2019-05-10,SPY,US equities,258.863678,112429300
2019-05-13,AGG,US aggregate bonds,88.145935,6733800
2019-05-13,EEM,Emerging-market equities,34.348763,154670900
2019-05-13,EFA,Developed international equities,50.832592,42253200
2019-05-13,EWC,Canadian equities,23.740047,2306300
2019-05-13,GLD,Gold,122.669998,11130900
2019-05-13,SPY,US equities,252.358322,127290500
2019-05-14,AGG,US aggregate bonds,88.218834,6217000
2019-05-14,EEM,Emerging-market equities,34.831245,89406800
2019-05-14,EFA,Developed international equities,51.342430,32214000
2019-05-14,EWC,Canadian equities,23.937674,2482700
2019-05-14,GLD,Gold,122.459999,5556000
2019-05-14,SPY,US equities,254.640640,77003200
2019-05-15,AGG,US aggregate bonds,88.372719,2666500
2019-05-15,EEM,Emerging-market equities,34.898949,79039500
2019-05-15,EFA,Developed international equities,51.525650,39054900
2019-05-15,EWC,Canadian equities,24.015001,2053900
2019-05-15,GLD,Gold,122.389999,10299000
2019-05-15,SPY,US equities,256.132080,73956400
2019-05-16,AGG,US aggregate bonds,88.267426,2757000
2019-05-16,EEM,Emerging-market equities,34.729660,60101000
2019-05-16,EFA,Developed international equities,51.939888,27414300
2019-05-16,EWC,Canadian equities,24.186840,5040300
2019-05-16,GLD,Gold,121.510002,6349400
2019-05-16,SPY,US equities,258.504303,76749600
2019-05-17,AGG,US aggregate bonds,88.291687,2090800
2019-05-17,EEM,Emerging-market equities,34.103287,83972200
2019-05-17,EFA,Developed international equities,51.597347,35566300
2019-05-17,EWC,Canadian equities,24.126696,2635200
2019-05-17,GLD,Gold,120.650002,6589300
2019-05-17,SPY,US equities,256.833008,100353000
2019-05-20,AGG,US aggregate bonds,88.170227,2035000
2019-05-20,EEM,Emerging-market equities,33.959389,53810000
2019-05-20,EFA,Developed international equities,51.390236,27914500
2019-05-20,EWC,Canadian equities,24.049370,2376800
2019-05-20,GLD,Gold,120.639999,4345800
2019-05-20,SPY,US equities,255.134766,62877600
2019-05-21,AGG,US aggregate bonds,88.162140,2029800
2019-05-21,EEM,Emerging-market equities,34.391087,59832600
2019-05-21,EFA,Developed international equities,51.732773,20838900
2019-05-21,EWC,Canadian equities,24.272762,1616500
2019-05-21,GLD,Gold,120.360001,3845600
2019-05-21,SPY,US equities,257.435028,46847100
2019-05-22,AGG,US aggregate bonds,88.307846,3509900
2019-05-22,EEM,Emerging-market equities,34.221794,44117200
2019-05-22,EFA,Developed international equities,51.525650,22818000
2019-05-22,EWC,Canadian equities,24.075142,3258900
2019-05-22,GLD,Gold,120.239998,3741800
2019-05-22,SPY,US equities,256.644318,49482500
2019-05-23,AGG,US aggregate bonds,88.567047,4922500
2019-05-23,EEM,Emerging-market equities,33.781639,86731100
2019-05-23,EFA,Developed international equities,51.055645,29106800
2019-05-23,EWC,Canadian equities,23.731462,2184800
2019-05-23,GLD,Gold,121.169998,6054600
2019-05-23,SPY,US equities,253.508530,98733800
2019-05-24,AGG,US aggregate bonds,88.599426,2010300
2019-05-24,EEM,Emerging-market equities,33.815491,66379700
2019-05-24,EFA,Developed international equities,51.605312,23320000
2019-05-24,EWC,Canadian equities,23.911894,1075700
2019-05-24,GLD,Gold,121.300003,2324700
2019-05-24,SPY,US equities,254.083496,55268100
2019-05-28,AGG,US aggregate bonds,88.728981,6270100
2019-05-28,EEM,Emerging-market equities,33.933994,98395200
2019-05-28,EFA,Developed international equities,51.103447,32637000
2019-05-28,EWC,Canadian equities,23.868933,1540200
2019-05-28,GLD,Gold,120.830002,4303500
2019-05-28,SPY,US equities,251.720428,70029400
2019-05-29,AGG,US aggregate bonds,88.753242,5634400
2019-05-29,EEM,Emerging-market equities,34.154068,82060400
2019-05-29,EFA,Developed international equities,50.776825,32910400
2019-05-29,EWC,Canadian equities,23.645540,2437100
2019-05-29,GLD,Gold,120.870003,4133200
2019-05-29,SPY,US equities,250.031189,104972900
2019-05-30,AGG,US aggregate bonds,88.988129,3305200
2019-05-30,EEM,Emerging-market equities,34.340298,69626300
2019-05-30,EFA,Developed international equities,50.968018,28874300
2019-05-30,EWC,Canadian equities,23.576803,984300
2019-05-30,GLD,Gold,121.690002,7757000
2019-05-30,SPY,US equities,250.714066,62523800
2019-05-31,AGG,US aggregate bonds,89.401123,9204100
2019-05-31,EEM,Emerging-market equities,34.458801,85220400
2019-05-31,EFA,Developed international equities,50.505974,34278600
2019-05-31,EWC,Canadian equities,23.482286,1835700
2019-05-31,GLD,Gold,123.330002,15367000
2019-05-31,SPY,US equities,247.335617,86862800
2019-06-03,AGG,US aggregate bonds,89.612167,7137500
2019-06-03,EEM,Emerging-market equities,34.771980,75619900
2019-06-03,EFA,Developed international equities,50.800724,36735900
2019-06-03,EWC,Canadian equities,23.542431,2587600
2019-06-03,GLD,Gold,125.110001,14173600
2019-06-03,SPY,US equities,246.706696,96428000
2019-06-04,AGG,US aggregate bonds,89.530991,5131700
2019-06-04,EEM,Emerging-market equities,34.848160,64141900
2019-06-04,EFA,Developed international equities,51.382259,34241600
2019-06-04,EWC,Canadian equities,23.886118,3277100
2019-06-04,GLD,Gold,125.150002,7997100
2019-06-04,SPY,US equities,252.061844,77231900
2019-06-05,AGG,US aggregate bonds,89.482300,3253500
2019-06-05,EEM,Emerging-market equities,34.568836,64072200
2019-06-05,EFA,Developed international equities,51.366325,19015300
2019-06-05,EWC,Canadian equities,23.911894,986000
2019-06-05,GLD,Gold,125.470001,7637900
2019-06-05,SPY,US equities,254.245178,71169700
2019-06-06,AGG,US aggregate bonds,89.466064,2660400
2019-06-06,EEM,Emerging-market equities,34.585754,47722500
2019-06-06,EFA,Developed international equities,51.573448,28586900
2019-06-06,EWC,Canadian equities,24.057962,1649800
2019-06-06,GLD,Gold,125.879997,5551800
2019-06-06,SPY,US equities,255.898590,69430400
2019-06-07,AGG,US aggregate bonds,89.717651,3697100
2019-06-07,EEM,Emerging-market equities,34.856617,63584200
2019-06-07,EFA,Developed international equities,52.226681,31020100
2019-06-07,EWC,Canadian equities,24.186840,1372600
2019-06-07,GLD,Gold,126.589996,8145900
2019-06-07,SPY,US equities,258.459320,74272200
2019-06-10,AGG,US aggregate bonds,89.482300,3992900
2019-06-10,EEM,Emerging-market equities,35.220592,57245800
2019-06-10,EFA,Developed international equities,52.370075,21435800
2019-06-10,EWC,Canadian equities,24.229803,2690600
2019-06-10,GLD,Gold,125.330002,5410000
2019-06-10,SPY,US equities,259.645325,60799100
2019-06-11,AGG,US aggregate bonds,89.466064,4374600
2019-06-11,EEM,Emerging-market equities,35.618427,69040600
2019-06-11,EFA,Developed international equities,52.632954,22255000
2019-06-11,EWC,Canadian equities,24.229803,1946900
2019-06-11,GLD,Gold,125.180000,4757800
2019-06-11,SPY,US equities,259.582428,58641300
2019-06-12,AGG,US aggregate bonds,89.579704,2797600
2019-06-12,EEM,Emerging-market equities,35.237530,55120600
2019-06-12,EFA,Developed international equities,52.242611,17110500
2019-06-12,EWC,Canadian equities,24.057962,2795400
2019-06-12,GLD,Gold,125.830002,5756200
2019-06-12,SPY,US equities,259.124237,47096300
2019-06-13,AGG,US aggregate bonds,89.774483,2293200
2019-06-13,EEM,Emerging-market equities,35.178268,59717500
2019-06-13,EFA,Developed international equities,52.290421,24194500
2019-06-13,EWC,Canadian equities,24.143881,2603500
2019-06-13,GLD,Gold,126.599998,5374800
2019-06-13,SPY,US equities,260.193420,48945200
2019-06-14,AGG,US aggregate bonds,89.750153,1901200
2019-06-14,EEM,Emerging-market equities,34.788910,71468300
2019-06-14,EFA,Developed international equities,51.908031,37202100
2019-06-14,EWC,Canadian equities,24.075142,2277700
2019-06-14,GLD,Gold,126.559998,9226100
2019-06-14,SPY,US equities,259.905945,52324700
2019-06-17,AGG,US aggregate bonds,89.725784,3312600
2019-06-17,EEM,Emerging-market equities,34.926224,48715600
2019-06-17,EFA,Developed international equities,51.945469,22615800
2019-06-17,EWC,Canadian equities,24.147110,1177200
2019-06-17,GLD,Gold,126.480003,4763300
2019-06-17,SPY,US equities,260.004730,39205700
2019-06-18,AGG,US aggregate bonds,89.969292,3640300
2019-06-18,EEM,Emerging-market equities,35.770596,112482400
2019-06-18,EFA,Developed international equities,52.637207,34024300
2019-06-18,EWC,Canadian equities,24.485256,7809700
2019-06-18,GLD,Gold,127.120003,10309600
2019-06-18,SPY,US equities,262.727264,85434800
2019-06-19,AGG,US aggregate bonds,90.277786,2895900
2019-06-19,EEM,Emerging-market equities,36.069115,105746200
2019-06-19,EFA,Developed international equities,52.962730,25092700
2019-06-19,EWC,Canadian equities,24.667336,2990200
2019-06-19,GLD,Gold,127.889999,11660600
2019-06-19,SPY,US equities,263.320282,78674400
2019-06-20,AGG,US aggregate bonds,90.431984,4224300
2019-06-20,EEM,Emerging-market equities,36.597908,89200400
2019-06-20,EFA,Developed international equities,53.426601,32817400
2019-06-20,EWC,Canadian equities,24.944784,2556200
2019-06-20,GLD,Gold,131.110001,18636300
2019-06-20,SPY,US equities,265.836182,116570000
2019-06-21,AGG,US aggregate bonds,90.196587,4640200
2019-06-21,EEM,Emerging-market equities,36.478508,55544000
2019-06-21,EFA,Developed international equities,53.198742,25032400
2019-06-21,EWC,Canadian equities,24.788719,2768200
2019-06-21,GLD,Gold,131.979996,15068000
2019-06-21,SPY,US equities,265.449677,83309500
2019-06-24,AGG,US aggregate bonds,90.358910,3079800
2019-06-24,EEM,Emerging-market equities,36.427326,37025600
2019-06-24,EFA,Developed international equities,53.312668,23238800
2019-06-24,EWC,Canadian equities,24.840742,817200
2019-06-24,GLD,Gold,133.940002,17851800
2019-06-24,SPY,US equities,265.124725,47582700
2019-06-25,AGG,US aggregate bonds,90.375175,3111100
2019-06-25,EEM,Emerging-market equities,36.052048,62167500
2019-06-25,EFA,Developed international equities,52.995281,24373000
2019-06-25,EWC,Canadian equities,24.658665,1399100
2019-06-25,GLD,Gold,134.199997,24772200
2019-06-25,SPY,US equities,262.524323,82028700
2019-06-26,AGG,US aggregate bonds,90.172241,3703200
2019-06-26,EEM,Emerging-market equities,36.393215,45126700
2019-06-26,EFA,Developed international equities,53.060383,13170700
2019-06-26,EWC,Canadian equities,24.684673,1730100
2019-06-26,GLD,Gold,132.970001,12016400
2019-06-26,SPY,US equities,262.262604,51584900
2019-06-27,AGG,US aggregate bonds,90.423866,2963600
2019-06-27,EEM,Emerging-market equities,36.649078,42358200
2019-06-27,EFA,Developed international equities,53.190601,14439800
2019-06-27,EWC,Canadian equities,24.693348,1222300
2019-06-27,GLD,Gold,132.839996,8412800
2019-06-27,SPY,US equities,263.192444,40355200
2019-06-28,AGG,US aggregate bonds,90.383324,9887800
2019-06-28,EEM,Emerging-market equities,36.597908,66235700
2019-06-28,EFA,Developed international equities,53.491707,27667900
2019-06-28,EWC,Canadian equities,24.814734,2366600
2019-06-28,GLD,Gold,133.199997,8077000
2019-06-28,SPY,US equities,264.546814,59350900
2019-07-01,AGG,US aggregate bonds,90.449959,4186800
2019-07-01,EEM,Emerging-market equities,37.032890,73169000
2019-07-01,EFA,Developed international equities,53.743996,25538600
2019-07-01,EWC,Canadian equities,24.875423,2473200
2019-07-01,GLD,Gold,130.619995,13317700
2019-07-01,SPY,US equities,266.948517,78705600
2019-07-02,AGG,US aggregate bonds,90.612679,5765400
2019-07-02,EEM,Emerging-market equities,36.939075,67518700
2019-07-02,EFA,Developed international equities,53.898605,26045900
2019-07-02,EWC,Canadian equities,24.927448,2091700
2019-07-02,GLD,Gold,133.410004,13282100
2019-07-02,SPY,US equities,267.643707,61504500
2019-07-03,AGG,US aggregate bonds,90.759148,1324800
2019-07-03,EEM,Emerging-market equities,36.870831,31218500
2019-07-03,EFA,Developed international equities,54.264828,14359300
2019-07-03,EWC,Canadian equities,25.144207,1446900
2019-07-03,GLD,Gold,133.630005,6351500
2019-07-03,SPY,US equities,269.783569,40898900
2019-07-05,AGG,US aggregate bonds,90.376785,2461200
2019-07-05,EEM,Emerging-market equities,36.614971,51678000
2019-07-05,EFA,Developed international equities,53.849785,21696200
2019-07-05,EWC,Canadian equities,25.109522,1185600
2019-07-05,GLD,Gold,132.139999,11536600
2019-07-05,SPY,US equities,269.476624,51677300
2019-07-08,AGG,US aggregate bonds,90.327965,3041400
2019-07-08,EEM,Emerging-market equities,36.393215,37679000
2019-07-08,EFA,Developed international equities,53.540546,15839500
2019-07-08,EWC,Canadian equities,24.970798,1119900
2019-07-08,GLD,Gold,131.289993,8028900
2019-07-08,SPY,US equities,267.995941,45841800
2019-07-09,AGG,US aggregate bonds,90.303558,2525800
2019-07-09,EEM,Emerging-market equities,36.282337,28227600
2019-07-09,EFA,Developed international equities,53.312668,11661800
2019-07-09,EWC,Canadian equities,25.048828,3192100
2019-07-09,GLD,Gold,131.750000,6633400
2019-07-09,SPY,US equities,268.329895,41101300
2019-07-10,AGG,US aggregate bonds,90.368645,4589800
2019-07-10,EEM,Emerging-market equities,36.589386,53673100
2019-07-10,EFA,Developed international equities,53.499851,15051500
2019-07-10,EWC,Canadian equities,25.118195,2153900
2019-07-10,GLD,Gold,133.830002,13920600
2019-07-10,SPY,US equities,269.612030,58448500
2019-07-11,AGG,US aggregate bonds,90.035088,3303700
2019-07-11,EEM,Emerging-market equities,36.521145,44486100
2019-07-11,EFA,Developed international equities,53.483562,14023800
2019-07-11,EWC,Canadian equities,25.135536,1094800
2019-07-11,GLD,Gold,132.699997,7535100
2019-07-11,SPY,US equities,270.244080,50826100
2019-07-12,AGG,US aggregate bonds,90.132721,3836300
2019-07-12,EEM,Emerging-market equities,36.546730,30512200
2019-07-12,EFA,Developed international equities,53.548668,14459500
2019-07-12,EWC,Canadian equities,25.135536,836400
2019-07-12,GLD,Gold,133.529999,6309500
2019-07-12,SPY,US equities,271.453979,40326000
2019-07-15,AGG,US aggregate bonds,90.262886,3619000
2019-07-15,EEM,Emerging-market equities,36.683189,28026300
2019-07-15,EFA,Developed international equities,53.597504,12363200
2019-07-15,EWC,Canadian equities,25.126865,873100
2019-07-15,GLD,Gold,133.529999,4026600
2019-07-15,SPY,US equities,271.544250,33900000
2019-07-16,AGG,US aggregate bonds,90.165245,2149100
2019-07-16,EEM,Emerging-market equities,36.632023,37093700
2019-07-16,EFA,Developed international equities,53.377769,23641400
2019-07-16,EWC,Canadian equities,25.066175,1123100
2019-07-16,GLD,Gold,132.399994,7966000
2019-07-16,SPY,US equities,270.668427,36650100
2019-07-17,AGG,US aggregate bonds,90.401176,2985600
2019-07-17,EEM,Emerging-market equities,36.521145,32865600
2019-07-17,EFA,Developed international equities,53.304535,13318800
2019-07-17,EWC,Canadian equities,25.031494,817200
2019-07-17,GLD,Gold,134.580002,11288300
2019-07-17,SPY,US equities,268.826477,36036300
2019-07-18,AGG,US aggregate bonds,90.547630,5982200
2019-07-18,EEM,Emerging-market equities,36.742897,63374400
2019-07-18,EFA,Developed international equities,53.467297,18639700
2019-07-18,EWC,Canadian equities,25.118195,1132200
2019-07-18,GLD,Gold,136.479996,18448200
2019-07-18,SPY,US equities,269.810638,51392600
2019-07-19,AGG,US aggregate bonds,90.441887,3150800
2019-07-19,EEM,Emerging-market equities,36.555267,81774700
2019-07-19,EFA,Developed international equities,53.312668,16908600
2019-07-19,EWC,Canadian equities,24.996809,917300
2019-07-19,GLD,Gold,134.470001,18079200
2019-07-19,SPY,US equities,268.311920,58678600
2019-07-22,AGG,US aggregate bonds,90.555740,2855100
2019-07-22,EEM,Emerging-market equities,36.563793,29826200
2019-07-22,EFA,Developed international equities,53.369637,15203900
2019-07-22,EWC,Canadian equities,24.996809,1202100
2019-07-22,GLD,Gold,134.449997,7570400
2019-07-22,SPY,US equities,268.971008,43638100
2019-07-23,AGG,US aggregate bonds,90.466248,2659300
2019-07-23,EEM,Emerging-market equities,36.606434,37246400
2019-07-23,EFA,Developed international equities,53.703304,22078400
2019-07-23,EWC,Canadian equities,24.996809,929100
2019-07-23,GLD,Gold,133.690002,9981400
2019-07-23,SPY,US equities,270.894165,44564500
2019-07-24,AGG,US aggregate bonds,90.596451,2783300
2019-07-24,EEM,Emerging-market equities,36.666142,40358800
2019-07-24,EFA,Developed international equities,53.743996,11192500
2019-07-24,EWC,Canadian equities,25.074842,1330200
2019-07-24,GLD,Gold,134.369995,6715200
2019-07-24,SPY,US equities,272.167206,47213200
2019-07-25,AGG,US aggregate bonds,90.458145,2976800
2019-07-25,EEM,Emerging-market equities,36.342037,55327700
2019-07-25,EFA,Developed international equities,53.198742,24288100
2019-07-25,EWC,Canadian equities,24.832069,2132300
2019-07-25,GLD,Gold,133.419998,11708200
2019-07-25,SPY,US equities,270.867004,55394100
2019-07-26,AGG,US aggregate bonds,90.474403,4669000
2019-07-26,EEM,Emerging-market equities,36.418797,33068600
2019-07-26,EFA,Developed international equities,53.304535,16616500
2019-07-26,EWC,Canadian equities,24.884094,1269000
2019-07-26,GLD,Gold,133.639999,6249900
2019-07-26,SPY,US equities,272.681946,45084100
2019-07-29,AGG,US aggregate bonds,90.515060,4167100
2019-07-29,EEM,Emerging-market equities,36.350563,31912400
2019-07-29,EFA,Developed international equities,53.418465,11655500
2019-07-29,EWC,Canadian equities,24.840742,1593300
2019-07-29,GLD,Gold,134.529999,9162400
2019-07-29,SPY,US equities,272.185333,38126500
2019-07-30,AGG,US aggregate bonds,90.506927,2409300
2019-07-30,EEM,Emerging-market equities,36.069115,57335800
2019-07-30,EFA,Developed international equities,52.799969,24945300
2019-07-30,EWC,Canadian equities,24.780050,1914100
2019-07-30,GLD,Gold,134.979996,9458700
2019-07-30,SPY,US equities,271.517181,45849000
2019-07-31,AGG,US aggregate bonds,90.547630,10034500
2019-07-31,EEM,Emerging-market equities,35.625603,98764700
2019-07-31,EFA,Developed international equities,52.450031,32619000
2019-07-31,EWC,Canadian equities,24.615311,2830300
2019-07-31,GLD,Gold,133.210007,18797200
2019-07-31,SPY,US equities,268.546661,104245200
2019-08-01,AGG,US aggregate bonds,91.257072,5709100
2019-08-01,EEM,Emerging-market equities,34.926224,139325900
2019-08-01,EFA,Developed international equities,52.303539,38568600
2019-08-01,EWC,Canadian equities,24.485256,3096200
2019-08-01,GLD,Gold,136.410004,27719800
2019-08-01,SPY,US equities,266.208160,142646600
2019-08-02,AGG,US aggregate bonds,91.289665,3293700
2019-08-02,EEM,Emerging-market equities,34.585060,92796300
2019-08-02,EFA,Developed international equities,51.839668,37778000
2019-08-02,EWC,Canadian equities,24.329185,2566400
2019-08-02,GLD,Gold,135.889999,13753200
2019-08-02,SPY,US equities,264.203766,116749700
2019-08-05,AGG,US aggregate bonds,91.689224,7626600
2019-08-05,EEM,Emerging-market equities,33.305714,131194100
2019-08-05,EFA,Developed international equities,50.545715,54766700
2019-08-05,EWC,Canadian equities,23.878326,3737800
2019-08-05,GLD,Gold,137.789993,17519800
2019-08-05,SPY,US equities,256.258301,178745400
2019-08-06,AGG,US aggregate bonds,91.933899,5151800
2019-08-06,EEM,Emerging-market equities,33.783348,88071500
2019-08-06,EFA,Developed international equities,50.887520,33907400
2019-08-06,EWC,Canadian equities,23.965029,4227200
2019-08-06,GLD,Gold,138.910004,9471200
2019-08-06,SPY,US equities,259.851776,120711700
2019-08-07,AGG,US aggregate bonds,91.884956,9156600
2019-08-07,EEM,Emerging-market equities,33.936859,106772500
2019-08-07,EFA,Developed international equities,51.082832,41814700
2019-08-07,EWC,Canadian equities,24.129766,6006700
2019-08-07,GLD,Gold,141.020004,26671100
2019-08-07,SPY,US equities,260.005310,140572300
2019-08-08,AGG,US aggregate bonds,91.974686,3707200
2019-08-08,EEM,Emerging-market equities,34.354778,81187700
2019-08-08,EFA,Developed international equities,51.579258,29156400
2019-08-08,EWC,Canadian equities,24.459242,1975400
2019-08-08,GLD,Gold,141.729996,13108600
2019-08-08,SPY,US equities,265.106689,87713900
2019-08-09,AGG,US aggregate bonds,91.852318,2432300
2019-08-09,EEM,Emerging-market equities,34.005104,64704000
2019-08-09,EFA,Developed international equities,51.221180,23227400
2019-08-09,EWC,Canadian equities,24.424568,1665400
2019-08-09,GLD,Gold,141.259995,9485900
2019-08-09,SPY,US equities,263.300842,93730000
2019-08-12,AGG,US aggregate bonds,92.186691,2474900
2019-08-12,EEM,Emerging-market equities,33.595707,78559800
2019-08-12,EFA,Developed international equities,50.814270,21906000
2019-08-12,EWC,Canadian equities,24.199129,1481200
2019-08-12,GLD,Gold,142.630005,15264000
2019-08-12,SPY,US equities,260.095581,65527600
2019-08-13,AGG,US aggregate bonds,92.056221,3048200
2019-08-13,EEM,Emerging-market equities,34.022148,110271800
2019-08-13,EFA,Developed international equities,51.294422,30781900
2019-08-13,EWC,Canadian equities,24.424568,2945600
2019-08-13,GLD,Gold,141.779999,29842800
2019-08-13,SPY,US equities,264.140533,94299800
2019-08-14,AGG,US aggregate bonds,92.341599,2829900
2019-08-14,EEM,Emerging-market equities,33.041325,102911500
2019-08-14,EFA,Developed international equities,49.886536,39692900
2019-08-14,EWC,Canadian equities,23.774281,4205700
2019-08-14,GLD,Gold,142.750000,20672900
2019-08-14,SPY,US equities,256.330536,135622100
2019-08-15,AGG,US aggregate bonds,92.765625,2815600
2019-08-15,EEM,Emerging-market equities,33.263073,78018300
2019-08-15,EFA,Developed international equities,50.057434,40936100
2019-08-15,EWC,Canadian equities,23.722261,2545100
2019-08-15,GLD,Gold,143.699997,13467800
2019-08-15,SPY,US equities,257.007721,99556600
2019-08-16,AGG,US aggregate bonds,92.692268,5209000
2019-08-16,EEM,Emerging-market equities,33.723637,52047900
2019-08-16,EFA,Developed international equities,50.659649,22856400
2019-08-16,EWC,Canadian equities,24.034395,1446900
2019-08-16,GLD,Gold,142.779999,11728800
2019-08-16,SPY,US equities,260.799896,83018300
2019-08-19,AGG,US aggregate bonds,92.447601,2900800
2019-08-19,EEM,Emerging-market equities,33.860107,43330900
2019-08-19,EFA,Developed international equities,50.968899,22998600
2019-08-19,EWC,Canadian equities,24.181787,1336600
2019-08-19,GLD,Gold,141.110001,10552700
2019-08-19,SPY,US equities,263.941925,53571800
2019-08-20,AGG,US aggregate bonds,92.700417,2253600
2019-08-20,EEM,Emerging-market equities,33.928341,44920900
2019-08-20,EFA,Developed international equities,50.797997,21710200
2019-08-20,EWC,Canadian equities,24.017052,2088800
2019-08-20,GLD,Gold,142.210007,7478500
2019-08-20,SPY,US equities,261.919434,51596400
2019-08-21,AGG,US aggregate bonds,92.651474,3815400
2019-08-21,EEM,Emerging-market equities,34.252438,39677100
2019-08-21,EFA,Developed international equities,51.156078,25971800
2019-08-21,EWC,Canadian equities,24.242483,2033500
2019-08-21,GLD,Gold,141.759995,8114700
2019-08-21,SPY,US equities,264.050201,49524700
2019-08-22,AGG,US aggregate bonds,92.406868,6294900
2019-08-22,EEM,Emerging-market equities,33.808929,41603000
2019-08-22,EFA,Developed international equities,51.058418,20505100
2019-08-22,EWC,Canadian equities,24.147110,2094500
2019-08-22,GLD,Gold,141.399994,6846500
2019-08-22,SPY,US equities,263.968964,51666400
2019-08-23,AGG,US aggregate bonds,92.781944,3772100
2019-08-23,EEM,Emerging-market equities,33.305714,80560300
2019-08-23,EFA,Developed international equities,50.423653,34410500
2019-08-23,EWC,Canadian equities,23.774281,3261100
2019-08-23,GLD,Gold,144.169998,20282200
2019-08-23,SPY,US equities,257.188354,149161500
2019-08-26,AGG,US aggregate bonds,92.741211,5127200
2019-08-26,EEM,Emerging-market equities,33.484825,58145000
2019-08-26,EFA,Developed international equities,50.838688,27774800
2019-08-26,EWC,Canadian equities,23.999710,2266700
2019-08-26,GLD,Gold,144.190002,12195800
2019-08-26,SPY,US equities,260.032318,72423800
2019-08-27,AGG,US aggregate bonds,93.034775,3473400
2019-08-27,EEM,Emerging-market equities,33.544533,62899100
2019-08-27,EFA,Developed international equities,50.797997,24511400
2019-08-27,EWC,Canadian equities,24.017052,2584300
2019-08-27,GLD,Gold,145.570007,12844100
2019-08-27,SPY,US equities,259.012115,66668900
2019-08-28,AGG,US aggregate bonds,93.042877,5102500
2019-08-28,EEM,Emerging-market equities,33.638348,49483900
2019-08-28,EFA,Developed international equities,50.797997,25028400
2019-08-28,EWC,Canadian equities,24.155783,1791400
2019-08-28,GLD,Gold,145.160004,11452400
2019-08-28,SPY,US equities,260.835907,59696700
2019-08-29,AGG,US aggregate bonds,92.985809,2671000
2019-08-29,EEM,Emerging-market equities,34.013630,43359900
2019-08-29,EFA,Developed international equities,51.237453,19046700
2019-08-29,EWC,Canadian equities,24.398554,1997100
2019-08-29,GLD,Gold,144.119995,14762500
2019-08-29,SPY,US equities,264.167572,57899400
2019-08-30,AGG,US aggregate bonds,93.067352,4661600
2019-08-30,EEM,Emerging-market equities,34.278019,57071300
2019-08-30,EFA,Developed international equities,51.440903,33527300
2019-08-30,EWC,Canadian equities,24.441900,2160700
2019-08-30,GLD,Gold,143.750000,9642200
2019-08-30,SPY,US equities,264.050201,62901200
2019-09-03,AGG,US aggregate bonds,93.045265,6197400
2019-09-03,EEM,Emerging-market equities,34.064804,50339600
2019-09-03,EFA,Developed international equities,51.343250,33998200
2019-09-03,EWC,Canadian equities,24.268499,2870400
2019-09-03,GLD,Gold,145.750000,15615200
2019-09-03,SPY,US equities,262.506317,69101400
2019-09-04,AGG,US aggregate bonds,93.208755,3814300
2019-09-04,EEM,Emerging-market equities,34.636238,65958900
2019-09-04,EFA,Developed international equities,52.067543,25619300
2019-09-04,EWC,Canadian equities,24.545954,2064200
2019-09-04,GLD,Gold,146.660004,11285900
2019-09-04,SPY,US equities,265.485870,46887300
2019-09-05,AGG,US aggregate bonds,92.808281,5336500
2019-09-05,EEM,Emerging-market equities,35.028568,72704000
2019-09-05,EFA,Developed international equities,52.344238,22265900
2019-09-05,EWC,Canadian equities,24.797390,2049100
2019-09-05,GLD,Gold,143.139999,20293200
2019-09-05,SPY,US equities,268.898773,83258100
2019-09-06,AGG,US aggregate bonds,92.906364,3675200
2019-09-06,EEM,Emerging-market equities,35.182095,48716200
2019-09-06,EFA,Developed international equities,52.515133,21338300
2019-09-06,EWC,Canadian equities,24.823400,1023400
2019-09-06,GLD,Gold,141.919998,14175200
2019-09-06,SPY,US equities,269.106506,49584300
2019-09-09,AGG,US aggregate bonds,92.514023,2747400
2019-09-09,EEM,Emerging-market equities,35.292976,38554200
2019-09-09,EFA,Developed international equities,52.669765,15965600
2019-09-09,EWC,Canadian equities,24.832069,2075900
2019-09-09,GLD,Gold,141.389999,11323800
2019-09-09,SPY,US equities,269.241882,51260300
2019-09-10,AGG,US aggregate bonds,92.015495,3119300
2019-09-10,EEM,Emerging-market equities,35.318558,48449600
2019-09-10,EFA,Developed international equities,52.759289,19028800
2019-09-10,EWC,Canadian equities,24.936117,1073100
2019-09-10,GLD,Gold,140.179993,12629200
2019-09-10,SPY,US equities,269.178650,57947100
2019-09-11,AGG,US aggregate bonds,92.031815,2646900
2019-09-11,EEM,Emerging-market equities,35.565907,62563900
2019-09-11,EFA,Developed international equities,53.052254,18413200
2019-09-11,EWC,Canadian equities,24.988138,1010100
2019-09-11,GLD,Gold,141.029999,7453000
2019-09-11,SPY,US equities,271.092773,68821100
2019-09-12,AGG,US aggregate bonds,91.884689,4069600
2019-09-12,EEM,Emerging-market equities,35.821766,74590100
2019-09-12,EFA,Developed international equities,53.361500,30292200
2019-09-12,EWC,Canadian equities,24.996809,1514000
2019-09-12,GLD,Gold,141.320007,12673700
2019-09-12,SPY,US equities,272.031799,72908700
2019-09-13,AGG,US aggregate bonds,91.337044,2506400
2019-09-13,EEM,Emerging-market equities,36.026470,58403500
2019-09-13,EFA,Developed international equities,53.662609,22132200
2019-09-13,EWC,Canadian equities,25.005480,1871600
2019-09-13,GLD,Gold,140.149994,13451700
2019-09-13,SPY,US equities,271.851196,62104800
2019-09-16,AGG,US aggregate bonds,91.582283,2923500
2019-09-16,EEM,Emerging-market equities,35.745010,62905800
2019-09-16,EFA,Developed international equities,53.182461,31083600
2019-09-16,EWC,Canadian equities,25.126865,2256400
2019-09-16,GLD,Gold,141.320007,8094600
2019-09-16,SPY,US equities,271.011505,58191200
2019-09-17,AGG,US aggregate bonds,91.721275,2614200
2019-09-17,EEM,Emerging-market equities,35.745010,98835700
2019-09-17,EFA,Developed international equities,53.361500,23554300
2019-09-17,EWC,Canadian equities,25.256922,1365100
2019-09-17,GLD,Gold,141.600006,7010200
2019-09-17,SPY,US equities,271.697754,41475500
2019-09-18,AGG,US aggregate bonds,91.827461,2291300
2019-09-18,EEM,Emerging-market equities,35.600018,70984700
2019-09-18,EFA,Developed international equities,53.296391,17807600
2019-09-18,EWC,Canadian equities,25.170221,1813200
2019-09-18,GLD,Gold,140.710007,15026300
2019-09-18,SPY,US equities,271.860229,73375800
2019-09-19,AGG,US aggregate bonds,91.958244,2280000
2019-09-19,EEM,Emerging-market equities,35.455029,52527900
2019-09-19,EFA,Developed international equities,53.475433,18972500
2019-09-19,EWC,Canadian equities,25.282934,1508000
2019-09-19,GLD,Gold,141.279999,8057400
2019-09-19,SPY,US equities,271.842194,76560500
2019-09-20,AGG,US aggregate bonds,92.293350,2048300
2019-09-20,EEM,Emerging-market equities,35.489136,84880500
2019-09-20,EFA,Developed international equities,53.353352,35368700
2019-09-20,EWC,Canadian equities,25.282934,1379200
2019-09-20,GLD,Gold,142.949997,12110000
2019-09-20,SPY,US equities,270.557770,89565000
2019-09-23,AGG,US aggregate bonds,92.334198,3412000
2019-09-23,EEM,Emerging-market equities,35.523258,41828800
2019-09-23,EFA,Developed international equities,53.215008,15457000
2019-09-23,EWC,Canadian equities,25.274263,1404200
2019-09-23,GLD,Gold,143.750000,9006500
2019-09-23,SPY,US equities,270.494293,43476800
2019-09-24,AGG,US aggregate bonds,92.587593,2602500
2019-09-24,EEM,Emerging-market equities,35.147984,57006500
2019-09-24,EFA,Developed international equities,53.011562,32233100
2019-09-24,EWC,Canadian equities,25.178890,1644000
2019-09-24,GLD,Gold,144.509995,10576300
2019-09-24,SPY,US equities,268.371765,94869400
2019-09-25,AGG,US aggregate bonds,92.203407,3813800
2019-09-25,EEM,Emerging-market equities,35.122387,43393200
2019-09-25,EFA,Developed international equities,52.856930,21342600
2019-09-25,EWC,Canadian equities,25.152880,1131100
2019-09-25,GLD,Gold,141.830002,11648400
2019-09-25,SPY,US equities,269.959137,71854000
2019-09-26,AGG,US aggregate bonds,92.358727,4869400
2019-09-26,EEM,Emerging-market equities,35.113865,37645800
2019-09-26,EFA,Developed international equities,53.052254,25098000
2019-09-26,EWC,Canadian equities,25.109522,1661700
2019-09-26,GLD,Gold,141.789993,7984600
2019-09-26,SPY,US equities,269.396759,56179700
2019-09-27,AGG,US aggregate bonds,92.473160,4652500
2019-09-27,EEM,Emerging-market equities,34.661823,79236200
2019-09-27,EFA,Developed international equities,52.873211,20607400
2019-09-27,EWC,Canadian equities,25.040163,1788800
2019-09-27,GLD,Gold,141.059998,9804200
2019-09-27,SPY,US equities,267.945374,84746600
2019-09-30,AGG,US aggregate bonds,92.497665,6359800
2019-09-30,EEM,Emerging-market equities,34.857990,43961000
2019-09-30,EFA,Developed international equities,53.068523,25423400
2019-09-30,EWC,Canadian equities,25.057505,1661600
2019-09-30,GLD,Gold,138.869995,15459100
2019-09-30,SPY,US equities,269.188110,51662400
2019-10-01,AGG,US aggregate bonds,92.665604,5980200
2019-10-01,EEM,Emerging-market equities,34.610657,48520000
2019-10-01,EFA,Developed international equities,52.547691,42550500
2019-10-01,EWC,Canadian equities,24.736696,6623900
2019-10-01,GLD,Gold,139.630005,12476200
2019-10-01,SPY,US equities,265.986237,88242400
2019-10-02,AGG,US aggregate bonds,92.731178,8637000
2019-10-02,EEM,Emerging-market equities,34.346260,41806300
2019-10-02,EFA,Developed international equities,51.473457,43464100
2019-10-02,EWC,Canadian equities,24.346529,7773600
2019-10-02,GLD,Gold,141.259995,11914300
2019-10-02,SPY,US equities,261.287659,122539500
2019-10-03,AGG,US aggregate bonds,93.091591,4219100
2019-10-03,EEM,Emerging-market equities,34.789764,62287700
2019-10-03,EFA,Developed international equities,51.815262,39571700
2019-10-03,EWC,Canadian equities,24.346529,2968500
2019-10-03,GLD,Gold,141.899994,12396100
2019-10-03,SPY,US equities,263.428284,85278800
2019-10-04,AGG,US aggregate bonds,93.239037,3331200
2019-10-04,EEM,Emerging-market equities,34.943287,54314800
2019-10-04,EFA,Developed international equities,52.222164,18837500
2019-10-04,EWC,Canadian equities,24.528610,1610400
2019-10-04,GLD,Gold,141.899994,9651000
2019-10-04,SPY,US equities,266.993042,65091200
2019-10-07,AGG,US aggregate bonds,92.985062,2493000
2019-10-07,EEM,Emerging-market equities,34.653301,57065700
2019-10-07,EFA,Developed international equities,52.157055,19228000
2019-10-07,EWC,Canadian equities,24.467913,2846400
2019-10-07,GLD,Gold,140.690002,6127200
2019-10-07,SPY,US equities,265.841064,59610500
2019-10-08,AGG,US aggregate bonds,93.017822,3055700
2019-10-08,EEM,Emerging-market equities,34.405956,57784200
2019-10-08,EFA,Developed international equities,51.668774,27797800
2019-10-08,EWC,Canadian equities,24.242483,2678900
2019-10-08,GLD,Gold,141.919998,10428900
2019-10-08,SPY,US equities,261.713928,95708100
2019-10-09,AGG,US aggregate bonds,92.968704,3332800
2019-10-09,EEM,Emerging-market equities,34.670361,41122500
2019-10-09,EFA,Developed international equities,52.043129,22989500
2019-10-09,EWC,Canadian equities,24.398554,1794500
2019-10-09,GLD,Gold,142.050003,6927700
2019-10-09,SPY,US equities,264.199371,62359400
2019-10-10,AGG,US aggregate bonds,92.649216,4312400
2019-10-10,EEM,Emerging-market equities,35.028568,49289100
2019-10-10,EFA,Developed international equities,52.409340,25532400
2019-10-10,EWC,Canadian equities,24.545954,1608200
2019-10-10,GLD,Gold,140.809998,9301700
2019-10-10,SPY,US equities,265.986237,55296300
2019-10-11,AGG,US aggregate bonds,92.346153,3568600
2019-10-11,EEM,Emerging-market equities,35.591492,95248800
2019-10-11,EFA,Developed international equities,53.345226,37665600
2019-10-11,EWC,Canadian equities,24.754038,2577800
2019-10-11,GLD,Gold,140.029999,11333400
2019-10-11,SPY,US equities,268.743652,98720400
2019-10-14,AGG,US aggregate bonds,92.501755,1716600
2019-10-14,EEM,Emerging-market equities,35.437965,29228200
2019-10-14,EFA,Developed international equities,53.125496,12662000
2019-10-14,EWC,Canadian equities,24.676003,1349100
2019-10-14,GLD,Gold,140.589996,4006700
2019-10-14,SPY,US equities,268.444366,40394800
2019-10-15,AGG,US aggregate bonds,92.198685,4168600
2019-10-15,EEM,Emerging-market equities,35.753532,50663000
2019-10-15,EFA,Developed international equities,53.743996,24932600
2019-10-15,EWC,Canadian equities,24.762709,1263600
2019-10-15,GLD,Gold,139.610001,9128300
2019-10-15,SPY,US equities,271.102081,46754500
2019-10-16,AGG,US aggregate bonds,92.362495,2430600
2019-10-16,EEM,Emerging-market equities,35.855885,40768400
2019-10-16,EFA,Developed international equities,53.825367,28518700
2019-10-16,EWC,Canadian equities,24.771379,1979200
2019-10-16,GLD,Gold,140.410004,10330300
2019-10-16,SPY,US equities,270.666656,48928200
2019-10-17,AGG,US aggregate bonds,92.337982,2316400
2019-10-17,EEM,Emerging-market equities,35.992348,56380200
2019-10-17,EFA,Developed international equities,53.955589,26853900
2019-10-17,EWC,Canadian equities,24.875423,1313600
2019-10-17,GLD,Gold,140.610001,6131000
2019-10-17,SPY,US equities,271.464844,45736600
2019-10-18,AGG,US aggregate bonds,92.403450,1454200
2019-10-18,EEM,Emerging-market equities,35.804714,78858900
2019-10-18,EFA,Developed international equities,53.931160,21446100
2019-10-18,EWC,Canadian equities,24.788719,979200
2019-10-18,GLD,Gold,140.460007,6416100
2019-10-18,SPY,US equities,270.276550,64304000
2019-10-21,AGG,US aggregate bonds,92.149551,4241600
2019-10-21,EEM,Emerging-market equities,36.128811,38432200
2019-10-21,EFA,Developed international equities,54.224136,29016200
2019-10-21,EWC,Canadian equities,24.970798,1407000
2019-10-21,GLD,Gold,139.789993,8306200
2019-10-21,SPY,US equities,272.108856,39048600
2019-10-22,AGG,US aggregate bonds,92.288780,2147400
2019-10-22,EEM,Emerging-market equities,36.154408,53409500
2019-10-22,EFA,Developed international equities,54.093929,21293000
2019-10-22,EWC,Canadian equities,24.944784,1534600
2019-10-22,GLD,Gold,140.199997,3879700
2019-10-22,SPY,US equities,271.219910,48594700
2019-10-23,AGG,US aggregate bonds,92.362495,1887800
2019-10-23,EEM,Emerging-market equities,36.162933,43342700
2019-10-23,EFA,Developed international equities,54.386894,14206200
2019-10-23,EWC,Canadian equities,24.927448,1584200
2019-10-23,GLD,Gold,140.529999,4155300
2019-10-23,SPY,US equities,272.009094,34352200
2019-10-24,AGG,US aggregate bonds,92.387070,1725800
2019-10-24,EEM,Emerging-market equities,36.162933,61391900
2019-10-24,EFA,Developed international equities,54.484550,23429100
2019-10-24,EWC,Canadian equities,24.979467,3244500
2019-10-24,GLD,Gold,141.529999,6174800
2019-10-24,SPY,US equities,272.453461,35453100
2019-10-25,AGG,US aggregate bonds,92.256020,2486600
2019-10-25,EEM,Emerging-market equities,36.418797,49443700
2019-10-25,EFA,Developed international equities,54.541515,17184200
2019-10-25,EWC,Canadian equities,25.066175,1101400
2019-10-25,GLD,Gold,141.860001,6011500
2019-10-25,SPY,US equities,273.569244,45205400
2019-10-28,AGG,US aggregate bonds,92.059418,2948300
2019-10-28,EEM,Emerging-market equities,36.632023,56279100
2019-10-28,EFA,Developed international equities,54.785652,16490600
2019-10-28,EWC,Canadian equities,25.057505,2104000
2019-10-28,GLD,Gold,140.639999,5442000
2019-10-28,SPY,US equities,275.111176,42147000
2019-10-29,AGG,US aggregate bonds,92.067619,2384700
2019-10-29,EEM,Emerging-market equities,36.444397,33949800
2019-10-29,EFA,Developed international equities,54.769390,15251900
2019-10-29,EWC,Canadian equities,25.014151,1183600
2019-10-29,GLD,Gold,140.250000,3835400
2019-10-29,SPY,US equities,275.029510,44284900
2019-10-30,AGG,US aggregate bonds,92.329742,2381400
2019-10-30,EEM,Emerging-market equities,36.606434,60881000
2019-10-30,EFA,Developed international equities,54.997261,22592900
2019-10-30,EWC,Canadian equities,24.996809,1844900
2019-10-30,GLD,Gold,141.020004,6992900
2019-10-30,SPY,US equities,275.873138,49643900
2019-10-31,AGG,US aggregate bonds,92.690186,5399100
2019-10-31,EEM,Emerging-market equities,36.316452,56057700
2019-10-31,EFA,Developed international equities,54.867043,22047900
2019-10-31,EWC,Canadian equities,24.953459,1604700
2019-10-31,GLD,Gold,142.429993,7050900
2019-10-31,SPY,US equities,275.138458,69053800
2019-11-01,AGG,US aggregate bonds,92.715599,3988300
2019-11-01,EEM,Emerging-market equities,36.862309,72772400
2019-11-01,EFA,Developed international equities,55.355335,32338600
2019-11-01,EWC,Canadian equities,25.170221,1381400
2019-11-01,GLD,Gold,142.559998,8090000
2019-11-01,SPY,US equities,277.687256,71141500
2019-11-04,AGG,US aggregate bonds,92.485748,2662700
2019-11-04,EEM,Emerging-market equities,37.229050,62191600
2019-11-04,EFA,Developed international equities,55.640175,20429900
2019-11-04,EWC,Canadian equities,25.352297,1694900
2019-11-04,GLD,Gold,142.149994,4740300
2019-11-04,SPY,US equities,278.802979,60606900
2019-11-05,AGG,US aggregate bonds,92.140984,3205500
2019-11-05,EEM,Emerging-market equities,37.442276,62354500
2019-11-05,EFA,Developed international equities,55.534370,15727300
2019-11-05,EWC,Canadian equities,25.343626,2439100
2019-11-05,GLD,Gold,139.850006,11782300
2019-11-05,SPY,US equities,278.494568,42933200
2019-11-06,AGG,US aggregate bonds,92.280510,3840500
2019-11-06,EEM,Emerging-market equities,37.322872,61670500
2019-11-06,EFA,Developed international equities,55.509956,16600200
2019-11-06,EWC,Canadian equities,25.404316,1309300
2019-11-06,GLD,Gold,140.449997,6416500
2019-11-06,SPY,US equities,278.558044,46487100
2019-11-07,AGG,US aggregate bonds,91.845367,4022400
2019-11-07,EEM,Emerging-market equities,37.595798,97598200
2019-11-07,EFA,Developed international equities,55.680855,21271500
2019-11-07,EWC,Canadian equities,25.525705,1502200
2019-11-07,GLD,Gold,138.270004,15214200
2019-11-07,SPY,US equities,279.537659,54272300
2019-11-08,AGG,US aggregate bonds,91.796112,3866100
2019-11-08,EEM,Emerging-market equities,37.254642,68666900
2019-11-08,EFA,Developed international equities,55.648293,10298800
2019-11-08,EWC,Canadian equities,25.543043,922400
2019-11-08,GLD,Gold,137.389999,10377400
2019-11-08,SPY,US equities,280.227051,49032100
2019-11-11,AGG,US aggregate bonds,91.812515,1559900
2019-11-11,EEM,Emerging-market equities,36.990238,47092800
2019-11-11,EFA,Developed international equities,55.575069,8544000
2019-11-11,EWC,Canadian equities,25.525705,921100
2019-11-11,GLD,Gold,137.059998,7037300
2019-11-11,SPY,US equities,279.691986,35797300
2019-11-12,AGG,US aggregate bonds,91.911064,2032800
2019-11-12,EEM,Emerging-market equities,36.751442,57453500
2019-11-12,EFA,Developed international equities,55.599468,18570100
2019-11-12,EWC,Canadian equities,25.543043,1322800
2019-11-12,GLD,Gold,137.429993,6448600
2019-11-12,SPY,US equities,280.281494,46484600
2019-11-13,AGG,US aggregate bonds,92.075287,2570200
2019-11-13,EEM,Emerging-market equities,36.469971,63134600
2019-11-13,EFA,Developed international equities,55.404167,21006500
2019-11-13,EWC,Canadian equities,25.621080,1675400
2019-11-13,GLD,Gold,137.979996,8776000
2019-11-13,SPY,US equities,280.372131,53917700
2019-11-14,AGG,US aggregate bonds,92.338020,2901000
2019-11-14,EEM,Emerging-market equities,36.495560,48737400
2019-11-14,EFA,Developed international equities,55.249535,17870900
2019-11-14,EWC,Canadian equities,25.621080,5270600
2019-11-14,GLD,Gold,138.559998,5220500
2019-11-14,SPY,US equities,280.780273,51219900
2019-11-15,AGG,US aggregate bonds,92.288704,4400400
2019-11-15,EEM,Emerging-market equities,36.785542,67670700
2019-11-15,EFA,Developed international equities,55.599468,23494600
2019-11-15,EWC,Canadian equities,25.777151,1570900
2019-11-15,GLD,Gold,138.210007,10106700
2019-11-15,SPY,US equities,282.812164,62023600
2019-11-18,AGG,US aggregate bonds,92.461113,5757900
2019-11-18,EEM,Emerging-market equities,36.725845,52545500
2019-11-18,EFA,Developed international equities,55.664570,20587500
2019-11-18,EWC,Canadian equities,25.803160,1468400
2019-11-18,GLD,Gold,138.619995,5717900
2019-11-18,SPY,US equities,283.020752,49228000
2019-11-19,AGG,US aggregate bonds,92.526825,2210700
2019-11-19,EEM,Emerging-market equities,36.802608,40853600
2019-11-19,EFA,Developed international equities,55.591339,18664800
2019-11-19,EWC,Canadian equities,25.655764,1478000
2019-11-19,GLD,Gold,138.690002,4824400
2019-11-19,SPY,US equities,282.939209,67804700
2019-11-20,AGG,US aggregate bonds,92.748436,3474400
2019-11-20,EEM,Emerging-market equities,36.640556,51991800
2019-11-20,EFA,Developed international equities,55.241398,20655200
2019-11-20,EWC,Canadian equities,25.551716,1386500
2019-11-20,GLD,Gold,138.759995,6892100
2019-11-20,SPY,US equities,281.886963,79406200
2019-11-21,AGG,US aggregate bonds,92.617088,6522800
2019-11-21,EEM,Emerging-market equities,36.563793,43842600
2019-11-21,EFA,Developed international equities,55.168152,14293400
2019-11-21,EWC,Canadian equities,25.603739,1056000
2019-11-21,GLD,Gold,138.000000,4197200
2019-11-21,SPY,US equities,281.433472,54664700
2019-11-22,AGG,US aggregate bonds,92.666328,2507000
2019-11-22,EEM,Emerging-market equities,36.563793,23519900
2019-11-22,EFA,Developed international equities,55.322781,14969300
2019-11-22,EWC,Canadian equities,25.508366,816300
2019-11-22,GLD,Gold,137.740005,3620300
2019-11-22,SPY,US equities,282.059296,44850200
2019-11-25,AGG,US aggregate bonds,92.756714,4251200
2019-11-25,EEM,Emerging-market equities,36.930542,57048200
2019-11-25,EFA,Developed international equities,55.762238,19329100
2019-11-25,EWC,Canadian equities,25.629749,1712700
2019-11-25,GLD,Gold,137.080002,6415800
2019-11-25,SPY,US equities,284.245331,48647200
2019-11-26,AGG,US aggregate bonds,92.888039,2382200
2019-11-26,EEM,Emerging-market equities,36.819664,49571200
2019-11-26,EFA,Developed international equities,55.729683,24276000
2019-11-26,EWC,Canadian equities,25.681770,1191700
2019-11-26,GLD,Gold,137.740005,4724400
2019-11-26,SPY,US equities,284.889313,37569000
2019-11-27,AGG,US aggregate bonds,92.773094,3437300
2019-11-27,EEM,Emerging-market equities,36.862309,30402300
2019-11-27,EFA,Developed international equities,55.876179,16942100
2019-11-27,EWC,Canadian equities,25.716454,1439800
2019-11-27,GLD,Gold,137.009995,4111000
2019-11-27,SPY,US equities,286.159210,44444600
2019-11-29,AGG,US aggregate bonds,92.658150,4059000
2019-11-29,EEM,Emerging-market equities,36.282337,35476600
2019-11-29,EFA,Developed international equities,55.485542,11587200
2019-11-29,EWC,Canadian equities,25.690443,495900
2019-11-29,GLD,Gold,137.860001,4516400
2019-11-29,SPY,US equities,285.097992,36592700
2019-12-02,AGG,US aggregate bonds,92.556129,9325100
2019-12-02,EEM,Emerging-market equities,36.273800,59762300
2019-12-02,EFA,Developed international equities,55.200706,38855400
2019-12-02,EWC,Canadian equities,25.525705,2051100
2019-12-02,GLD,Gold,137.789993,8274700
2019-12-02,SPY,US equities,282.676117,75767800
2019-12-03,AGG,US aggregate bonds,92.975754,5283800
2019-12-03,EEM,Emerging-market equities,36.086178,50471700
2019-12-03,EFA,Developed international equities,54.997261,28161500
2019-12-03,EWC,Canadian equities,25.334953,1314700
2019-12-03,GLD,Gold,139.110001,8481700
2019-12-03,SPY,US equities,280.780273,73941700
2019-12-04,AGG,US aggregate bonds,92.819405,5806500
2019-12-04,EEM,Emerging-market equities,36.359097,47026100
2019-12-04,EFA,Developed international equities,55.501816,21762200
2019-12-04,EWC,Canadian equities,25.517036,5845700
2019-12-04,GLD,Gold,138.919998,6322300
2019-12-04,SPY,US equities,282.512878,49080000
2019-12-05,AGG,US aggregate bonds,92.712494,4374700
2019-12-05,EEM,Emerging-market equities,36.521145,43346400
2019-12-05,EFA,Developed international equities,55.396008,21039700
2019-12-05,EWC,Canadian equities,25.491020,2328200
2019-12-05,GLD,Gold,139.000000,5671500
2019-12-05,SPY,US equities,283.020752,40709000
2019-12-06,AGG,US aggregate bonds,92.580826,4648200
2019-12-06,EEM,Emerging-market equities,36.734371,56766600
2019-12-06,EFA,Developed international equities,55.900578,23179600
2019-12-06,EWC,Canadian equities,25.560385,1932100
2019-12-06,GLD,Gold,137.619995,8714500
2019-12-06,SPY,US equities,285.605865,48927000
2019-12-09,AGG,US aggregate bonds,92.630226,7398300
2019-12-09,EEM,Emerging-market equities,36.589386,37622000
2019-12-09,EFA,Developed international equities,55.607616,21946200
2019-12-09,EWC,Canadian equities,25.560385,1374300
2019-12-09,GLD,Gold,137.580002,2711600
2019-12-09,SPY,US equities,284.707916,34838500
2019-12-10,AGG,US aggregate bonds,92.597267,3761100
2019-12-10,EEM,Emerging-market equities,36.717312,34791300
2019-12-10,EFA,Developed international equities,55.632023,23419000
2019-12-10,EWC,Canadian equities,25.560385,920800
2019-12-10,GLD,Gold,137.970001,3240800
2019-12-10,SPY,US equities,284.390533,52649800
2019-12-11,AGG,US aggregate bonds,92.844147,3764500
2019-12-11,EEM,Emerging-market equities,37.254642,60083200
2019-12-11,EFA,Developed international equities,55.924995,16546800
2019-12-11,EWC,Canadian equities,25.655764,4690500
2019-12-11,GLD,Gold,138.919998,6097500
2019-12-11,SPY,US equities,285.197784,53429100
2019-12-12,AGG,US aggregate bonds,92.449211,5080100
2019-12-12,EEM,Emerging-market equities,37.902843,132196700
2019-12-12,EFA,Developed international equities,56.299347,30690900
2019-12-12,EWC,Canadian equities,25.699114,2443700
2019-12-12,GLD,Gold,138.429993,8815100
2019-12-12,SPY,US equities,287.655884,96389600
2019-12-13,AGG,US aggregate bonds,92.819405,5911000
2019-12-13,EEM,Emerging-market equities,37.885788,160526800
2019-12-13,EFA,Developed international equities,56.689976,46988400
2019-12-13,EWC,Canadian equities,25.733799,1545100
2019-12-13,GLD,Gold,139.050003,6964300
2019-12-13,SPY,US equities,287.828278,81503900
2019-12-16,AGG,US aggregate bonds,92.630226,5012100
2019-12-16,EEM,Emerging-market equities,38.207233,81828000
2019-12-16,EFA,Developed international equities,57.295681,34004700
2019-12-16,EWC,Canadian equities,25.930626,1211500
2019-12-16,GLD,Gold,139.039993,4646100
2019-12-16,SPY,US equities,289.805573,82749700
2019-12-17,AGG,US aggregate bonds,92.638374,3016300
2019-12-17,EEM,Emerging-market equities,38.555679,79046200
2019-12-17,EFA,Developed international equities,56.966507,28111100
2019-12-17,EWC,Canadian equities,25.965773,2119100
2019-12-17,GLD,Gold,139.009995,4287500
2019-12-17,SPY,US equities,289.869080,61097700
2019-12-18,AGG,US aggregate bonds,92.457428,6516300
2019-12-18,EEM,Emerging-market equities,38.764748,67065000
2019-12-18,EFA,Developed international equities,56.892422,18590900
2019-12-18,EWC,Canadian equities,25.956989,1861000
2019-12-18,GLD,Gold,139.020004,3607600
2019-12-18,SPY,US equities,289.887177,48133000
2019-12-19,AGG,US aggregate bonds,92.557175,5613800
2019-12-19,EEM,Emerging-market equities,38.782166,59364600
2019-12-19,EFA,Developed international equities,56.892422,25939200
2019-12-19,EWC,Canadian equities,25.983347,1489100
2019-12-19,GLD,Gold,139.380005,4975000
2019-12-19,SPY,US equities,291.075409,85310500
2019-12-20,AGG,US aggregate bonds,92.573608,8809200
2019-12-20,EEM,Emerging-market equities,38.860569,69295600
2019-12-20,EFA,Developed international equities,56.933578,38587700
2019-12-20,EWC,Canadian equities,26.036070,1193300
2019-12-20,GLD,Gold,139.520004,4463900
2019-12-20,SPY,US equities,292.351685,147142100
2019-12-23,AGG,US aggregate bonds,92.507668,3148600
2019-12-23,EEM,Emerging-market equities,38.912830,29479500
2019-12-23,EFA,Developed international equities,57.024109,21313800
2019-12-23,EWC,Canadian equities,26.036070,1071400
2019-12-23,GLD,Gold,139.949997,5180900
2019-12-23,SPY,US equities,292.798248,52990000
2019-12-24,AGG,US aggregate bonds,92.623070,1887800
2019-12-24,EEM,Emerging-market equities,38.825722,18951500
2019-12-24,EFA,Developed international equities,56.966507,5947000
2019-12-24,EWC,Canadian equities,26.062431,395000
2019-12-24,GLD,Gold,141.270004,5303700
2019-12-24,SPY,US equities,292.807343,20270000
2019-12-26,AGG,US aggregate bonds,92.705505,6072100
2019-12-26,EEM,Emerging-market equities,39.104485,24947900
2019-12-26,EFA,Developed international equities,57.213387,8372000
2019-12-26,EWC,Canadian equities,26.203020,1385800
2019-12-26,GLD,Gold,142.380005,8342500
2019-12-26,SPY,US equities,294.366150,30911200
2019-12-27,AGG,US aggregate bonds,92.829124,4733800
2019-12-27,EEM,Emerging-market equities,39.261288,48407900
2019-12-27,EFA,Developed international equities,57.312145,16281600
2019-12-27,EWC,Canadian equities,26.194237,2281600
2019-12-27,GLD,Gold,142.330002,5119900
2019-12-27,SPY,US equities,294.293152,42528800
2019-12-30,AGG,US aggregate bonds,92.829124,3979100
2019-12-30,EEM,Emerging-market equities,38.999947,44522800
2019-12-30,EFA,Developed international equities,56.884197,24069000
2019-12-30,EWC,Canadian equities,26.106365,2455300
2019-12-30,GLD,Gold,142.630005,4810600
2019-12-30,SPY,US equities,292.670685,49729100
2019-12-31,AGG,US aggregate bonds,92.614830,6807600
2019-12-31,EEM,Emerging-market equities,39.087059,47292800
2019-12-31,EFA,Developed international equities,57.147549,20142100
2019-12-31,EWC,Canadian equities,26.264530,1620800
2019-12-31,GLD,Gold,142.899994,5313500
2019-12-31,SPY,US equities,293.381531,57077300
2020-01-02,AGG,US aggregate bonds,92.870338,6791400
2020-01-02,EEM,Emerging-market equities,39.879772,78570100
2020-01-02,EFA,Developed international equities,57.723640,24749300
2020-01-02,EWC,Canadian equities,26.343616,1938400
2020-01-02,GLD,Gold,143.949997,7733800
2020-01-02,SPY,US equities,296.125275,59151200
2020-01-03,AGG,US aggregate bonds,93.142342,3664300
2020-01-03,EEM,Emerging-market equities,39.139328,78998200
2020-01-03,EFA,Developed international equities,57.007645,29921500
2020-01-03,EWC,Canadian equities,26.211813,1851900
2020-01-03,GLD,Gold,145.860001,12272800
2020-01-03,SPY,US equities,293.882935,77709700
2020-01-06,AGG,US aggregate bonds,93.068138,8131600
2020-01-06,EEM,Emerging-market equities,39.043499,40085300
2020-01-06,EFA,Developed international equities,57.229858,22636400
2020-01-06,EWC,Canadian equities,26.343616,1292300
2020-01-06,GLD,Gold,147.389999,14403300
2020-01-06,SPY,US equities,295.004089,55653900
2020-01-07,AGG,US aggregate bonds,92.969246,2883000
2020-01-07,EEM,Emerging-market equities,39.017372,65705300
2020-01-07,EFA,Developed international equities,57.073475,15107500
2020-01-07,EWC,Canadian equities,26.369976,1405200
2020-01-07,GLD,Gold,147.970001,7978500
2020-01-07,SPY,US equities,294.174622,40496400
2020-01-08,AGG,US aggregate bonds,92.862076,7323100
2020-01-08,EEM,Emerging-market equities,39.243855,86913300
2020-01-08,EFA,Developed international equities,57.238087,14249500
2020-01-08,EWC,Canadian equities,26.343616,7194400
2020-01-08,GLD,Gold,146.860001,22248500
2020-01-08,SPY,US equities,295.742432,68296000
2020-01-09,AGG,US aggregate bonds,92.960991,9110900
2020-01-09,EEM,Emerging-market equities,39.505192,53199900
2020-01-09,EFA,Developed international equities,57.369759,13749100
2020-01-09,EWC,Canadian equities,26.387554,1802300
2020-01-09,GLD,Gold,146.029999,10292300
2020-01-09,SPY,US equities,297.747833,48473300
2020-01-10,AGG,US aggregate bonds,93.117592,4198100
2020-01-10,EEM,Emerging-market equities,39.714264,67573300
2020-01-10,EFA,Developed international equities,57.155785,33832300
2020-01-10,EWC,Canadian equities,26.369976,4884200
2020-01-10,GLD,Gold,146.910004,6183300
2020-01-10,SPY,US equities,296.890930,53029300
2020-01-13,AGG,US aggregate bonds,93.059898,4465300
2020-01-13,EEM,Emerging-market equities,40.332756,79593800
2020-01-13,EFA,Developed international equities,57.452053,16443000
2020-01-13,EWC,Canadian equities,26.510572,1726100
2020-01-13,GLD,Gold,145.820007,7593800
2020-01-13,SPY,US equities,298.932861,47086800
2020-01-14,AGG,US aggregate bonds,93.142342,3625400
2020-01-14,EEM,Emerging-market equities,40.106270,75746900
2020-01-14,EFA,Developed international equities,57.509666,28826600
2020-01-14,EWC,Canadian equities,26.528147,2362900
2020-01-14,GLD,Gold,145.690002,6589700
2020-01-14,SPY,US equities,298.477020,62832800
2020-01-15,AGG,US aggregate bonds,93.282440,3896300
2020-01-15,EEM,Emerging-market equities,39.792671,60620600
2020-01-15,EFA,Developed international equities,57.509666,12217900
2020-01-15,EWC,Canadian equities,26.668741,2076500
2020-01-15,GLD,Gold,146.539993,6510000
2020-01-15,SPY,US equities,299.151489,72056600
2020-01-16,AGG,US aggregate bonds,93.282440,2801400
2020-01-16,EEM,Emerging-market equities,40.045288,50712700
2020-01-16,EFA,Developed international equities,57.748314,12883400
2020-01-16,EWC,Canadian equities,26.809330,1457400
2020-01-16,GLD,Gold,146.309998,6069100
2020-01-16,SPY,US equities,301.639923,54050300
2020-01-17,AGG,US aggregate bonds,93.175293,3003300
2020-01-17,EEM,Emerging-market equities,40.271778,72382100
2020-01-17,EFA,Developed international equities,57.921150,18473700
2020-01-17,EWC,Canadian equities,26.870840,2505700
2020-01-17,GLD,Gold,146.580002,11121100
2020-01-17,SPY,US equities,302.578857,95846000
2020-01-21,AGG,US aggregate bonds,93.439034,4672100
2020-01-21,EEM,Emerging-market equities,39.252567,106662600
2020-01-21,EFA,Developed international equities,57.460278,20026600
2020-01-21,EWC,Canadian equities,26.879627,2939600
2020-01-21,GLD,Gold,146.740005,6086100
2020-01-21,SPY,US equities,301.986359,77742400
2020-01-22,AGG,US aggregate bonds,93.488449,3627200
2020-01-22,EEM,Emerging-market equities,39.574890,57584900
2020-01-22,EFA,Developed international equities,57.575504,14047000
2020-01-22,EWC,Canadian equities,26.739037,2270500
2020-01-22,GLD,Gold,146.789993,4778200
2020-01-22,SPY,US equities,302.022827,48914900
2020-01-23,AGG,US aggregate bonds,93.612106,3429500
2020-01-23,EEM,Emerging-market equities,39.165455,88714300
2020-01-23,EFA,Developed international equities,57.435608,18720200
2020-01-23,EWC,Canadian equities,26.844481,4985400
2020-01-23,GLD,Gold,147.119995,8419800
2020-01-23,SPY,US equities,302.369202,51963000
2020-01-24,AGG,US aggregate bonds,93.785172,4199800
2020-01-24,EEM,Emerging-market equities,38.851860,88654500
2020-01-24,EFA,Developed international equities,57.188702,24107500
2020-01-24,EWC,Canadian equities,26.721460,1668000
2020-01-24,GLD,Gold,147.979996,9919900
2020-01-24,SPY,US equities,299.680176,87578400
2020-01-27,AGG,US aggregate bonds,94.073662,4790000
2020-01-27,EEM,Emerging-market equities,37.510338,129321800
2020-01-27,EFA,Developed international equities,56.003616,32766700
2020-01-27,EWC,Canadian equities,26.387554,2523900
2020-01-27,GLD,Gold,148.990005,9988100
2020-01-27,SPY,US equities,294.876526,84062500
2020-01-28,AGG,US aggregate bonds,93.991234,4463800
2020-01-28,EEM,Emerging-market equities,37.823936,82396700
2020-01-28,EFA,Developed international equities,56.530319,18001700
2020-01-28,EWC,Canadian equities,26.589657,2195800
2020-01-28,GLD,Gold,147.660004,7543100
2020-01-28,SPY,US equities,297.966492,63834000
2020-01-29,AGG,US aggregate bonds,94.205536,2890200
2020-01-29,EEM,Emerging-market equities,38.006866,51814700
2020-01-29,EFA,Developed international equities,56.538540,14916600
2020-01-29,EWC,Canadian equities,26.449064,2050900
2020-01-29,GLD,Gold,148.460007,5013100
2020-01-29,SPY,US equities,297.720551,53888900
2020-01-30,AGG,US aggregate bonds,94.213776,6885600
2020-01-30,EEM,Emerging-market equities,37.440647,105864200
2020-01-30,EFA,Developed international equities,56.489178,26285300
2020-01-30,EWC,Canadian equities,26.492996,2072600
2020-01-30,GLD,Gold,148.470001,9119500
2020-01-30,SPY,US equities,298.686615,75491800
2020-01-31,AGG,US aggregate bonds,94.494011,5281900
2020-01-31,EEM,Emerging-market equities,36.682774,99532200
2020-01-31,EFA,Developed international equities,55.534515,40101600
2020-01-31,EWC,Canadian equities,26.071218,5866600
2020-01-31,GLD,Gold,149.330002,14788300
2020-01-31,SPY,US equities,293.263062,113845600
2020-02-03,AGG,US aggregate bonds,94.463432,7214200
2020-02-03,EEM,Emerging-market equities,37.092205,71309200
2020-02-03,EFA,Developed international equities,55.666187,35288000
2020-02-03,EWC,Canadian equities,26.027285,2711100
2020-02-03,GLD,Gold,148.360001,9105300
2020-02-03,SPY,US equities,295.441650,69083000
2020-02-04,AGG,US aggregate bonds,94.149582,5290800
2020-02-04,EEM,Emerging-market equities,38.050426,73939300
2020-02-04,EFA,Developed international equities,56.596153,32540000
2020-02-04,EWC,Canadian equities,26.369976,1982600
2020-02-04,GLD,Gold,146.429993,10525600
2020-02-04,SPY,US equities,299.944489,62573200
2020-02-05,AGG,US aggregate bonds,94.009155,6066900
2020-02-05,EEM,Emerging-market equities,38.268208,74350800
2020-02-05,EFA,Developed international equities,57.139317,28162100
2020-02-05,EWC,Canadian equities,26.563292,3007400
2020-02-05,GLD,Gold,146.610001,6160700
2020-02-05,SPY,US equities,303.408386,65951100
2020-02-06,AGG,US aggregate bonds,94.066948,6838700
2020-02-06,EEM,Emerging-market equities,38.303055,80118800
2020-02-06,EFA,Developed international equities,57.295681,23422500
2020-02-06,EWC,Canadian equities,26.686314,1515500
2020-02-06,GLD,Gold,147.399994,4819800
2020-02-06,SPY,US equities,304.429230,50359700
2020-02-07,AGG,US aggregate bonds,94.339523,5224200
2020-02-07,EEM,Emerging-market equities,37.771675,58449900
2020-02-07,EFA,Developed international equities,56.752510,22188200
2020-02-07,EWC,Canadian equities,26.475424,1944100
2020-02-07,GLD,Gold,147.789993,6379300
2020-02-07,SPY,US equities,302.806732,64139400
2020-02-10,AGG,US aggregate bonds,94.446922,8187800
2020-02-10,EEM,Emerging-market equities,37.980736,45350800
2020-02-10,EFA,Developed international equities,56.867741,13957600
2020-02-10,EWC,Canadian equities,26.563292,1992000
2020-02-10,GLD,Gold,148.169998,5793600
2020-02-10,SPY,US equities,305.067230,42070000
2020-02-11,AGG,US aggregate bonds,94.331276,5633400
2020-02-11,EEM,Emerging-market equities,38.477280,58708400
2020-02-11,EFA,Developed international equities,57.254551,16040600
2020-02-11,EWC,Canadian equities,26.739037,2642700
2020-02-11,GLD,Gold,147.660004,5179400
2020-02-11,SPY,US equities,305.595947,54864500
2020-02-12,AGG,US aggregate bonds,94.232147,6373700
2020-02-12,EEM,Emerging-market equities,38.999947,41641100
2020-02-12,EFA,Developed international equities,57.452053,13218100
2020-02-12,EWC,Canadian equities,26.897202,1690200
2020-02-12,GLD,Gold,147.539993,5040600
2020-02-12,SPY,US equities,307.564941,43992700
2020-02-13,AGG,US aggregate bonds,94.298225,5214400
2020-02-13,EEM,Emerging-market equities,38.485985,64757500
2020-02-13,EFA,Developed international equities,57.048798,20113100
2020-02-13,EWC,Canadian equities,26.800543,1625600
2020-02-13,GLD,Gold,148.380005,7082100
2020-02-13,SPY,US equities,307.236694,54501900
2020-02-14,AGG,US aggregate bonds,94.397354,4004900
2020-02-14,EEM,Emerging-market equities,38.503418,45095300
2020-02-14,EFA,Developed international equities,56.950039,15005100
2020-02-14,EWC,Canadian equities,26.897202,1325500
2020-02-14,GLD,Gold,149.000000,5345400
2020-02-14,SPY,US equities,307.728943,64582200
2020-02-18,AGG,US aggregate bonds,94.521248,4874800
2020-02-18,EEM,Emerging-market equities,38.250790,40176200
2020-02-18,EFA,Developed international equities,56.587933,29201900
2020-02-18,EWC,Canadian equities,26.818117,1288100
2020-02-18,GLD,Gold,150.910004,11524900
2020-02-18,SPY,US equities,306.935944,57226200
2020-02-19,AGG,US aggregate bonds,94.496483,3692200
2020-02-19,EEM,Emerging-market equities,38.529545,45651500
2020-02-19,EFA,Developed international equities,56.777222,16232700
2020-02-19,EWC,Canadian equities,27.046583,1508500
2020-02-19,GLD,Gold,151.789993,9269800
2020-02-19,SPY,US equities,308.403473,48814700
2020-02-20,AGG,US aggregate bonds,94.711212,4056000
2020-02-20,EEM,Emerging-market equities,37.928467,109316300
2020-02-20,EFA,Developed international equities,56.439796,24607700
2020-02-20,EWC,Canadian equities,27.011435,1654100
2020-02-20,GLD,Gold,152.410004,8457300
2020-02-20,SPY,US equities,307.136444,74163400
2020-02-21,AGG,US aggregate bonds,94.901154,4492700
2020-02-21,EEM,Emerging-market equities,37.710690,70553100
2020-02-21,EFA,Developed international equities,56.176434,24361900
2020-02-21,EWC,Canadian equities,26.914776,2109100
2020-02-21,GLD,Gold,154.699997,16344500
2020-02-21,SPY,US equities,303.973480,113788200
2020-02-24,AGG,US aggregate bonds,95.206757,7490100
2020-02-24,EEM,Emerging-market equities,36.299480,101505600
2020-02-24,EFA,Developed international equities,53.929710,51653500
2020-02-24,EWC,Canadian equities,26.290894,3733700
2020-02-24,GLD,Gold,156.089996,27171000
2020-02-24,SPY,US equities,293.892120,161088400
2020-02-25,AGG,US aggregate bonds,95.371956,7474600
2020-02-25,EEM,Emerging-market equities,36.012009,118601100
2020-02-25,EFA,Developed international equities,53.040897,55520000
2020-02-25,EWC,Canadian equities,25.737310,6119300
2020-02-25,GLD,Gold,153.300003,28091500
2020-02-25,SPY,US equities,284.986542,218913200
2020-02-26,AGG,US aggregate bonds,95.272881,4763000
2020-02-26,EEM,Emerging-market equities,36.299480,109411100
2020-02-26,EFA,Developed international equities,53.106731,64966000
2020-02-26,EWC,Canadian equities,25.482489,4932000
2020-02-26,GLD,Gold,153.970001,17912500
2020-02-26,SPY,US equities,283.938232,194773800
2020-02-27,AGG,US aggregate bonds,95.289383,11606400
2020-02-27,EEM,Emerging-market equities,35.428364,151063200
2020-02-27,EFA,Developed international equities,51.534855,80201400
2020-02-27,EWC,Canadian equities,24.568632,8295400
2020-02-27,GLD,Gold,154.000000,27878500
2020-02-27,SPY,US equities,271.186096,284353500
2020-02-28,AGG,US aggregate bonds,95.991440,17243000
2020-02-28,EEM,Emerging-market equities,35.297703,201191200
2020-02-28,EFA,Developed international equities,51.222115,122342000
2020-02-28,EWC,Canadian equities,24.243513,9644000
2020-02-28,GLD,Gold,148.380005,42699600
2020-02-28,SPY,US equities,270.046783,384975800
2020-03-02,AGG,US aggregate bonds,95.957497,13198200
2020-03-02,EEM,Emerging-market equities,36.064285,135152300
2020-03-02,EFA,Developed international equities,51.880493,78735900
2020-03-02,EWC,Canadian equities,24.753159,9834700
2020-03-02,GLD,Gold,149.199997,16295400
2020-03-02,SPY,US equities,281.741455,238703600
2020-03-03,AGG,US aggregate bonds,96.611320,12541000
2020-03-03,EEM,Emerging-market equities,35.820370,141798700
2020-03-03,EFA,Developed international equities,51.460789,77691700
2020-03-03,EWC,Canadian equities,24.454399,10885400
2020-03-03,GLD,Gold,153.889999,28687700
2020-03-03,SPY,US equities,273.674591,300139100
2020-03-04,AGG,US aggregate bonds,96.536842,6285300
2020-03-04,EEM,Emerging-market equities,36.456280,80064800
2020-03-04,EFA,Developed international equities,52.999752,41681700
2020-03-04,EWC,Canadian equities,24.902533,5201300
2020-03-04,GLD,Gold,154.160004,12315500
2020-03-04,SPY,US equities,285.177948,176613400
2020-03-05,AGG,US aggregate bonds,96.834801,6802800
2020-03-05,EEM,Emerging-market equities,35.689697,107474200
2020-03-05,EFA,Developed international equities,51.592453,46294000
2020-03-05,EWC,Canadian equities,24.515909,3514100
2020-03-05,GLD,Gold,157.490005,17973500
2020-03-05,SPY,US equities,275.698059,186366800
2020-03-06,AGG,US aggregate bonds,97.546593,17456400
2020-03-06,EEM,Emerging-market equities,34.957966,104006900
2020-03-06,EFA,Developed international equities,50.818859,64277200
2020-03-06,EWC,Canadian equities,23.988682,4701100
2020-03-06,GLD,Gold,157.550003,26973400
2020-03-06,SPY,US equities,271.140533,228667200
2020-03-09,AGG,US aggregate bonds,97.422417,13666700
2020-03-09,EEM,Emerging-market equities,32.571087,143376900
2020-03-09,EFA,Developed international equities,46.876793,68431000
2020-03-09,EWC,Canadian equities,21.009869,4105000
2020-03-09,GLD,Gold,157.809998,24868700
2020-03-09,SPY,US equities,249.966019,309417300
2020-03-10,AGG,US aggregate bonds,96.321648,18694100
2020-03-10,EEM,Emerging-market equities,34.226223,142773700
2020-03-10,EFA,Developed international equities,48.605045,110061600
2020-03-10,EWC,Canadian equities,21.528307,5217800
2020-03-10,GLD,Gold,154.479996,18811500
2020-03-10,SPY,US equities,262.900421,276444100
2020-03-11,AGG,US aggregate bonds,94.947769,13053300
2020-03-11,EEM,Emerging-market equities,32.632076,137795400
2020-03-11,EFA,Developed international equities,46.127888,77459000
2020-03-11,EWC,Canadian equities,20.579304,5605000
2020-03-11,GLD,Gold,153.929993,18159900
2020-03-11,SPY,US equities,250.084473,255316300
2020-03-12,AGG,US aggregate bonds,91.148849,18684800
2020-03-12,EEM,Emerging-market equities,29.365383,171341200
2020-03-12,EFA,Developed international equities,41.058342,91385100
2020-03-12,EWC,Canadian equities,17.837744,7006900
2020-03-12,GLD,Gold,147.789993,32893400
2020-03-12,SPY,US equities,226.157074,392220700
2020-03-13,AGG,US aggregate bonds,92.580711,24960500
2020-03-13,EEM,Emerging-market equities,31.482199,128272900
2020-03-13,EFA,Developed international equities,43.543739,73588700
2020-03-13,EWC,Canadian equities,19.770891,6033800
2020-03-13,GLD,Gold,143.279999,35177200
2020-03-13,SPY,US equities,245.490417,329566100
2020-03-16,AGG,US aggregate bonds,94.128418,12310300
2020-03-16,EEM,Emerging-market equities,27.553457,101553900
2020-03-16,EFA,Developed international equities,39.050278,54122400
2020-03-16,EWC,Canadian equities,17.521404,3277400
2020-03-16,GLD,Gold,141.639999,24496000
2020-03-16,SPY,US equities,218.627930,297240000
2020-03-17,AGG,US aggregate bonds,91.695145,15737200
2020-03-17,EEM,Emerging-market equities,29.452494,92310900
2020-03-17,EFA,Developed international equities,40.951355,55045400
2020-03-17,EWC,Canadian equities,17.187496,6730700
2020-03-17,GLD,Gold,143.559998,24490300
2020-03-17,SPY,US equities,230.432098,262070500
2020-03-18,AGG,US aggregate bonds,88.202461,17061700
2020-03-18,EEM,Emerging-market equities,26.908833,101136100
2020-03-18,EFA,Developed international equities,38.605877,74919600
2020-03-18,EWC,Canadian equities,16.361511,8389200
2020-03-18,GLD,Gold,140.699997,21953400
2020-03-18,SPY,US equities,218.764633,327597100
2020-03-19,AGG,US aggregate bonds,90.172249,11720200
2020-03-19,EEM,Emerging-market equities,27.117897,68919700
2020-03-19,EFA,Developed international equities,39.206646,65863000
2020-03-19,EWC,Canadian equities,16.704206,6180400
2020-03-19,GLD,Gold,138.039993,20828900
2020-03-19,SPY,US equities,219.229523,289322000
2020-03-20,AGG,US aggregate bonds,91.066093,16503700
2020-03-20,EEM,Emerging-market equities,27.318253,100290200
2020-03-20,EFA,Developed international equities,38.721088,62803000
2020-03-20,EWC,Canadian equities,16.484529,4144900
2020-03-20,GLD,Gold,140.110001,20056000
2020-03-20,SPY,US equities,209.781952,347158800
2020-03-23,AGG,US aggregate bonds,93.226273,12572200
2020-03-23,EEM,Emerging-market equities,26.664913,97832900
2020-03-23,EFA,Developed international equities,38.268456,61708000
2020-03-23,EWC,Canadian equities,15.509168,4390500
2020-03-23,GLD,Gold,146.300003,28275200
2020-03-23,SPY,US equities,204.418259,326025200
2020-03-24,AGG,US aggregate bonds,93.995949,10253600
2020-03-24,EEM,Emerging-market equities,28.668489,84450500
2020-03-24,EFA,Developed international equities,41.510979,51118500
2020-03-24,EWC,Canadian equities,17.503830,5409900
2020-03-24,GLD,Gold,153.399994,20743500
2020-03-24,SPY,US equities,222.939240,235494500
2020-03-25,AGG,US aggregate bonds,94.956062,10999700
2020-03-25,EEM,Emerging-market equities,29.678984,79588900
2020-03-25,EFA,Developed international equities,42.860668,60405600
2020-03-25,EWC,Canadian equities,18.523130,6552100
2020-03-25,GLD,Gold,151.300003,16457200
2020-03-25,SPY,US equities,226.276672,299430300
2020-03-26,AGG,US aggregate bonds,95.245705,16611400
2020-03-26,EEM,Emerging-market equities,30.802729,89991500
2020-03-26,EFA,Developed international equities,44.778198,60511800
2020-03-26,EWC,Canadian equities,19.138226,4392700
2020-03-26,GLD,Gold,153.240005,12778200
2020-03-26,SPY,US equities,239.488892,257632800
2020-03-27,AGG,US aggregate bonds,95.651276,10841600
2020-03-27,EEM,Emerging-market equities,29.051781,74103800
2020-03-27,EFA,Developed international equities,43.502590,53372400
2020-03-27,EWC,Canadian equities,18.154074,2906400
2020-03-27,GLD,Gold,152.250000,9824600
2020-03-27,SPY,US equities,232.355560,224341200
2020-03-30,AGG,US aggregate bonds,95.742279,13340200
2020-03-30,EEM,Emerging-market equities,29.530893,47544900
2020-03-30,EFA,Developed international equities,44.383171,45987700
2020-03-30,EWC,Canadian equities,18.637362,3678000
2020-03-30,GLD,Gold,152.919998,12080900
2020-03-30,SPY,US equities,239.901459,171369500
2020-03-31,AGG,US aggregate bonds,95.485741,14018600
2020-03-31,EEM,Emerging-market equities,29.731258,64131300
2020-03-31,EFA,Developed international equities,43.996376,64906600
2020-03-31,EWC,Canadian equities,19.199738,2981300
2020-03-31,GLD,Gold,148.050003,13319500
2020-03-31,SPY,US equities,236.325668,194881100
2020-04-01,AGG,US aggregate bonds,95.161430,14192100
2020-04-01,EEM,Emerging-market equities,28.459419,65580600
2020-04-01,EFA,Developed international equities,42.045925,40960200
2020-04-01,EWC,Canadian equities,18.268307,3959400
2020-04-01,GLD,Gold,149.449997,11827400
2020-04-01,SPY,US equities,225.689865,189554600
2020-04-02,AGG,US aggregate bonds,95.302422,11565400
2020-04-02,EEM,Emerging-market equities,29.417650,55784000
2020-04-02,EFA,Developed international equities,42.868900,38008700
2020-04-02,EWC,Canadian equities,18.602211,2640400
2020-04-02,GLD,Gold,151.899994,9188300
2020-04-02,SPY,US equities,230.897720,177660400
2020-04-03,AGG,US aggregate bonds,95.368790,9786700
2020-04-03,EEM,Emerging-market equities,28.860136,68672500
2020-04-03,EFA,Developed international equities,41.889557,33029800
2020-04-03,EWC,Canadian equities,18.461620,2844400
2020-04-03,GLD,Gold,152.649994,8469100
2020-04-03,SPY,US equities,227.560303,135561200
2020-04-06,AGG,US aggregate bonds,95.833267,8457700
2020-04-06,EEM,Emerging-market equities,30.436859,82394800
2020-04-06,EFA,Developed international equities,44.111588,42257500
2020-04-06,EWC,Canadian equities,19.419411,3589600
2020-04-06,GLD,Gold,156.880005,14739300
2020-04-06,SPY,US equities,242.844604,188061200
2020-04-07,AGG,US aggregate bonds,95.965965,7743900
2020-04-07,EEM,Emerging-market equities,30.593655,74322600
2020-04-07,EFA,Developed international equities,44.358486,36678000
2020-04-07,EWC,Canadian equities,19.560005,4789400
2020-04-07,GLD,Gold,156.039993,9195400
2020-04-07,SPY,US equities,243.092285,201427200
2020-04-08,AGG,US aggregate bonds,96.057251,4674200
2020-04-08,EEM,Emerging-market equities,30.907263,47112900
2020-04-08,EFA,Developed international equities,44.720600,35282900
2020-04-08,EWC,Canadian equities,19.981783,2089800
2020-04-08,GLD,Gold,154.649994,7600800
2020-04-08,SPY,US equities,251.252441,153774500
2020-04-09,AGG,US aggregate bonds,97.251579,5584100
2020-04-09,EEM,Emerging-market equities,30.794020,67239300
2020-04-09,EFA,Developed international equities,45.732853,42218200
2020-04-09,EWC,Canadian equities,20.333265,2138600
2020-04-09,GLD,Gold,158.690002,18123000
2020-04-09,SPY,US equities,255.075729,189999200
2020-04-13,AGG,US aggregate bonds,96.795425,5738300
2020-04-13,EEM,Emerging-market equities,30.837576,38193400
2020-04-13,EFA,Developed international equities,45.296680,33424700
2020-04-13,EWC,Canadian equities,20.385988,2247000
2020-04-13,GLD,Gold,161.410004,20549200
2020-04-13,SPY,US equities,252.746994,114839100
2020-04-14,AGG,US aggregate bonds,96.845192,5506700
2020-04-14,EEM,Emerging-market equities,31.543177,52817400
2020-04-14,EFA,Developed international equities,46.103195,36915600
2020-04-14,EWC,Canadian equities,20.579304,3656700
2020-04-14,GLD,Gold,162.679993,17095100
2020-04-14,SPY,US equities,260.201202,134143400
2020-04-15,AGG,US aggregate bonds,97.243324,4367400
2020-04-15,EEM,Emerging-market equities,30.733034,60775200
2020-04-15,EFA,Developed international equities,44.662987,30158700
2020-04-15,EWC,Canadian equities,19.858763,2941000
2020-04-15,GLD,Gold,161.850006,12141900
2020-04-15,SPY,US equities,254.672409,121775000
2020-04-16,AGG,US aggregate bonds,97.367729,4744700
2020-04-16,EEM,Emerging-market equities,30.898552,37215100
2020-04-16,EFA,Developed international equities,44.687672,37284200
2020-04-16,EWC,Canadian equities,19.718172,2315900
2020-04-16,GLD,Gold,161.710007,9233200
2020-04-16,SPY,US equities,255.901016,131798300
2020-04-17,AGG,US aggregate bonds,97.251579,4949800
2020-04-17,EEM,Emerging-market equities,31.586731,40870300
2020-04-17,EFA,Developed international equities,45.872765,36205100
2020-04-17,EWC,Canadian equities,20.544153,2141500
2020-04-17,GLD,Gold,158.570007,14652700
2020-04-17,SPY,US equities,262.814392,146684800
2020-04-20,AGG,US aggregate bonds,97.110565,3847900
2020-04-20,EEM,Emerging-market equities,31.186022,44402700
2020-04-20,EFA,Developed international equities,45.189690,25077400
2020-04-20,EWC,Canadian equities,20.421135,3006800
2020-04-20,GLD,Gold,159.699997,10688700
2020-04-20,SPY,US equities,258.183990,100109300
2020-04-21,AGG,US aggregate bonds,97.160355,4660500
2020-04-21,EEM,Emerging-market equities,30.323616,46166600
2020-04-21,EFA,Developed international equities,44.309105,35535300
2020-04-21,EWC,Canadian equities,19.762108,2607900
2020-04-21,GLD,Gold,158.610001,12478100
2020-04-21,SPY,US equities,250.344696,126385700
2020-04-22,AGG,US aggregate bonds,97.160355,4647200
2020-04-22,EEM,Emerging-market equities,31.151175,37455800
2020-04-22,EFA,Developed international equities,45.058010,28732700
2020-04-22,EWC,Canadian equities,20.227819,2014000
2020-04-22,GLD,Gold,161.729996,12902100
2020-04-22,SPY,US equities,255.901016,92951600
2020-04-23,AGG,US aggregate bonds,97.392624,4331100
2020-04-23,EEM,Emerging-market equities,31.037937,40733100
2020-04-23,EFA,Developed international equities,44.918106,34733400
2020-04-23,EWC,Canadian equities,20.306904,1727300
2020-04-23,GLD,Gold,163.339996,14928500
2020-04-23,SPY,US equities,255.882675,104709700
2020-04-24,AGG,US aggregate bonds,97.342865,3161600
2020-04-24,EEM,Emerging-market equities,30.994379,30553700
2020-04-24,EFA,Developed international equities,45.436584,30445100
2020-04-24,EWC,Canadian equities,20.570517,1368000
2020-04-24,GLD,Gold,162.639999,11199300
2020-04-24,SPY,US equities,259.449310,85063200
2020-04-27,AGG,US aggregate bonds,96.894966,5576300
2020-04-27,EEM,Emerging-market equities,31.621584,30617400
2020-04-27,EFA,Developed international equities,46.037357,30786900
2020-04-27,EWC,Canadian equities,20.913212,2742700
2020-04-27,GLD,Gold,161.559998,9033500
2020-04-27,SPY,US equities,263.190216,77896600
2020-04-28,AGG,US aggregate bonds,97.276474,5889800
2020-04-28,EEM,Emerging-market equities,31.682547,34463600
2020-04-28,EFA,Developed international equities,46.383011,35115400
2020-04-28,EWC,Canadian equities,21.194399,2359700
2020-04-28,GLD,Gold,160.839996,10383000
2020-04-28,SPY,US equities,261.979950,105270000
2020-04-29,AGG,US aggregate bonds,97.342865,4653100
2020-04-29,EEM,Emerging-market equities,32.605946,45483100
2020-04-29,EFA,Developed international equities,47.543404,34921800
2020-04-29,EWC,Canadian equities,22.064316,2306300
2020-04-29,GLD,Gold,161.729996,12232300
2020-04-29,SPY,US equities,268.838196,118745600
2020-04-30,AGG,US aggregate bonds,97.127220,10487500
2020-04-30,EEM,Emerging-market equities,31.917765,59181700
2020-04-30,EFA,Developed international equities,46.555828,52183100
2020-04-30,EWC,Canadian equities,21.334990,2457000
2020-04-30,GLD,Gold,158.800003,13633500
2020-04-30,SPY,US equities,266.335052,122901700
2020-05-01,AGG,US aggregate bonds,97.132179,6099500
2020-05-01,EEM,Emerging-market equities,30.767883,56829000
2020-05-01,EFA,Developed international equities,45.543571,32088300
2020-05-01,EWC,Canadian equities,20.860489,2577500
2020-05-01,GLD,Gold,159.779999,10914300
2020-05-01,SPY,US equities,259.284363,125180000
2020-05-04,AGG,US aggregate bonds,97.215302,3684100
2020-05-04,EEM,Emerging-market equities,31.098909,37036200
2020-05-04,EFA,Developed international equities,45.527115,23432000
2020-05-04,EWC,Canadian equities,21.053801,2336700
2020-05-04,GLD,Gold,160.339996,7986200
2020-05-04,SPY,US equities,259.999512,80873200
2020-05-05,AGG,US aggregate bonds,97.140511,4611500
2020-05-05,EEM,Emerging-market equities,31.273134,41772700
2020-05-05,EFA,Developed international equities,45.609409,23459100
2020-05-05,EWC,Canadian equities,21.203184,1597500
2020-05-05,GLD,Gold,161.020004,10563100
2020-05-05,SPY,US equities,262.401764,79569900
2020-05-06,AGG,US aggregate bonds,96.749878,6394900
2020-05-06,EEM,Emerging-market equities,31.177303,36584500
2020-05-06,EFA,Developed international equities,45.313137,22596000
2020-05-06,EWC,Canadian equities,21.036232,2051100
2020-05-06,GLD,Gold,158.949997,13352000
2020-05-06,SPY,US equities,260.622955,73632600
2020-05-07,AGG,US aggregate bonds,97.049065,3786700
2020-05-07,EEM,Emerging-market equities,31.429934,36883300
2020-05-07,EFA,Developed international equities,45.996212,30628700
2020-05-07,EWC,Canadian equities,21.211967,1718000
2020-05-07,GLD,Gold,161.389999,13691700
2020-05-07,SPY,US equities,263.767822,75250400
2020-05-08,AGG,US aggregate bonds,96.791451,3241500
2020-05-08,EEM,Emerging-market equities,32.091976,60613000
2020-05-08,EFA,Developed international equities,46.778038,20445800
2020-05-08,EWC,Canadian equities,21.581026,1597300
2020-05-08,GLD,Gold,160.419998,12240900
2020-05-08,SPY,US equities,268.132172,76452400
2020-05-11,AGG,US aggregate bonds,96.500549,5249500
2020-05-11,EEM,Emerging-market equities,31.882912,31053700
2020-05-11,EFA,Developed international equities,46.736893,30772300
2020-05-11,EWC,Canadian equities,21.651323,1946200
2020-05-11,GLD,Gold,159.419998,11209800
2020-05-11,SPY,US equities,268.187134,79514200
2020-05-12,AGG,US aggregate bonds,96.749878,6161500
2020-05-12,EEM,Emerging-market equities,31.760958,49641400
2020-05-12,EFA,Developed international equities,46.144348,59246700
2020-05-12,EWC,Canadian equities,21.220758,2901000
2020-05-12,GLD,Gold,160.039993,10406000
2020-05-12,SPY,US equities,262.841797,95870800
2020-05-13,AGG,US aggregate bonds,96.907791,4425900
2020-05-13,EEM,Emerging-market equities,31.699984,55002900
2020-05-13,EFA,Developed international equities,45.790466,31920300
2020-05-13,EWC,Canadian equities,20.675962,3236500
2020-05-13,GLD,Gold,161.580002,10950400
2020-05-13,SPY,US equities,258.193176,144721100
2020-05-14,AGG,US aggregate bonds,97.206955,5698900
2020-05-14,EEM,Emerging-market equities,31.821938,58633700
2020-05-14,EFA,Developed international equities,45.354294,41217500
2020-05-14,EWC,Canadian equities,20.781406,4841300
2020-05-14,GLD,Gold,163.009995,17084400
2020-05-14,SPY,US equities,261.283142,121977900
2020-05-15,AGG,US aggregate bonds,97.265144,5897900
2020-05-15,EEM,Emerging-market equities,31.386379,40402000
2020-05-15,EFA,Developed international equities,45.395435,34086000
2020-05-15,EWC,Canadian equities,20.851698,2392900
2020-05-15,GLD,Gold,163.929993,13918800
2020-05-15,SPY,US equities,262.484222,111146300
2020-05-18,AGG,US aggregate bonds,97.123863,5037100
2020-05-18,EEM,Emerging-market equities,32.614651,47487700
2020-05-18,EFA,Developed international equities,47.230679,39999500
2020-05-18,EWC,Canadian equities,21.624968,3515600
2020-05-18,GLD,Gold,162.690002,14133800
2020-05-18,SPY,US equities,270.479370,119703800
2020-05-19,AGG,US aggregate bonds,97.231934,4929500
2020-05-19,EEM,Emerging-market equities,32.353313,36152600
2020-05-19,EFA,Developed international equities,46.580517,31462400
2020-05-19,EWC,Canadian equities,21.440435,3526100
2020-05-19,GLD,Gold,164.259995,8535800
2020-05-19,SPY,US equities,267.701233,95189300
2020-05-20,AGG,US aggregate bonds,97.481247,4579200
2020-05-20,EEM,Emerging-market equities,32.780167,43140300
2020-05-20,EFA,Developed international equities,47.551632,32827600
2020-05-20,EWC,Canadian equities,21.686474,2176500
2020-05-20,GLD,Gold,164.649994,10666100
2020-05-20,SPY,US equities,272.249023,85861700
2020-05-21,AGG,US aggregate bonds,97.556053,5143700
2020-05-21,EEM,Emerging-market equities,32.405575,42845500
2020-05-21,EFA,Developed international equities,47.000237,27554400
2020-05-21,EWC,Canadian equities,21.431648,1684900
2020-05-21,GLD,Gold,162.250000,11791000
2020-05-21,SPY,US equities,270.369354,78293900
2020-05-22,AGG,US aggregate bonds,97.605904,2794000
2020-05-22,EEM,Emerging-market equities,31.734823,47355000
2020-05-22,EFA,Developed international equities,46.868565,27513100
2020-05-22,EWC,Canadian equities,21.431648,1873800
2020-05-22,GLD,Gold,163.210007,8540900
2020-05-22,SPY,US equities,270.882751,63958200
2020-05-26,AGG,US aggregate bonds,97.447952,6164700
2020-05-26,EEM,Emerging-market equities,32.431717,54511200
2020-05-26,EFA,Developed international equities,48.210022,46679700
2020-05-26,EWC,Canadian equities,22.125826,3074500
2020-05-26,GLD,Gold,160.889999,13972000
2020-05-26,SPY,US equities,274.220245,88951400
2020-05-27,AGG,US aggregate bonds,97.589279,4772900
2020-05-27,EEM,Emerging-market equities,32.536247,47182400
2020-05-27,EFA,Developed international equities,48.794334,33723400
2020-05-27,EWC,Canadian equities,22.345503,2921600
2020-05-27,GLD,Gold,161.179993,13063500
2020-05-27,SPY,US equities,278.300446,104817400
2020-05-28,AGG,US aggregate bonds,97.522812,11140200
2020-05-28,EEM,Emerging-market equities,32.309765,53388700
2020-05-28,EFA,Developed international equities,49.255196,40630200
2020-05-28,EWC,Canadian equities,22.301569,2362900
2020-05-28,GLD,Gold,161.720001,9758500
2020-05-28,SPY,US equities,277.786987,90405200
2020-05-29,AGG,US aggregate bonds,97.780426,9228700
2020-05-29,EEM,Emerging-market equities,32.867275,63616700
2020-05-29,EFA,Developed international equities,49.082375,47437100
2020-05-29,EWC,Canadian equities,22.090675,3296500
2020-05-29,GLD,Gold,162.910004,12581800
2020-05-29,SPY,US equities,279.024719,119090800
2020-06-01,AGG,US aggregate bonds,97.725517,5580000
2020-06-01,EEM,Emerging-market equities,33.625149,49360200
2020-06-01,EFA,Developed international equities,50.176929,30195300
2020-06-01,EWC,Canadian equities,22.538816,2043300
2020-06-01,GLD,Gold,163.660004,8140200
2020-06-01,SPY,US equities,280.152496,55758300
2020-06-02,AGG,US aggregate bonds,97.808754,4286800
2020-06-02,EEM,Emerging-market equities,34.426579,54010500
2020-06-02,EFA,Developed international equities,50.646034,31663000
2020-06-02,EWC,Canadian equities,22.943024,4463500
2020-06-02,GLD,Gold,162.600006,10388900
2020-06-02,SPY,US equities,282.472229,74267200
2020-06-03,AGG,US aggregate bonds,97.567291,6077600
2020-06-03,EEM,Emerging-market equities,35.228001,60769300
2020-06-03,EFA,Developed international equities,51.855808,29773100
2020-06-03,EWC,Canadian equities,23.224207,1710600
2020-06-03,GLD,Gold,159.600006,17000500
2020-06-03,SPY,US equities,286.231445,92567600
2020-06-04,AGG,US aggregate bonds,97.275894,5002700
2020-06-04,EEM,Emerging-market equities,34.731472,50969300
2020-06-04,EFA,Developed international equities,51.633606,26190300
2020-06-04,EWC,Canadian equities,23.109976,1655800
2020-06-04,GLD,Gold,161.279999,10094000
2020-06-04,SPY,US equities,285.479553,75794400
2020-06-05,AGG,US aggregate bonds,97.334167,5166300
2020-06-05,EEM,Emerging-market equities,35.646137,52467500
2020-06-05,EFA,Developed international equities,52.522415,31208000
2020-06-05,EWC,Canadian equities,23.672348,3472500
2020-06-05,GLD,Gold,158.009995,16021200
2020-06-05,SPY,US equities,292.796295,150524700
2020-06-08,AGG,US aggregate bonds,97.442398,8551800
2020-06-08,EEM,Emerging-market equities,35.863926,39777100
2020-06-08,EFA,Developed international equities,53.205490,29644000
2020-06-08,EWC,Canadian equities,23.971109,1813000
2020-06-08,GLD,Gold,159.720001,9244400
2020-06-08,SPY,US equities,296.335419,73641200
2020-06-09,AGG,US aggregate bonds,97.567291,5512300
2020-06-09,EEM,Emerging-market equities,35.620014,44389800
2020-06-09,EFA,Developed international equities,52.514194,30176500
2020-06-09,EWC,Canadian equities,23.733858,2091300
2020-06-09,GLD,Gold,161.259995,9045600
2020-06-09,SPY,US equities,294.125671,77479200
2020-06-10,AGG,US aggregate bonds,97.966965,4680800
2020-06-10,EEM,Emerging-market equities,35.881340,81172700
2020-06-10,EFA,Developed international equities,52.398975,27492200
2020-06-10,EWC,Canadian equities,23.531755,2528000
2020-06-10,GLD,Gold,163.570007,13009300
2020-06-10,SPY,US equities,292.484467,95000800
2020-06-11,AGG,US aggregate bonds,97.800438,7438800
2020-06-11,EEM,Emerging-market equities,34.008446,91271100
2020-06-11,EFA,Developed international equities,49.592621,54699700
2020-06-11,EWC,Canadian equities,22.178547,5126700
2020-06-11,GLD,Gold,162.389999,11673900
2020-06-11,SPY,US equities,275.623108,209243600
2020-06-12,AGG,US aggregate bonds,97.900352,4571800
2020-06-12,EEM,Emerging-market equities,34.731472,73779500
2020-06-12,EFA,Developed international equities,50.448521,57668900
2020-06-12,EWC,Canadian equities,22.565178,4403200
2020-06-12,GLD,Gold,162.619995,6895400
2020-06-12,SPY,US equities,278.923889,194678900
2020-06-15,AGG,US aggregate bonds,98.225044,5870000
2020-06-15,EEM,Emerging-market equities,34.416054,76868600
2020-06-15,EFA,Developed international equities,50.655502,30698700
2020-06-15,EWC,Canadian equities,22.767557,3389700
2020-06-15,GLD,Gold,162.330002,8532500
2020-06-15,SPY,US equities,281.527740,135782700
2020-06-16,AGG,US aggregate bonds,98.033592,5327400
2020-06-16,EEM,Emerging-market equities,34.635086,79638000
2020-06-16,EFA,Developed international equities,51.281506,37029400
2020-06-16,EWC,Canadian equities,23.042723,4445300
2020-06-16,GLD,Gold,162.250000,7964000
2020-06-16,SPY,US equities,286.946533,137627500
2020-06-17,AGG,US aggregate bonds,97.950287,3696000
2020-06-17,EEM,Emerging-market equities,34.968033,61471100
2020-06-17,EFA,Developed international equities,51.473476,26238300
2020-06-17,EWC,Canadian equities,22.874073,1695300
2020-06-17,GLD,Gold,162.559998,4758200
2020-06-17,SPY,US equities,285.754608,83398900
2020-06-18,AGG,US aggregate bonds,98.050232,3356800
2020-06-18,EEM,Emerging-market equities,34.985561,48131400
2020-06-18,EFA,Developed international equities,51.198040,20035700
2020-06-18,EWC,Canadian equities,22.918455,2381300
2020-06-18,GLD,Gold,162.240005,5397600
2020-06-18,SPY,US equities,285.864655,80828700
2020-06-19,AGG,US aggregate bonds,98.083519,2917400
2020-06-19,EEM,Emerging-market equities,34.976799,72411300
2020-06-19,EFA,Developed international equities,50.947643,32270800
2020-06-19,EWC,Canadian equities,22.803064,3217200
2020-06-19,GLD,Gold,164.029999,12187400
2020-06-19,SPY,US equities,284.230865,135549600
2020-06-22,AGG,US aggregate bonds,98.058525,3445700
2020-06-22,EEM,Emerging-market equities,35.406120,39024200
2020-06-22,EFA,Developed international equities,51.556942,20743000
2020-06-22,EWC,Canadian equities,23.042723,2591900
2020-06-22,GLD,Gold,165.089996,12385600
2020-06-22,SPY,US equities,286.054321,74649400
2020-06-23,AGG,US aggregate bonds,98.041885,3991400
2020-06-23,EEM,Emerging-market equities,35.747833,32995800
2020-06-23,EFA,Developed international equities,51.840729,20897800
2020-06-23,EWC,Canadian equities,23.095982,2107900
2020-06-23,GLD,Gold,166.479996,12137300
2020-06-23,SPY,US equities,287.371277,68471200
2020-06-24,AGG,US aggregate bonds,98.025246,5040100
2020-06-24,EEM,Emerging-market equities,35.274693,51150200
2020-06-24,EFA,Developed international equities,50.513622,34030900
2020-06-24,EWC,Canadian equities,22.545649,4282700
2020-06-24,GLD,Gold,165.899994,10901400
2020-06-24,SPY,US equities,280.040710,132813500
2020-06-25,AGG,US aggregate bonds,98.141800,4723300
2020-06-25,EEM,Emerging-market equities,35.423645,48199000
2020-06-25,EFA,Developed international equities,51.231426,26357100
2020-06-25,EWC,Canadian equities,22.776432,3449900
2020-06-25,GLD,Gold,165.800003,7093800
2020-06-25,SPY,US equities,283.042938,89468000
2020-06-26,AGG,US aggregate bonds,98.258392,5683400
2020-06-26,EEM,Emerging-market equities,34.994324,53901200
2020-06-26,EFA,Developed international equities,50.488579,32279300
2020-06-26,EWC,Canadian equities,22.314867,3577300
2020-06-26,GLD,Gold,166.539993,9753500
2020-06-26,SPY,US equities,276.320312,127961000
2020-06-29,AGG,US aggregate bonds,98.341667,3517200
2020-06-29,EEM,Emerging-market equities,35.152031,34712700
2020-06-29,EFA,Developed international equities,50.897568,23749700
2020-06-29,EWC,Canadian equities,22.634415,3024500
2020-06-29,GLD,Gold,166.630005,6735700
2020-06-29,SPY,US equities,280.381561,79773300
2020-06-30,AGG,US aggregate bonds,98.424881,7451100
2020-06-30,EEM,Emerging-market equities,35.038132,67644600
2020-06-30,EFA,Developed international equities,50.805756,32612900
2020-06-30,EWC,Canadian equities,22.971712,3650000
2020-06-30,GLD,Gold,167.369995,12762300
2020-06-30,SPY,US equities,283.972992,113394800
2020-07-01,AGG,US aggregate bonds,98.477478,6746500
2020-07-01,EEM,Emerging-market equities,35.432407,51766200
2020-07-01,EFA,Developed international equities,50.997719,25243100
2020-07-01,EWC,Canadian equities,23.007215,3376700
2020-07-01,GLD,Gold,166.619995,13214800
2020-07-01,SPY,US equities,285.962219,72396500
2020-07-02,AGG,US aggregate bonds,98.594269,3614300
2020-07-02,EEM,Emerging-market equities,36.238483,42240200
2020-07-02,EFA,Developed international equities,51.556942,20854100
2020-07-02,EWC,Canadian equities,23.122610,3249900
2020-07-02,GLD,Gold,166.979996,8753500
2020-07-02,SPY,US equities,287.537079,69344200
2020-07-06,AGG,US aggregate bonds,98.585945,5945100
2020-07-06,EEM,Emerging-market equities,37.798077,69159900
2020-07-06,EFA,Developed international equities,52.399952,21537100
2020-07-06,EWC,Canadian equities,23.264626,2522000
2020-07-06,GLD,Gold,167.979996,7265700
2020-07-06,SPY,US equities,291.975800,61713800
2020-07-07,AGG,US aggregate bonds,98.736053,5454700
2020-07-07,EEM,Emerging-market equities,37.167229,34004100
2020-07-07,EFA,Developed international equities,51.632065,17394200
2020-07-07,EWC,Canadian equities,23.042723,1550800
2020-07-07,GLD,Gold,169.039993,11633100
2020-07-07,SPY,US equities,288.964478,82910000
2020-07-08,AGG,US aggregate bonds,98.702705,5026800
2020-07-08,EEM,Emerging-market equities,38.131016,42278100
2020-07-08,EFA,Developed international equities,52.066086,17363400
2020-07-08,EWC,Canadian equities,23.229124,2003800
2020-07-08,GLD,Gold,170.089996,11662700
2020-07-08,SPY,US equities,291.174652,54638600
2020-07-09,AGG,US aggregate bonds,98.961266,3804000
2020-07-09,EEM,Emerging-market equities,38.131016,64950400
2020-07-09,EFA,Developed international equities,51.473476,26098200
2020-07-09,EWC,Canadian equities,22.989466,3370900
2020-07-09,GLD,Gold,169.630005,13327400
2020-07-09,SPY,US equities,289.516998,83354200
2020-07-10,AGG,US aggregate bonds,98.844505,3133900
2020-07-10,EEM,Emerging-market equities,37.885696,45293500
2020-07-10,EFA,Developed international equities,52.024357,22008800
2020-07-10,EWC,Canadian equities,23.237999,3000000
2020-07-10,GLD,Gold,169.190002,8218000
2020-07-10,SPY,US equities,292.473175,57550400
2020-07-13,AGG,US aggregate bonds,98.836159,4803200
2020-07-13,EEM,Emerging-market equities,37.631607,47039600
2020-07-13,EFA,Developed international equities,51.690487,20515500
2020-07-13,EWC,Canadian equities,23.095982,4903100
2020-07-13,GLD,Gold,169.399994,11095900
2020-07-13,SPY,US equities,289.940613,102997500
2020-07-14,AGG,US aggregate bonds,98.994667,3986700
2020-07-14,EEM,Emerging-market equities,37.684174,56528000
2020-07-14,EFA,Developed international equities,52.450035,35121300
2020-07-14,EWC,Canadian equities,23.539793,4064000
2020-07-14,GLD,Gold,170.190002,9812700
2020-07-14,SPY,US equities,293.697998,93657000
2020-07-15,AGG,US aggregate bonds,99.002983,3403600
2020-07-15,EEM,Emerging-market equities,37.798077,48309100
2020-07-15,EFA,Developed international equities,53.042633,28888600
2020-07-15,EWC,Canadian equities,23.877089,3384000
2020-07-15,GLD,Gold,170.339996,7533800
2020-07-15,SPY,US equities,296.396210,87196500
2020-07-16,AGG,US aggregate bonds,99.069771,3526900
2020-07-16,EEM,Emerging-market equities,37.263607,36512000
2020-07-16,EFA,Developed international equities,52.700424,24677200
2020-07-16,EWC,Canadian equities,23.743944,2071600
2020-07-16,GLD,Gold,168.729996,10242400
2020-07-16,SPY,US equities,295.420044,54622500
2020-07-17,AGG,US aggregate bonds,99.169830,2549100
2020-07-17,EEM,Emerging-market equities,37.473896,40913000
2020-07-17,EFA,Developed international equities,53.009251,19641800
2020-07-17,EWC,Canadian equities,23.859337,1510000
2020-07-17,GLD,Gold,170.119995,10296000
2020-07-17,SPY,US equities,296.276550,62774900
2020-07-20,AGG,US aggregate bonds,99.278297,3989200
2020-07-20,EEM,Emerging-market equities,37.955780,23319300
2020-07-20,EFA,Developed international equities,53.267994,17996600
2020-07-20,EWC,Canadian equities,24.010229,1325100
2020-07-20,GLD,Gold,170.940002,10095500
2020-07-20,SPY,US equities,298.670929,56308800
2020-07-21,AGG,US aggregate bonds,99.336693,6098200
2020-07-21,EEM,Emerging-market equities,38.306255,44420500
2020-07-21,EFA,Developed international equities,53.376507,21179700
2020-07-21,EWC,Canadian equities,24.125622,2148300
2020-07-21,GLD,Gold,173.000000,12826100
2020-07-21,SPY,US equities,299.306335,57292200
2020-07-22,AGG,US aggregate bonds,99.420082,6296600
2020-07-22,EEM,Emerging-market equities,38.139778,31232200
2020-07-22,EFA,Developed international equities,53.518402,18023400
2020-07-22,EWC,Canadian equities,24.241013,1348900
2020-07-22,GLD,Gold,175.630005,18712500
2020-07-22,SPY,US equities,301.009979,57792900
2020-07-23,AGG,US aggregate bonds,99.536911,12117200
2020-07-23,EEM,Emerging-market equities,37.833122,39243400
2020-07-23,EFA,Developed international equities,53.092720,16080700
2020-07-23,EWC,Canadian equities,23.992479,1831800
2020-07-23,GLD,Gold,177.179993,23006800
2020-07-23,SPY,US equities,297.418488,75738000
2020-07-24,AGG,US aggregate bonds,99.503510,11071700
2020-07-24,EEM,Emerging-market equities,37.798077,30184800
2020-07-24,EFA,Developed international equities,52.800591,16017900
2020-07-24,EWC,Canadian equities,23.930344,1293900
2020-07-24,GLD,Gold,178.699997,15601300
2020-07-24,SPY,US equities,295.502960,73766600
2020-07-27,AGG,US aggregate bonds,99.436790,5606100
2020-07-27,EEM,Emerging-market equities,38.385105,39112200
2020-07-27,EFA,Developed international equities,53.493355,16368200
2020-07-27,EWC,Canadian equities,24.285395,1574400
2020-07-27,GLD,Gold,182.229996,21115600
2020-07-27,SPY,US equities,297.657928,48293000
2020-07-28,AGG,US aggregate bonds,99.503510,6080700
2020-07-28,EEM,Emerging-market equities,38.069691,31219100
2020-07-28,EFA,Developed international equities,53.151150,20470300
2020-07-28,EWC,Canadian equities,24.187754,1782100
2020-07-28,GLD,Gold,183.750000,21164600
2020-07-28,SPY,US equities,295.770050,57495000
2020-07-29,AGG,US aggregate bonds,99.620323,9727900
2020-07-29,EEM,Emerging-market equities,38.683010,37830900
2020-07-29,EFA,Developed international equities,53.710365,20055900
2020-07-29,EWC,Canadian equities,24.516180,2012500
2020-07-29,GLD,Gold,185.130005,25640100
2020-07-29,SPY,US equities,299.407593,48454200
2020-07-30,AGG,US aggregate bonds,99.695351,3052800
2020-07-30,EEM,Emerging-market equities,38.192356,47900300
2020-07-30,EFA,Developed international equities,52.917442,24664100
2020-07-30,EWC,Canadian equities,24.356407,2582500
2020-07-30,GLD,Gold,183.759995,18061200
2020-07-30,SPY,US equities,298.339325,61861700
2020-07-31,AGG,US aggregate bonds,99.737076,5277900
2020-07-31,EEM,Emerging-market equities,37.929501,62457700
2020-07-31,EFA,Developed international equities,51.790642,36002300
2020-07-31,EWC,Canadian equities,24.241013,4484200
2020-07-31,GLD,Gold,185.429993,15876700
2020-07-31,SPY,US equities,300.696960,84986800
2020-08-03,AGG,US aggregate bonds,99.776367,13013600
2020-08-03,EEM,Emerging-market equities,38.192356,30603000
2020-08-03,EFA,Developed international equities,52.800591,23609700
2020-08-03,EWC,Canadian equities,24.303150,2813700
2020-08-03,GLD,Gold,185.639999,12897000
2020-08-03,SPY,US equities,302.787354,53077900
2020-08-04,AGG,US aggregate bonds,99.968552,10935200
2020-08-04,EEM,Emerging-market equities,38.700531,40597400
2020-08-04,EFA,Developed international equities,53.092720,16236800
2020-08-04,EWC,Canadian equities,24.649319,2526200
2020-08-04,GLD,Gold,189.589996,20773200
2020-08-04,SPY,US equities,303.956970,41917900
2020-08-05,AGG,US aggregate bonds,99.776367,17345700
2020-08-05,EEM,Emerging-market equities,39.121094,36768200
2020-08-05,EFA,Developed international equities,53.267994,17901300
2020-08-05,EWC,Canadian equities,24.933359,1821800
2020-08-05,GLD,Gold,191.350006,27078100
2020-08-05,SPY,US equities,305.844696,42697700
2020-08-06,AGG,US aggregate bonds,99.918457,4608600
2020-08-06,EEM,Emerging-market equities,39.243755,33523700
2020-08-06,EFA,Developed international equities,53.326420,17210500
2020-08-06,EWC,Canadian equities,25.031000,1405000
2020-08-06,GLD,Gold,193.889999,20640100
2020-08-06,SPY,US equities,307.889252,43679400
2020-08-07,AGG,US aggregate bonds,99.801468,5559100
2020-08-07,EEM,Emerging-market equities,38.437675,35759300
2020-08-07,EFA,Developed international equities,53.109409,14988900
2020-08-07,EWC,Canadian equities,24.809093,1966100
2020-08-07,GLD,Gold,190.809998,24570200
2020-08-07,SPY,US equities,308.110321,57308300
2020-08-10,AGG,US aggregate bonds,99.709518,5152700
2020-08-10,EEM,Emerging-market equities,38.534054,26964700
2020-08-10,EFA,Developed international equities,53.284687,10049000
2020-08-10,EWC,Canadian equities,24.977741,1486300
2020-08-10,GLD,Gold,190.149994,19047200
2020-08-10,SPY,US equities,309.031189,44282100
2020-08-11,AGG,US aggregate bonds,99.433731,7809900
2020-08-11,EEM,Emerging-market equities,38.428921,34166400
2020-08-11,EFA,Developed international equities,53.476665,31465500
2020-08-11,EWC,Canadian equities,24.968861,1527200
2020-08-11,GLD,Gold,179.940002,45355000
2020-08-11,SPY,US equities,306.480255,69601100
2020-08-12,AGG,US aggregate bonds,99.233215,5524500
2020-08-12,EEM,Emerging-market equities,38.945858,30740100
2020-08-12,EFA,Developed international equities,54.661877,28638500
2020-08-12,EWC,Canadian equities,25.199646,3047200
2020-08-12,GLD,Gold,179.100006,28660500
2020-08-12,SPY,US equities,310.753296,53774400
2020-08-13,AGG,US aggregate bonds,98.865524,8023700
2020-08-13,EEM,Emerging-market equities,38.831959,26509200
2020-08-13,EFA,Developed international equities,54.419819,17783100
2020-08-13,EWC,Canadian equities,25.137512,1609200
2020-08-13,GLD,Gold,183.330002,18596800
2020-08-13,SPY,US equities,310.191467,41816100
2020-08-14,AGG,US aggregate bonds,98.773605,4556500
2020-08-14,EEM,Emerging-market equities,38.761860,24593800
2020-08-14,EFA,Developed international equities,54.085968,10874100
2020-08-14,EWC,Canadian equities,25.084257,1119400
2020-08-14,GLD,Gold,182.539993,11792000
2020-08-14,SPY,US equities,310.200684,47260400
2020-08-17,AGG,US aggregate bonds,98.907280,4523900
2020-08-17,EEM,Emerging-market equities,39.252514,26422200
2020-08-17,EFA,Developed international equities,54.494946,11429900
2020-08-17,EWC,Canadian equities,25.412676,992700
2020-08-17,GLD,Gold,186.500000,15709800
2020-08-17,SPY,US equities,311.186096,35481000
2020-08-18,AGG,US aggregate bonds,99.049332,4765800
2020-08-18,EEM,Emerging-market equities,39.208714,34464800
2020-08-18,EFA,Developed international equities,54.461555,23832500
2020-08-18,EWC,Canadian equities,25.386047,1253400
2020-08-18,GLD,Gold,188.179993,16291600
2020-08-18,SPY,US equities,311.858368,38733900
2020-08-19,AGG,US aggregate bonds,98.898972,4541000
2020-08-19,EEM,Emerging-market equities,38.726822,28391100
2020-08-19,EFA,Developed international equities,54.219505,15591900
2020-08-19,EWC,Canadian equities,25.252907,1033300
2020-08-19,GLD,Gold,182.240005,24646900
2020-08-19,SPY,US equities,310.559906,68054200
2020-08-20,AGG,US aggregate bonds,99.074432,4487500
2020-08-20,EEM,Emerging-market equities,38.604156,38399500
2020-08-20,EFA,Developed international equities,54.044231,19825800
2020-08-20,EWC,Canadian equities,25.323914,1404300
2020-08-20,GLD,Gold,183.500000,16692200
2020-08-20,SPY,US equities,311.526825,42207800
2020-08-21,AGG,US aggregate bonds,99.174690,6373300
2020-08-21,EEM,Emerging-market equities,38.796917,34657800
2020-08-21,EFA,Developed international equities,53.768795,15926400
2020-08-21,EWC,Canadian equities,25.226278,5726900
2020-08-21,GLD,Gold,182.029999,12713700
2020-08-21,SPY,US equities,312.631958,55106600
2020-08-24,AGG,US aggregate bonds,99.132950,4620900
2020-08-24,EEM,Emerging-market equities,39.226231,26576500
2020-08-24,EFA,Developed international equities,54.478256,14627700
2020-08-24,EWC,Canadian equities,25.297287,1480500
2020-08-24,GLD,Gold,181.000000,11605800
2020-08-24,SPY,US equities,315.799896,48588700
2020-08-25,AGG,US aggregate bonds,98.923996,4002300
2020-08-25,EEM,Emerging-market equities,39.620518,27608400
2020-08-25,EFA,Developed international equities,54.511642,18507500
2020-08-25,EWC,Canadian equities,25.394920,987400
2020-08-25,GLD,Gold,181.220001,10056100
2020-08-25,SPY,US equities,316.904938,38463400
2020-08-26,AGG,US aggregate bonds,98.907280,5139800
2020-08-26,EEM,Emerging-market equities,39.725651,31465300
2020-08-26,EFA,Developed international equities,54.828815,19549800
2020-08-26,EWC,Canadian equities,25.741098,1824800
2020-08-26,GLD,Gold,183.360001,12715800
2020-08-26,SPY,US equities,320.082092,50790200
2020-08-27,AGG,US aggregate bonds,98.564667,5609400
2020-08-27,EEM,Emerging-market equities,39.392700,31947400
2020-08-27,EFA,Developed international equities,54.269592,24413900
2020-08-27,EWC,Canadian equities,25.696718,1967700
2020-08-27,GLD,Gold,181.240005,16299200
2020-08-27,SPY,US equities,320.781952,58034100
2020-08-28,AGG,US aggregate bonds,98.698372,6467400
2020-08-28,EEM,Emerging-market equities,39.909649,24151700
2020-08-28,EFA,Developed international equities,54.653534,15197300
2020-08-28,EWC,Canadian equities,25.678967,987200
2020-08-28,GLD,Gold,184.389999,13200800
2020-08-28,SPY,US equities,322.854126,48588900
2020-08-31,AGG,US aggregate bonds,98.915642,10894500
2020-08-31,EEM,Emerging-market equities,39.024715,52790000
2020-08-31,EFA,Developed international equities,54.236210,24929800
2020-08-31,EWC,Canadian equities,25.483688,2100000
2020-08-31,GLD,Gold,184.830002,10251200
2020-08-31,SPY,US equities,321.684509,66099200
2020-09-01,AGG,US aggregate bonds,99.120720,9843200
2020-09-01,EEM,Emerging-market equities,39.690617,34212200
2020-09-01,EFA,Developed international equities,54.294636,23945500
2020-09-01,EWC,Canadian equities,25.652334,1871200
2020-09-01,GLD,Gold,185.050003,10662100
2020-09-01,SPY,US equities,324.714294,54908700
2020-09-02,AGG,US aggregate bonds,99.321609,4838500
2020-09-02,EEM,Emerging-market equities,39.585464,50638400
2020-09-02,EFA,Developed international equities,55.020782,20748400
2020-09-02,EWC,Canadian equities,25.741098,5486100
2020-09-02,GLD,Gold,182.619995,11536900
2020-09-02,SPY,US equities,329.411011,69540000
2020-09-03,AGG,US aggregate bonds,99.346771,6856700
2020-09-03,EEM,Emerging-market equities,38.831959,82433300
2020-09-03,EFA,Developed international equities,53.777134,43834300
2020-09-03,EWC,Canadian equities,25.235153,5479300
2020-09-03,GLD,Gold,181.139999,12148100
2020-09-03,SPY,US equities,318.074524,148011100
2020-09-04,AGG,US aggregate bonds,98.852882,5366800
2020-09-04,EEM,Emerging-market equities,38.849480,62284500
2020-09-04,EFA,Developed international equities,53.852261,33992800
2020-09-04,EWC,Canadian equities,25.039875,4346500
2020-09-04,GLD,Gold,181.639999,11567900
2020-09-04,SPY,US equities,315.477509,139156300
2020-09-08,AGG,US aggregate bonds,98.961708,8894000
2020-09-08,EEM,Emerging-market equities,38.174828,50051100
2020-09-08,EFA,Developed international equities,53.192883,26869600
2020-09-08,EWC,Canadian equities,24.489550,5489400
2020-09-08,GLD,Gold,181.289993,13229200
2020-09-08,SPY,US equities,306.857788,114465300
2020-09-09,AGG,US aggregate bonds,98.953300,7824800
2020-09-09,EEM,Emerging-market equities,38.744343,49010500
2020-09-09,EFA,Developed international equities,54.186119,23374000
2020-09-09,EWC,Canadian equities,25.075380,2787100
2020-09-09,GLD,Gold,183.050003,8424100
2020-09-09,SPY,US equities,312.917419,91462300
2020-09-10,AGG,US aggregate bonds,98.961708,4932600
2020-09-10,EEM,Emerging-market equities,38.122253,54276200
2020-09-10,EFA,Developed international equities,53.551788,30361000
2020-09-10,EWC,Canadian equities,24.675947,3421600
2020-09-10,GLD,Gold,182.460007,9143600
2020-09-10,SPY,US equities,307.484070,90569500
2020-09-11,AGG,US aggregate bonds,99.078842,8200400
2020-09-11,EEM,Emerging-market equities,38.490242,49400700
2020-09-11,EFA,Developed international equities,54.085968,29958900
2020-09-11,EWC,Canadian equities,24.746958,3265000
2020-09-11,GLD,Gold,182.449997,7662300
2020-09-11,SPY,US equities,307.640594,84680200
2020-09-14,AGG,US aggregate bonds,99.087250,6394200
2020-09-14,EEM,Emerging-market equities,39.112328,38892300
2020-09-14,EFA,Developed international equities,54.378105,14663300
2020-09-14,EWC,Canadian equities,24.977741,1269600
2020-09-14,GLD,Gold,183.889999,9709500
2020-09-14,SPY,US equities,311.692627,65605700
2020-09-15,AGG,US aggregate bonds,99.095642,4163000
2020-09-15,EEM,Emerging-market equities,39.524128,30541000
2020-09-15,EFA,Developed international equities,54.728657,17678700
2020-09-15,EWC,Canadian equities,25.013247,1560500
2020-09-15,GLD,Gold,183.449997,7993700
2020-09-15,SPY,US equities,313.267365,52920900
2020-09-16,AGG,US aggregate bonds,99.045410,6452500
2020-09-16,EEM,Emerging-market equities,39.471558,38179100
2020-09-16,EFA,Developed international equities,54.728657,18052600
2020-09-16,EWC,Canadian equities,24.800215,2162000
2020-09-16,GLD,Gold,183.970001,12702400
2020-09-16,SPY,US equities,312.024109,82096000
2020-09-17,AGG,US aggregate bonds,99.070473,4882200
2020-09-17,EEM,Emerging-market equities,39.313850,38231100
2020-09-17,EFA,Developed international equities,54.803783,18149700
2020-09-17,EWC,Canadian equities,24.800215,2274700
2020-09-17,GLD,Gold,182.960007,8836200
2020-09-17,SPY,US equities,309.279724,91523300
2020-09-18,AGG,US aggregate bonds,98.953300,5149400
2020-09-18,EEM,Emerging-market equities,39.007198,34270500
2020-09-18,EFA,Developed international equities,54.361401,27897500
2020-09-18,EWC,Canadian equities,24.596062,1714600
2020-09-18,GLD,Gold,183.199997,9959700
2020-09-18,SPY,US equities,305.719147,105877900
2020-09-21,AGG,US aggregate bonds,98.970062,6191900
2020-09-21,EEM,Emerging-market equities,38.647964,42901100
2020-09-21,EFA,Developed international equities,52.984211,39928700
2020-09-21,EWC,Canadian equities,24.152252,2462800
2020-09-21,GLD,Gold,179.520004,17436100
2020-09-21,SPY,US equities,302.316681,99450800
2020-09-22,AGG,US aggregate bonds,99.045410,4390200
2020-09-22,EEM,Emerging-market equities,38.358822,44884000
2020-09-22,EFA,Developed international equities,52.967525,15810800
2020-09-22,EWC,Canadian equities,24.427416,2467600
2020-09-22,GLD,Gold,178.649994,7977900
2020-09-22,SPY,US equities,305.395538,63612100
2020-09-23,AGG,US aggregate bonds,98.836113,5392900
2020-09-23,EEM,Emerging-market equities,37.763031,40837000
2020-09-23,EFA,Developed international equities,52.525158,18325800
2020-09-23,EWC,Canadian equities,23.868212,4337900
2020-09-23,GLD,Gold,174.789993,18134000
2020-09-23,SPY,US equities,298.313171,93112200
2020-09-24,AGG,US aggregate bonds,98.844505,4145000
2020-09-24,EEM,Emerging-market equities,37.587788,46493800
2020-09-24,EFA,Developed international equities,52.475063,25234900
2020-09-24,EWC,Canadian equities,24.027983,5650900
2020-09-24,GLD,Gold,175.440002,11759200
2020-09-24,SPY,US equities,299.108246,76681300
2020-09-25,AGG,US aggregate bonds,98.877991,5138200
2020-09-25,EEM,Emerging-market equities,37.622845,44165700
2020-09-25,EFA,Developed international equities,52.650349,24180700
2020-09-25,EWC,Canadian equities,24.152252,2676500
2020-09-25,GLD,Gold,174.940002,6779200
2020-09-25,SPY,US equities,303.943939,71069400
2020-09-28,AGG,US aggregate bonds,98.961708,5830400
2020-09-28,EEM,Emerging-market equities,38.043404,45528300
2020-09-28,EFA,Developed international equities,53.443279,18102700
2020-09-28,EWC,Canadian equities,24.471796,1998200
2020-09-28,GLD,Gold,176.699997,7109700
2020-09-28,SPY,US equities,308.992279,64584600
2020-09-29,AGG,US aggregate bonds,98.978416,5301700
2020-09-29,EEM,Emerging-market equities,38.017117,25333200
2020-09-29,EFA,Developed international equities,53.384853,16168300
2020-09-29,EWC,Canadian equities,24.347528,3147600
2020-09-29,GLD,Gold,178.190002,8718500
2020-09-29,SPY,US equities,307.309509,51304000
2020-09-30,AGG,US aggregate bonds,98.819389,6090800
2020-09-30,EEM,Emerging-market equities,38.630444,48674300
2020-09-30,EFA,Developed international equities,53.126106,37083000
2020-09-30,EWC,Canadian equities,24.329773,4393500
2020-09-30,GLD,Gold,177.119995,8371800
2020-09-30,SPY,US equities,309.639374,104081100
2020-10-01,AGG,US aggregate bonds,98.955246,9741800
2020-10-01,EEM,Emerging-market equities,38.989666,51521100
2020-10-01,EFA,Developed international equities,53.434925,33266700
2020-10-01,EWC,Canadian equities,24.471796,2305200
2020-10-01,GLD,Gold,178.699997,10402800
2020-10-01,SPY,US equities,311.627319,88698700
2020-10-02,AGG,US aggregate bonds,98.854622,5599500
2020-10-02,EEM,Emerging-market equities,38.542824,32647100
2020-10-02,EFA,Developed international equities,53.326420,25285500
2020-10-02,EWC,Canadian equities,24.445164,3056400
2020-10-02,GLD,Gold,178.539993,7488500
2020-10-02,SPY,US equities,308.668701,89431100
2020-10-05,AGG,US aggregate bonds,98.535980,4890800
2020-10-05,EEM,Emerging-market equities,39.059772,36059100
2020-10-05,EFA,Developed international equities,54.136040,14564100
2020-10-05,EWC,Canadian equities,24.915607,1887800
2020-10-05,GLD,Gold,179.410004,6969600
2020-10-05,SPY,US equities,314.142273,45713100
2020-10-06,AGG,US aggregate bonds,98.619865,4338600
2020-10-06,EEM,Emerging-market equities,39.129856,43464800
2020-10-06,EFA,Developed international equities,53.560127,22901400
2020-10-06,EWC,Canadian equities,24.533926,3116200
2020-10-06,GLD,Gold,177.300003,8632800
2020-10-06,SPY,US equities,309.676392,90128900
2020-10-07,AGG,US aggregate bonds,98.552780,4801700
2020-10-07,EEM,Emerging-market equities,39.559181,45691100
2020-10-07,EFA,Developed international equities,54.019203,17055500
2020-10-07,EWC,Canadian equities,24.897854,2071500
2020-10-07,GLD,Gold,177.220001,6410900
2020-10-07,SPY,US equities,315.066986,56999600
2020-10-08,AGG,US aggregate bonds,98.678551,4236000
2020-10-08,EEM,Emerging-market equities,39.883366,29669900
2020-10-08,EFA,Developed international equities,54.394794,13385000
2020-10-08,EWC,Canadian equities,25.261778,5519200
2020-10-08,GLD,Gold,177.850006,6530800
2020-10-08,SPY,US equities,317.859131,45242500
2020-10-09,AGG,US aggregate bonds,98.703697,2909300
2020-10-09,EEM,Emerging-market equities,40.154987,31901900
2020-10-09,EFA,Developed international equities,54.820469,22181600
2020-10-09,EWC,Canadian equities,25.386047,2077600
2020-10-09,GLD,Gold,181.080002,15979800
2020-10-09,SPY,US equities,320.697662,59528600
2020-10-12,AGG,US aggregate bonds,98.896515,2999300
2020-10-12,EEM,Emerging-market equities,40.505451,40037700
2020-10-12,EFA,Developed international equities,55.137638,9676100
2020-10-12,EWC,Canadian equities,25.457060,2419700
2020-10-12,GLD,Gold,180.559998,4843000
2020-10-12,SPY,US equities,325.857025,80388500
2020-10-13,AGG,US aggregate bonds,98.921684,3421700
2020-10-13,EEM,Emerging-market equities,40.338970,35585000
2020-10-13,EFA,Developed international equities,54.519985,16260500
2020-10-13,EWC,Canadian equities,25.235153,2175000
2020-10-13,GLD,Gold,177.720001,8384300
2020-10-13,SPY,US equities,323.730438,73255500
2020-10-14,AGG,US aggregate bonds,98.980370,4919700
2020-10-14,EEM,Emerging-market equities,40.067360,42300500
2020-10-14,EFA,Developed international equities,54.428177,13144000
2020-10-14,EWC,Canadian equities,25.164145,1811300
2020-10-14,GLD,Gold,178.270004,9076600
2020-10-14,SPY,US equities,321.696289,57727900
2020-10-15,AGG,US aggregate bonds,98.896515,5459200
2020-10-15,EEM,Emerging-market equities,39.778225,41119300
2020-10-15,EFA,Developed international equities,53.785492,20631800
2020-10-15,EWC,Canadian equities,25.093136,2153500
2020-10-15,GLD,Gold,178.919998,6815400
2020-10-15,SPY,US equities,321.298706,60357700
2020-10-16,AGG,US aggregate bonds,98.846199,3931500
2020-10-16,EEM,Emerging-market equities,39.918407,31611400
2020-10-16,EFA,Developed international equities,54.035881,15792600
2020-10-16,EWC,Canadian equities,25.031000,1400300
2020-10-16,GLD,Gold,178.300003,7260700
2020-10-16,SPY,US equities,321.104431,89501900
2020-10-19,AGG,US aggregate bonds,98.728828,4685000
2020-10-19,EEM,Emerging-market equities,39.804512,30869500
2020-10-19,EFA,Developed international equities,53.835571,14736400
2020-10-19,EWC,Canadian equities,24.800215,2136100
2020-10-19,GLD,Gold,178.389999,6084400
2020-10-19,SPY,US equities,316.222595,68425600
2020-10-20,AGG,US aggregate bonds,98.645004,4013600
2020-10-20,EEM,Emerging-market equities,40.242592,51631300
2020-10-20,EFA,Developed international equities,54.102657,23268000
2020-10-20,EWC,Canadian equities,24.888979,2016800
2020-10-20,GLD,Gold,179.250000,7121400
2020-10-20,SPY,US equities,317.489349,60051900
2020-10-21,AGG,US aggregate bonds,98.527611,3688300
2020-10-21,EEM,Emerging-market equities,40.356499,42909300
2020-10-21,EFA,Developed international equities,53.843914,21699100
2020-10-21,EWC,Canadian equities,24.782463,3723300
2020-10-21,GLD,Gold,180.600006,7548100
2020-10-21,SPY,US equities,316.888306,63575000
2020-10-22,AGG,US aggregate bonds,98.351517,4801000
2020-10-22,EEM,Emerging-market equities,40.347729,41884100
2020-10-22,EFA,Developed international equities,53.885643,20533700
2020-10-22,EWC,Canadian equities,24.871225,2742700
2020-10-22,GLD,Gold,178.830002,8377000
2020-10-22,SPY,US equities,318.626587,55399300
2020-10-23,AGG,US aggregate bonds,98.494057,3878700
2020-10-23,EEM,Emerging-market equities,40.584301,36931400
2020-10-23,EFA,Developed international equities,54.236210,19334200
2020-10-23,EWC,Canadian equities,24.951115,1293800
2020-10-23,GLD,Gold,178.639999,5919300
2020-10-23,SPY,US equities,319.708344,49143900
2020-10-26,AGG,US aggregate bonds,98.628204,4962500
2020-10-26,EEM,Emerging-market equities,40.058594,53574300
2020-10-26,EFA,Developed international equities,53.259651,17745700
2020-10-26,EWC,Canadian equities,24.489550,2379100
2020-10-26,GLD,Gold,178.550003,5105100
2020-10-26,SPY,US equities,313.800171,91473000
2020-10-27,AGG,US aggregate bonds,98.854622,5694100
2020-10-27,EEM,Emerging-market equities,40.233833,41828600
2020-10-27,EFA,Developed international equities,52.842323,19616900
2020-10-27,EWC,Canadian equities,24.418537,1493300
2020-10-27,GLD,Gold,179.020004,5826900
2020-10-27,SPY,US equities,312.718414,65994100
2020-10-28,AGG,US aggregate bonds,98.712097,7329200
2020-10-28,EEM,Emerging-market equities,39.226231,67047200
2020-10-28,EFA,Developed international equities,51.264809,36132600
2020-10-28,EWC,Canadian equities,23.522038,4607700
2020-10-28,GLD,Gold,176.130005,11734100
2020-10-28,SPY,US equities,302.029999,127094300
2020-10-29,AGG,US aggregate bonds,98.535980,11775800
2020-10-29,EEM,Emerging-market equities,39.620518,44763400
2020-10-29,EFA,Developed international equities,51.506866,30898400
2020-10-29,EWC,Canadian equities,23.628553,2989200
2020-10-29,GLD,Gold,175.399994,8474500
2020-10-29,SPY,US equities,305.099731,90597700
2020-10-30,AGG,US aggregate bonds,98.267700,10610000
2020-10-30,EEM,Emerging-market equities,39.173660,66155200
2020-10-30,EFA,Developed international equities,51.239769,35889900
2020-10-30,EWC,Canadian equities,23.495409,3740300
2020-10-30,GLD,Gold,176.199997,7303000
2020-10-30,SPY,US equities,301.919098,120287300
2020-11-02,AGG,US aggregate bonds,98.445732,6667900
2020-11-02,EEM,Emerging-market equities,39.673080,51001600
2020-11-02,EFA,Developed international equities,51.907509,24388600
2020-11-02,EWC,Canadian equities,23.797201,3967000
2020-11-02,GLD,Gold,177.910004,6498400
2020-11-02,SPY,US equities,305.303162,86068300
2020-11-03,AGG,US aggregate bonds,98.403763,7519700
2020-11-03,EEM,Emerging-market equities,39.848316,49744300
2020-11-03,EFA,Developed international equities,53.267994,26474500
2020-11-03,EWC,Canadian equities,24.329773,2240800
2020-11-03,GLD,Gold,178.919998,7577200
2020-11-03,SPY,US equities,310.693512,93294200
2020-11-04,AGG,US aggregate bonds,99.058815,5308700
2020-11-04,EEM,Emerging-market equities,41.101242,81110200
2020-11-04,EFA,Developed international equities,53.852261,26490200
2020-11-04,EWC,Canadian equities,24.454042,3785200
2020-11-04,GLD,Gold,178.820007,11117300
2020-11-04,SPY,US equities,317.637299,126959700
2020-11-05,AGG,US aggregate bonds,99.151192,5293900
2020-11-05,EEM,Emerging-market equities,41.802185,78029300
2020-11-05,EFA,Developed international equities,55.145985,28528300
2020-11-05,EWC,Canadian equities,25.048748,2451100
2020-11-05,GLD,Gold,182.929993,16102800
2020-11-05,SPY,US equities,323.832062,82039700
2020-11-06,AGG,US aggregate bonds,98.932823,5929700
2020-11-06,EEM,Emerging-market equities,41.994930,57353300
2020-11-06,EFA,Developed international equities,55.262836,21980100
2020-11-06,EWC,Canadian equities,25.039875,2209000
2020-11-06,GLD,Gold,183.190002,10378300
2020-11-06,SPY,US equities,323.758087,74973000
2020-11-09,AGG,US aggregate bonds,98.470940,6625300
2020-11-09,EEM,Emerging-market equities,42.284065,74889400
2020-11-09,EFA,Developed international equities,56.873730,43606500
2020-11-09,EWC,Canadian equities,25.430431,4696300
2020-11-09,GLD,Gold,175.080002,29800700
2020-11-09,SPY,US equities,327.826355,172304200
2020-11-10,AGG,US aggregate bonds,98.311363,5146300
2020-11-10,EEM,Emerging-market equities,41.802185,68735600
2020-11-10,EFA,Developed international equities,57.382877,37172600
2020-11-10,EWC,Canadian equities,25.670084,3151800
2020-11-10,GLD,Gold,175.660004,11728500
2020-11-10,SPY,US equities,327.345612,85552000
2020-11-11,AGG,US aggregate bonds,98.370148,3044300
2020-11-11,EEM,Emerging-market equities,42.073799,46272000
2020-11-11,EFA,Developed international equities,57.866985,16643200
2020-11-11,EWC,Canadian equities,25.847614,1692000
2020-11-11,GLD,Gold,174.899994,9008500
2020-11-11,SPY,US equities,329.777283,58649000
2020-11-12,AGG,US aggregate bonds,98.781685,7740800
2020-11-12,EEM,Emerging-market equities,41.758377,41292600
2020-11-12,EFA,Developed international equities,57.023956,24076600
2020-11-12,EWC,Canadian equities,25.430431,2585700
2020-11-12,GLD,Gold,175.960007,7167900
2020-11-12,SPY,US equities,326.578247,67546200
2020-11-13,AGG,US aggregate bonds,98.798462,5125300
2020-11-13,EEM,Emerging-market equities,42.345406,48143400
2020-11-13,EFA,Developed international equities,57.900364,21594600
2020-11-13,EWC,Canadian equities,25.554697,2029000
2020-11-13,GLD,Gold,177.160004,6469800
2020-11-13,SPY,US equities,331.099365,62892200
2020-11-16,AGG,US aggregate bonds,98.790070,7951400
2020-11-16,EEM,Emerging-market equities,42.871109,63565900
2020-11-16,EFA,Developed international equities,58.501308,20294600
2020-11-16,EWC,Canadian equities,26.016258,1859700
2020-11-16,GLD,Gold,177.149994,8358500
2020-11-16,SPY,US equities,335.232452,74541100
2020-11-17,AGG,US aggregate bonds,98.991638,4650100
2020-11-17,EEM,Emerging-market equities,42.827305,34661600
2020-11-17,EFA,Developed international equities,58.442875,18574500
2020-11-17,EWC,Canadian equities,26.140530,1262600
2020-11-17,GLD,Gold,176.500000,8229100
2020-11-17,SPY,US equities,333.429413,66111000
2020-11-18,AGG,US aggregate bonds,99.058815,6191100
2020-11-18,EEM,Emerging-market equities,42.678356,32343400
2020-11-18,EFA,Developed international equities,58.134075,15018000
2020-11-18,EWC,Canadian equities,26.069519,1813200
2020-11-18,GLD,Gold,175.490005,7384700
2020-11-18,SPY,US equities,329.416748,70591300
2020-11-19,AGG,US aggregate bonds,99.243584,6680800
2020-11-19,EEM,Emerging-market equities,42.748455,27524000
2020-11-19,EFA,Developed international equities,58.543053,24048000
2020-11-19,EWC,Canadian equities,26.176033,1488100
2020-11-19,GLD,Gold,175.160004,6965100
2020-11-19,SPY,US equities,330.803589,59940900
2020-11-20,AGG,US aggregate bonds,99.344376,7217400
2020-11-20,EEM,Emerging-market equities,42.985012,35259100
2020-11-20,EFA,Developed international equities,58.718330,18571900
2020-11-20,EWC,Canadian equities,26.291426,1378400
2020-11-20,GLD,Gold,175.690002,6379400
2020-11-20,SPY,US equities,328.538269,70417300
2020-11-23,AGG,US aggregate bonds,99.319160,4739000
2020-11-23,EEM,Emerging-market equities,43.098907,38979600
2020-11-23,EFA,Developed international equities,58.643208,14340300
2020-11-23,EWC,Canadian equities,26.460075,1573300
2020-11-23,GLD,Gold,172.229996,15510600
2020-11-23,SPY,US equities,330.507751,63230600
2020-11-24,AGG,US aggregate bonds,99.184784,4696800
2020-11-24,EEM,Emerging-market equities,43.677189,39275200
2020-11-24,EFA,Developed international equities,59.519600,23399300
2020-11-24,EWC,Canadian equities,26.921638,1753400
2020-11-24,GLD,Gold,169.589996,19504000
2020-11-24,SPY,US equities,335.833435,62415900
2020-11-25,AGG,US aggregate bonds,99.151192,4125000
2020-11-25,EEM,Emerging-market equities,43.431870,47358000
2020-11-25,EFA,Developed international equities,59.444477,19214900
2020-11-25,EWC,Canadian equities,26.983767,1671200
2020-11-25,GLD,Gold,169.509995,10286600
2020-11-25,SPY,US equities,335.315613,45330900
2020-11-27,AGG,US aggregate bonds,99.319160,3436200
2020-11-27,EEM,Emerging-market equities,43.843670,27040300
2020-11-27,EFA,Developed international equities,59.853462,11839100
2020-11-27,EWC,Canadian equities,27.072533,881800
2020-11-27,GLD,Gold,167.789993,10569100
2020-11-27,SPY,US equities,336.249481,28514100
2020-11-30,AGG,US aggregate bonds,99.453537,8688500
2020-11-30,EEM,Emerging-market equities,42.695877,60622800
2020-11-30,EFA,Developed international equities,58.551399,46146500
2020-11-30,EWC,Canadian equities,26.877254,3231800
2020-11-30,GLD,Gold,166.669998,13210000
2020-11-30,SPY,US equities,334.760895,83872700
2020-12-01,AGG,US aggregate bonds,99.138863,5190800
2020-12-01,EEM,Emerging-market equities,43.537003,50376400
2020-12-01,EFA,Developed international equities,59.928585,29860500
2020-12-01,EWC,Canadian equities,27.028156,3313700
2020-12-01,GLD,Gold,170.179993,13533300
2020-12-01,SPY,US equities,338.422272,74231400
2020-12-02,AGG,US aggregate bonds,99.029526,6121000
2020-12-02,EEM,Emerging-market equities,43.598331,42826100
2020-12-02,EFA,Developed international equities,59.936928,20864700
2020-12-02,EWC,Canadian equities,27.214554,2926700
2020-12-02,GLD,Gold,171.460007,9199700
2020-12-02,SPY,US equities,339.134308,45927000
2020-12-03,AGG,US aggregate bonds,99.197784,5198400
2020-12-03,EEM,Emerging-market equities,44.097752,61408300
2020-12-03,EFA,Developed international equities,60.037090,16572700
2020-12-03,EWC,Canadian equities,27.400955,2007700
2020-12-03,GLD,Gold,172.809998,10457300
2020-12-03,SPY,US equities,339.041779,62882000
2020-12-04,AGG,US aggregate bonds,98.928574,5896100
2020-12-04,EEM,Emerging-market equities,44.553368,42230900
2020-12-04,EFA,Developed international equities,60.546230,18956100
2020-12-04,EWC,Canadian equities,27.818140,1281300
2020-12-04,GLD,Gold,172.320007,10098600
2020-12-04,SPY,US equities,341.963562,50749900
2020-12-07,AGG,US aggregate bonds,99.079994,6127800
2020-12-07,EEM,Emerging-market equities,44.553368,43115100
2020-12-07,EFA,Developed international equities,60.053772,19537700
2020-12-07,EWC,Canadian equities,27.835894,1945600
2020-12-07,GLD,Gold,174.889999,10555100
2020-12-07,SPY,US equities,341.260834,48944300
2020-12-08,AGG,US aggregate bonds,99.088402,6807000
2020-12-08,EEM,Emerging-market equities,44.570889,28632600
2020-12-08,EFA,Developed international equities,60.262444,12428100
2020-12-08,EWC,Canadian equities,27.898026,1374500
2020-12-08,GLD,Gold,175.500000,6348400
2020-12-08,SPY,US equities,342.259430,42458900
2020-12-09,AGG,US aggregate bonds,98.945412,6975700
2020-12-09,EEM,Emerging-market equities,44.185368,40762600
2020-12-09,EFA,Developed international equities,60.345909,18355000
2020-12-09,EWC,Canadian equities,27.827017,2024600
2020-12-09,GLD,Gold,172.500000,10743200
2020-12-09,SPY,US equities,339.189728,74098300
2020-12-10,AGG,US aggregate bonds,99.189377,6192200
2020-12-10,EEM,Emerging-market equities,44.754875,36032000
2020-12-10,EFA,Developed international equities,60.429390,20871300
2020-12-10,EWC,Canadian equities,28.040045,2129700
2020-12-10,GLD,Gold,172.169998,6564000
2020-12-10,SPY,US equities,339.078766,57735400
2020-12-11,AGG,US aggregate bonds,99.298759,5636100
2020-12-11,EEM,Emerging-market equities,44.439457,38034400
2020-12-11,EFA,Developed international equities,60.245762,21812000
2020-12-11,EWC,Canadian equities,27.898026,2204500
2020-12-11,GLD,Gold,172.490005,6084800
2020-12-11,SPY,US equities,338.681152,57698600
2020-12-14,AGG,US aggregate bonds,99.239861,4705600
2020-12-14,EEM,Emerging-market equities,44.208412,34407200
2020-12-14,EFA,Developed international equities,60.282833,26176400
2020-12-14,EWC,Canadian equities,27.668875,1512300
2020-12-14,GLD,Gold,171.539993,7644400
2020-12-14,SPY,US equities,337.164856,69216200
2020-12-15,AGG,US aggregate bonds,99.298759,4217800
2020-12-15,EEM,Emerging-market equities,44.686436,39345000
2020-12-15,EFA,Developed international equities,60.898052,24075700
2020-12-15,EWC,Canadian equities,27.983397,1458400
2020-12-15,GLD,Gold,173.940002,6840500
2020-12-15,SPY,US equities,341.723114,63865300
2020-12-16,AGG,US aggregate bonds,99.256668,4467900
2020-12-16,EEM,Emerging-market equities,44.898891,38243300
2020-12-16,EFA,Developed international equities,61.134022,15642300
2020-12-16,EWC,Canadian equities,27.965425,4429200
2020-12-16,GLD,Gold,174.899994,8174700
2020-12-16,SPY,US equities,342.259430,58420500
2020-12-17,AGG,US aggregate bonds,99.252480,6610400
2020-12-17,EEM,Emerging-market equities,45.191017,36323800
2020-12-17,EFA,Developed international equities,61.563843,18633100
2020-12-17,EWC,Canadian equities,28.154133,2990700
2020-12-17,GLD,Gold,176.740005,9475800
2020-12-17,SPY,US equities,344.173370,64119500
2020-12-18,AGG,US aggregate bonds,99.201942,3874700
2020-12-18,EEM,Emerging-market equities,45.137909,47662800
2020-12-18,EFA,Developed international equities,61.243572,27367900
2020-12-18,EWC,Canadian equities,27.839615,1993800
2020-12-18,GLD,Gold,176.440002,6789900
2020-12-18,SPY,US equities,342.799011,136542300
2020-12-21,AGG,US aggregate bonds,99.201942,4818300
2020-12-21,EEM,Emerging-market equities,44.473984,48558100
2020-12-21,EFA,Developed international equities,60.459812,31488000
2020-12-21,EWC,Canadian equities,27.632925,6800500
2020-12-21,GLD,Gold,175.880005,8168900
2020-12-21,SPY,US equities,341.573395,96386700
2020-12-22,AGG,US aggregate bonds,99.345085,4516500
2020-12-22,EEM,Emerging-market equities,44.119896,35229900
2020-12-22,EFA,Developed international equities,60.308105,20355000
2020-12-22,EWC,Canadian equities,27.596983,1748300
2020-12-22,GLD,Gold,174.490005,9442400
2020-12-22,SPY,US equities,340.997681,47949000
2020-12-23,AGG,US aggregate bonds,99.277748,4157700
2020-12-23,EEM,Emerging-market equities,44.571358,36469400
2020-12-23,EFA,Developed international equities,60.957047,13577300
2020-12-23,EWC,Canadian equities,27.785698,1791900
2020-12-23,GLD,Gold,175.649994,6542800
2020-12-23,SPY,US equities,341.304138,46201400
2020-12-24,AGG,US aggregate bonds,99.370384,2214500
2020-12-24,EEM,Emerging-market equities,44.376614,20689000
2020-12-24,EFA,Developed international equities,60.982330,7252900
2020-12-24,EWC,Canadian equities,27.911503,556000
2020-12-24,GLD,Gold,176.350006,3695400
2020-12-24,SPY,US equities,342.631927,26457900
2020-12-28,AGG,US aggregate bonds,99.387192,4567200
2020-12-28,EEM,Emerging-market equities,44.500546,26906100
2020-12-28,EFA,Developed international equities,61.479553,11142200
2020-12-28,EWC,Canadian equities,27.722792,1466600
2020-12-28,GLD,Gold,175.710007,7778700
2020-12-28,SPY,US equities,345.575378,39000400
2020-12-29,AGG,US aggregate bonds,99.404068,4300100
2020-12-29,EEM,Emerging-market equities,45.164459,41965900
2020-12-29,EFA,Developed international equities,61.875652,17541500
2020-12-29,EWC,Canadian equities,27.794683,1661400
2020-12-29,GLD,Gold,176.350006,5983700
2020-12-29,SPY,US equities,344.916138,53680500
2020-12-30,AGG,US aggregate bonds,99.462990,2762200
2020-12-30,EEM,Emerging-market equities,45.766426,35759500
2020-12-30,EFA,Developed international equities,61.959930,15147100
2020-12-30,EWC,Canadian equities,27.902519,1255900
2020-12-30,GLD,Gold,177.699997,5914000
2020-12-30,SPY,US equities,345.408295,49455300
2020-12-31,AGG,US aggregate bonds,99.538795,4834700
2020-12-31,EEM,Emerging-market equities,45.739861,35680200
2020-12-31,EFA,Developed international equities,61.487991,34218500
2020-12-31,EWC,Canadian equities,27.713808,2608600
2020-12-31,GLD,Gold,178.360001,7540800
2020-12-31,SPY,US equities,347.163147,78520700
2021-01-04,AGG,US aggregate bonds,99.412476,6414100
2021-01-04,EEM,Emerging-market equities,46.031990,48201300
2021-01-04,EFA,Developed international equities,61.808235,26703400
2021-01-04,EWC,Canadian equities,27.803671,3934600
2021-01-04,GLD,Gold,182.330002,14331400
2021-01-04,SPY,US equities,342.436951,110210800
2021-01-05,AGG,US aggregate bonds,99.311447,7477900
2021-01-05,EEM,Emerging-market equities,47.138523,53358000
2021-01-05,EFA,Developed international equities,62.448753,19748500
2021-01-05,EWC,Canadian equities,28.324875,5861900
2021-01-05,GLD,Gold,182.869995,12718800
2021-01-05,SPY,US equities,344.795410,66426200
2021-01-06,AGG,US aggregate bonds,98.822922,10687200
2021-01-06,EEM,Emerging-market equities,46.740173,56418700
2021-01-06,EFA,Developed international equities,63.165089,25426900
2021-01-06,EWC,Canadian equities,28.585478,9396100
2021-01-06,GLD,Gold,179.899994,18453500
2021-01-06,SPY,US equities,346.856750,107997700
2021-01-07,AGG,US aggregate bonds,98.721901,6639400
2021-01-07,EEM,Emerging-market equities,47.182789,41031300
2021-01-07,EFA,Developed international equities,63.232506,18783700
2021-01-07,EWC,Canadian equities,28.891016,2573500
2021-01-07,GLD,Gold,179.479996,7110200
2021-01-07,SPY,US equities,352.010223,68766800
2021-01-08,AGG,US aggregate bonds,98.603935,7335700
2021-01-08,EEM,Emerging-market equities,48.430958,76024300
2021-01-08,EFA,Developed international equities,63.822441,25272200
2021-01-08,EWC,Canadian equities,28.855070,2261100
2021-01-08,GLD,Gold,173.339996,24399900
2021-01-08,SPY,US equities,354.015900,71677200
2021-01-11,AGG,US aggregate bonds,98.443962,8610100
2021-01-11,EEM,Emerging-market equities,47.775894,40816400
2021-01-11,EFA,Developed international equities,62.988098,23190200
2021-01-11,EWC,Canadian equities,28.558517,1564500
2021-01-11,GLD,Gold,173.000000,8571400
2021-01-11,SPY,US equities,351.629395,51034700
2021-01-12,AGG,US aggregate bonds,98.528183,7269600
2021-01-12,EEM,Emerging-market equities,48.245060,47570500
2021-01-12,EFA,Developed international equities,63.274654,20914000
2021-01-12,EWC,Canadian equities,28.756216,1924700
2021-01-12,GLD,Gold,174.119995,9798500
2021-01-12,SPY,US equities,351.703705,52547700
2021-01-13,AGG,US aggregate bonds,98.839813,6788500
2021-01-13,EEM,Emerging-market equities,48.351288,33561200
2021-01-13,EFA,Developed international equities,63.190361,15580700
2021-01-13,EWC,Canadian equities,28.711288,2847300
2021-01-13,GLD,Gold,173.369995,14110300
2021-01-13,SPY,US equities,352.650848,45303600
2021-01-14,AGG,US aggregate bonds,98.646072,6610500
2021-01-14,EEM,Emerging-market equities,48.802761,38837200
2021-01-14,EFA,Developed international equities,63.696026,22607500
2021-01-14,EWC,Canadian equities,28.908981,2442800
2021-01-14,GLD,Gold,173.279999,13522700
2021-01-14,SPY,US equities,351.415955,49989100
2021-01-15,AGG,US aggregate bonds,98.747139,6447700
2021-01-15,EEM,Emerging-market equities,48.112278,58519000
2021-01-15,EFA,Developed international equities,62.701561,27355900
2021-01-15,EWC,Canadian equities,28.603453,1395900
2021-01-15,GLD,Gold,171.130005,16172500
2021-01-15,SPY,US equities,348.853149,107160000
2021-01-19,AGG,US aggregate bonds,98.881889,7601100
2021-01-19,EEM,Emerging-market equities,48.908997,50429300
2021-01-19,EFA,Developed international equities,63.156654,20162300
2021-01-19,EWC,Canadian equities,28.666353,1517600
2021-01-19,GLD,Gold,172.580002,7485700
2021-01-19,SPY,US equities,351.592316,51233300
2021-01-20,AGG,US aggregate bonds,98.890297,6229100
2021-01-20,EEM,Emerging-market equities,49.767658,38832500
2021-01-20,EFA,Developed international equities,63.586456,14419000
2021-01-20,EWC,Canadian equities,28.926958,1490100
2021-01-20,GLD,Gold,175.389999,9456000
2021-01-20,SPY,US equities,356.457977,61836100
2021-01-21,AGG,US aggregate bonds,98.747139,8301000
2021-01-21,EEM,Emerging-market equities,49.856182,31457000
2021-01-21,EFA,Developed international equities,63.637035,20536300
2021-01-21,EWC,Canadian equities,28.810135,1304900
2021-01-21,GLD,Gold,175.279999,7246800
2021-01-21,SPY,US equities,356.782928,47840100
2021-01-22,AGG,US aggregate bonds,98.747139,3513700
2021-01-22,EEM,Emerging-market equities,49.422424,48223800
2021-01-22,EFA,Developed international equities,63.333645,18854700
2021-01-22,EWC,Canadian equities,28.432713,5029700
2021-01-22,GLD,Gold,173.899994,7269600
2021-01-22,SPY,US equities,355.520081,52860500
2021-01-25,AGG,US aggregate bonds,98.999802,4049000
2021-01-25,EEM,Emerging-market equities,49.794216,50793700
2021-01-25,EFA,Developed international equities,63.257782,21748100
2021-01-25,EWC,Canadian equities,28.513588,2243800
2021-01-25,GLD,Gold,174.050003,5936800
2021-01-25,SPY,US equities,356.922180,70402000
2021-01-26,AGG,US aggregate bonds,98.966118,3639500
2021-01-26,EEM,Emerging-market equities,49.431271,32283000
2021-01-26,EFA,Developed international equities,63.350494,14175200
2021-01-26,EWC,Canadian equities,28.414742,2967700
2021-01-26,GLD,Gold,173.619995,4685600
2021-01-26,SPY,US equities,356.365082,42665300
2021-01-27,AGG,US aggregate bonds,98.974510,3619100
2021-01-27,EEM,Emerging-market equities,48.059170,45279700
2021-01-27,EFA,Developed international equities,61.900936,31245200
2021-01-27,EWC,Canadian equities,27.659889,3343400
2021-01-27,GLD,Gold,172.520004,9036500
2021-01-27,SPY,US equities,347.655365,123351100
2021-01-28,AGG,US aggregate bonds,98.907143,6176500
2021-01-28,EEM,Emerging-market equities,48.395550,38055000
2021-01-28,EFA,Developed international equities,62.297043,26658600
2021-01-28,EWC,Canadian equities,27.983397,3409200
2021-01-28,GLD,Gold,172.679993,9392400
2021-01-28,SPY,US equities,350.645233,94198100
2021-01-29,AGG,US aggregate bonds,98.797668,12164800
2021-01-29,EEM,Emerging-market equities,47.191635,57657800
2021-01-29,EFA,Developed international equities,61.007618,42149500
2021-01-29,EWC,Canadian equities,27.498135,4546100
2021-01-29,GLD,Gold,172.610001,11252800
2021-01-29,SPY,US equities,343.625397,126765100
2021-02-01,AGG,US aggregate bonds,98.892197,6621900
2021-02-01,EEM,Emerging-market equities,48.466366,51427000
2021-02-01,EFA,Developed international equities,61.732391,23243900
2021-02-01,EWC,Canadian equities,27.803671,3283100
2021-02-01,GLD,Gold,174.229996,9105500
2021-02-01,SPY,US equities,349.345306,75817600
2021-02-02,AGG,US aggregate bonds,98.740318,7323400
2021-02-02,EEM,Emerging-market equities,49.094879,33172200
2021-02-02,EFA,Developed international equities,62.356033,20388500
2021-02-02,EWC,Canadian equities,28.297918,1687500
2021-02-02,GLD,Gold,172.110001,7221700
2021-02-02,SPY,US equities,354.285126,64450700
2021-02-03,AGG,US aggregate bonds,98.622238,5492400
2021-02-03,EEM,Emerging-market equities,49.342747,32363100
2021-02-03,EFA,Developed international equities,62.507721,11345800
2021-02-03,EWC,Canadian equities,28.396765,1910400
2021-02-03,GLD,Gold,171.850006,4658100
2021-02-03,SPY,US equities,354.563660,52427100
2021-02-04,AGG,US aggregate bonds,98.580032,5287400
2021-02-04,EEM,Emerging-market equities,49.360455,40161800
2021-02-04,EFA,Developed international equities,62.575146,10500300
2021-02-04,EWC,Canadian equities,28.504602,1487200
2021-02-04,GLD,Gold,168.149994,13736600
2021-02-04,SPY,US equities,358.593536,47142600
2021-02-05,AGG,US aggregate bonds,98.453484,3446600
2021-02-05,EEM,Emerging-market equities,49.785370,24242300
2021-02-05,EFA,Developed international equities,62.962811,10955600
2021-02-05,EWC,Canadian equities,28.792164,1217500
2021-02-05,GLD,Gold,169.809998,6538500
2021-02-05,SPY,US equities,360.004944,48669800
2021-02-08,AGG,US aggregate bonds,98.554703,4704200
2021-02-08,EEM,Emerging-market equities,49.873886,21606000
2021-02-08,EFA,Developed international equities,63.401058,16405600
2021-02-08,EWC,Canadian equities,29.169588,1486100
2021-02-08,GLD,Gold,171.520004,6887500
2021-02-08,SPY,US equities,362.604889,38365200
2021-02-09,AGG,US aggregate bonds,98.596924,4533400
2021-02-09,EEM,Emerging-market equities,50.405018,27200000
2021-02-09,EFA,Developed international equities,63.746593,16337600
2021-02-09,EWC,Canadian equities,29.367289,1669900
2021-02-09,GLD,Gold,172.080002,5131800
2021-02-09,SPY,US equities,362.363403,35551100
2021-02-10,AGG,US aggregate bonds,98.689697,4378300
2021-02-10,EEM,Emerging-market equities,50.582077,30531200
2021-02-10,EFA,Developed international equities,63.527466,15402800
2021-02-10,EWC,Canadian equities,29.439177,1679300
2021-02-10,GLD,Gold,172.710007,6112800
2021-02-10,SPY,US equities,362.205566,59154400
2021-02-11,AGG,US aggregate bonds,98.571594,3470800
2021-02-11,EEM,Emerging-market equities,51.122059,48875000
2021-02-11,EFA,Developed international equities,63.957291,12314100
2021-02-11,EWC,Canadian equities,29.466139,2421800
2021-02-11,GLD,Gold,171.210007,5994500
2021-02-11,SPY,US equities,362.790558,42913300
2021-02-12,AGG,US aggregate bonds,98.343857,3284900
2021-02-12,EEM,Emerging-market equities,51.166325,28400400
2021-02-12,EFA,Developed international equities,64.311234,11946800
2021-02-12,EWC,Canadian equities,29.547010,1787700
2021-02-12,GLD,Gold,170.690002,6018900
2021-02-12,SPY,US equities,364.582672,50593300
2021-02-16,AGG,US aggregate bonds,97.879883,5682700
2021-02-16,EEM,Emerging-market equities,51.290260,34954000
2021-02-16,EFA,Developed international equities,64.774765,20225600
2021-02-16,EWC,Canadian equities,29.681807,1920800
2021-02-16,GLD,Gold,168.240005,14761100
2021-02-16,SPY,US equities,364.266907,50972400
2021-02-17,AGG,US aggregate bonds,98.073906,6304100
2021-02-17,EEM,Emerging-market equities,51.307961,37789100
2021-02-17,EFA,Developed international equities,64.395523,19198800
2021-02-17,EWC,Canadian equities,29.466139,2733700
2021-02-17,GLD,Gold,166.330002,11400700
2021-02-17,SPY,US equities,364.350494,52290600
2021-02-18,AGG,US aggregate bonds,98.023270,5333500
2021-02-18,EEM,Emerging-market equities,50.599785,46118400
2021-02-18,EFA,Developed international equities,64.075264,19191700
2021-02-18,EWC,Canadian equities,29.385263,2228900
2021-02-18,GLD,Gold,166.320007,7498200
2021-02-18,SPY,US equities,362.799835,59712800
2021-02-19,AGG,US aggregate bonds,97.719582,4673100
2021-02-19,EEM,Emerging-market equities,50.927315,39809800
2021-02-19,EFA,Developed international equities,64.260666,14962300
2021-02-19,EWC,Canadian equities,29.690798,1873100
2021-02-19,GLD,Gold,167.009995,8273500
2021-02-19,SPY,US equities,362.159088,83241000
2021-02-22,AGG,US aggregate bonds,97.415916,4894200
2021-02-22,EEM,Emerging-market equities,49.431271,46924200
2021-02-22,EFA,Developed international equities,64.100555,19515800
2021-02-22,EWC,Canadian equities,29.762686,2091100
2021-02-22,GLD,Gold,169.509995,10072000
2021-02-22,SPY,US equities,359.373535,67414200
2021-02-23,AGG,US aggregate bonds,97.441193,6035200
2021-02-23,EEM,Emerging-market equities,49.652580,40316200
2021-02-23,EFA,Developed international equities,64.159538,25014500
2021-02-23,EWC,Canadian equities,29.708771,3845400
2021-02-23,GLD,Gold,169.119995,8616800
2021-02-23,SPY,US equities,359.809998,107284100
2021-02-24,AGG,US aggregate bonds,97.407448,6232300
2021-02-24,EEM,Emerging-market equities,49.333900,36631300
2021-02-24,EFA,Developed international equities,64.361809,21877600
2021-02-24,EWC,Canadian equities,30.167070,12407400
2021-02-24,GLD,Gold,169.000000,8890600
2021-02-24,SPY,US equities,363.774811,72433900
2021-02-25,AGG,US aggregate bonds,96.513283,14926900
2021-02-25,EEM,Emerging-market equities,48.209660,50895200
2021-02-25,EFA,Developed international equities,63.266216,36921800
2021-02-25,EWC,Canadian equities,29.529047,3035900
2021-02-25,GLD,Gold,165.820007,16359400
2021-02-25,SPY,US equities,355.009369,146670500
2021-02-26,AGG,US aggregate bonds,97.297806,11333400
2021-02-26,EEM,Emerging-market equities,47.563438,68933600
2021-02-26,EFA,Developed international equities,62.372875,48798100
2021-02-26,EWC,Canadian equities,28.908981,5118400
2021-02-26,GLD,Gold,161.809998,23730400
2021-02-26,SPY,US equities,353.180176,152701600
2021-03-01,AGG,US aggregate bonds,97.247093,13018100
2021-03-01,EEM,Emerging-market equities,48.838161,53421400
2021-03-01,EFA,Developed international equities,63.544319,24268100
2021-03-01,EWC,Canadian equities,29.555996,3833300
2021-03-01,GLD,Gold,161.529999,13828300
2021-03-01,SPY,US equities,361.741272,105348800
2021-03-02,AGG,US aggregate bonds,97.264000,10111300
2021-03-02,EEM,Emerging-market equities,48.360146,38533600
2021-03-02,EFA,Developed international equities,63.476898,22204900
2021-03-02,EWC,Canadian equities,29.870527,3376300
2021-03-02,GLD,Gold,162.410004,11424600
2021-03-02,SPY,US equities,358.918549,79595300
2021-03-03,AGG,US aggregate bonds,96.909096,10317500
2021-03-03,EEM,Emerging-market equities,48.262772,43013300
2021-03-03,EFA,Developed international equities,63.089230,20856100
2021-03-03,EWC,Canadian equities,29.636879,8008100
2021-03-03,GLD,Gold,160.619995,13059900
2021-03-03,SPY,US equities,354.164368,119940200
2021-03-04,AGG,US aggregate bonds,96.630272,5953600
2021-03-04,EEM,Emerging-market equities,47.138523,70653800
2021-03-04,EFA,Developed international equities,62.490883,34648600
2021-03-04,EWC,Canadian equities,29.322359,8167700
2021-03-04,GLD,Gold,159.039993,13870100
2021-03-04,SPY,US equities,349.781677,183433000
2021-03-05,AGG,US aggregate bonds,96.562691,8675700
2021-03-05,EEM,Emerging-market equities,47.651966,64018500
2021-03-05,EFA,Developed international equities,62.895382,29694200
2021-03-05,EWC,Canadian equities,29.744713,10593100
2021-03-05,GLD,Gold,159.139999,12821600
2021-03-05,SPY,US equities,356.216431,152039600
2021-03-08,AGG,US aggregate bonds,96.182472,5639400
2021-03-08,EEM,Emerging-market equities,46.368374,54120600
2021-03-08,EFA,Developed international equities,62.676292,25080900
2021-03-08,EWC,Canadian equities,29.843561,4766600
2021-03-08,GLD,Gold,157.490005,12134900
2021-03-08,SPY,US equities,354.443054,123149200
2021-03-09,AGG,US aggregate bonds,96.545776,5676800
2021-03-09,EEM,Emerging-market equities,47.386395,42450100
2021-03-09,EFA,Developed international equities,63.519039,19060200
2021-03-09,EWC,Canadian equities,30.104168,3782200
2021-03-09,GLD,Gold,160.839996,10382600
2021-03-09,SPY,US equities,359.503571,113633600
2021-03-10,AGG,US aggregate bonds,96.706329,6936900
2021-03-10,EEM,Emerging-market equities,47.173939,42853900
2021-03-10,EFA,Developed international equities,63.788731,19467400
2021-03-10,EWC,Canadian equities,30.319838,3514600
2021-03-10,GLD,Gold,161.660004,7962000
2021-03-10,SPY,US equities,361.741272,109899400
2021-03-11,AGG,US aggregate bonds,96.697876,8827800
2021-03-11,EEM,Emerging-market equities,48.661125,57247200
2021-03-11,EFA,Developed international equities,64.125832,15485300
2021-03-11,EWC,Canadian equities,30.814087,3359600
2021-03-11,GLD,Gold,161.520004,6749200
2021-03-11,SPY,US equities,365.409058,86245000
2021-03-12,AGG,US aggregate bonds,96.148636,5066800
2021-03-12,EEM,Emerging-market equities,47.793602,41559600
2021-03-12,EFA,Developed international equities,64.285965,16342500
2021-03-12,EWC,Canadian equities,30.984821,1885300
2021-03-12,GLD,Gold,161.490005,8608500
2021-03-12,SPY,US equities,365.901245,64653600
2021-03-15,AGG,US aggregate bonds,96.250061,5000500
2021-03-15,EEM,Emerging-market equities,47.908672,32447400
2021-03-15,EFA,Developed international equities,64.336525,17320100
2021-03-15,EWC,Canadian equities,31.182526,3709100
2021-03-15,GLD,Gold,162.199997,8104500
2021-03-15,SPY,US equities,368.083252,73427200
2021-03-16,AGG,US aggregate bonds,96.216248,3990900
2021-03-16,EEM,Emerging-market equities,48.112278,41261600
2021-03-16,EFA,Developed international equities,64.446083,16662600
2021-03-16,EWC,Canadian equities,31.137604,2770700
2021-03-16,GLD,Gold,162.350006,7547400
2021-03-16,SPY,US equities,367.619019,73722500
2021-03-17,AGG,US aggregate bonds,96.207832,6229800
2021-03-17,EEM,Emerging-market equities,48.174236,57032400
2021-03-17,EFA,Developed international equities,64.825325,16305000
2021-03-17,EWC,Canadian equities,31.398197,3716800
2021-03-17,GLD,Gold,163.509995,12626700
2021-03-17,SPY,US equities,368.872559,97959300
2021-03-18,AGG,US aggregate bonds,95.836006,6222200
2021-03-18,EEM,Emerging-market equities,47.289017,49205900
2021-03-18,EFA,Developed international equities,64.235390,23176300
2021-03-18,EWC,Canadian equities,30.903948,5794100
2021-03-18,GLD,Gold,162.559998,8711100
2021-03-18,SPY,US equities,363.505493,115349100
2021-03-19,AGG,US aggregate bonds,95.912064,4701400
2021-03-19,EEM,Emerging-market equities,47.873268,60265700
2021-03-19,EFA,Developed international equities,64.412361,31465200
2021-03-19,EWC,Canadian equities,30.912939,4364000
2021-03-19,GLD,Gold,163.240005,6868900
2021-03-19,SPY,US equities,362.832977,113624500
2021-03-22,AGG,US aggregate bonds,96.097992,5468600
2021-03-22,EEM,Emerging-market equities,47.731628,24860300
2021-03-22,EFA,Developed international equities,64.471367,27978200
2021-03-22,EWC,Canadian equities,30.769156,5201200
2021-03-22,GLD,Gold,163.000000,5240000
2021-03-22,SPY,US equities,365.730194,73778600
2021-03-23,AGG,US aggregate bonds,96.342972,5524900
2021-03-23,EEM,Emerging-market equities,46.819847,40356400
2021-03-23,EFA,Developed international equities,63.578037,22514200
2021-03-23,EWC,Canadian equities,30.427673,7023600
2021-03-23,GLD,Gold,161.809998,6048300
2021-03-23,SPY,US equities,362.851562,90686600
2021-03-24,AGG,US aggregate bonds,96.461273,6352600
2021-03-24,EEM,Emerging-market equities,45.748711,45315400
2021-03-24,EFA,Developed international equities,63.257782,20717000
2021-03-24,EWC,Canadian equities,30.427673,3947200
2021-03-24,GLD,Gold,162.369995,6183700
2021-03-24,SPY,US equities,361.007050,97588600
2021-03-25,AGG,US aggregate bonds,96.410583,5178000
2021-03-25,EEM,Emerging-market equities,45.961166,73684400
2021-03-25,EFA,Developed international equities,63.729744,25183000
2021-03-25,EWC,Canadian equities,30.364769,3635900
2021-03-25,GLD,Gold,161.779999,8398600
2021-03-25,SPY,US equities,363.037811,116128600
2021-03-26,AGG,US aggregate bonds,96.250061,4333900
2021-03-26,EEM,Emerging-market equities,47.156231,142402800
2021-03-26,EFA,Developed international equities,64.555641,27419100
2021-03-26,EWC,Canadian equities,30.661312,3876900
2021-03-26,GLD,Gold,162.240005,6153900
2021-03-26,SPY,US equities,368.888336,114409100
2021-03-29,AGG,US aggregate bonds,96.089493,7630800
2021-03-29,EEM,Emerging-market equities,46.828697,51309500
2021-03-29,EFA,Developed international equities,64.302811,18381600
2021-03-29,EWC,Canadian equities,30.607401,2923000
2021-03-29,GLD,Gold,160.309998,8409300
2021-03-29,SPY,US equities,368.701904,108107600
2021-03-30,AGG,US aggregate bonds,96.165550,4996900
2021-03-30,EEM,Emerging-market equities,46.979183,44414300
2021-03-30,EFA,Developed international equities,64.218536,15377400
2021-03-30,EWC,Canadian equities,30.481588,3152400
2021-03-30,GLD,Gold,157.570007,8353200
2021-03-30,SPY,US equities,367.723755,76262200
2021-03-31,AGG,US aggregate bonds,96.182472,6309200
2021-03-31,EEM,Emerging-market equities,47.218193,38807500
2021-03-31,EFA,Developed international equities,63.940430,32191600
2021-03-31,EWC,Canadian equities,30.598412,5485300
2021-03-31,GLD,Gold,159.960007,10623800
2021-03-31,SPY,US equities,369.214355,112734200
2021-04-01,AGG,US aggregate bonds,96.505692,10767200
2021-04-01,EEM,Emerging-market equities,47.678524,44592700
2021-04-01,EFA,Developed international equities,64.774765,26312600
2021-04-01,EWC,Canadian equities,31.128611,3267800
2021-04-01,GLD,Gold,161.979996,7105200
2021-04-01,SPY,US equities,373.201477,99682900
2021-04-05,AGG,US aggregate bonds,96.311066,9230100
2021-04-05,EEM,Emerging-market equities,47.864410,30891600
2021-04-05,EFA,Developed international equities,65.718651,20340500
2021-04-05,EWC,Canadian equities,31.245428,2663600
2021-04-05,GLD,Gold,161.919998,6163800
2021-04-05,SPY,US equities,378.558044,91684800
2021-04-06,AGG,US aggregate bonds,96.649597,4864100
2021-04-06,EEM,Emerging-market equities,48.129990,31509200
2021-04-06,EFA,Developed international equities,65.019157,18995900
2021-04-06,EWC,Canadian equities,31.182526,1871200
2021-04-06,GLD,Gold,163.220001,6761200
2021-04-06,SPY,US equities,378.334473,62021000
2021-04-07,AGG,US aggregate bonds,96.497215,4505600
2021-04-07,EEM,Emerging-market equities,47.421803,47888100
2021-04-07,EFA,Developed international equities,65.153999,14349400
2021-04-07,EWC,Canadian equities,31.182526,2982200
2021-04-07,GLD,Gold,162.759995,5436000
2021-04-07,SPY,US equities,378.772247,55836300
2021-04-08,AGG,US aggregate bonds,96.734200,4932100
2021-04-08,EEM,Emerging-market equities,47.811298,50373000
2021-04-08,EFA,Developed international equities,65.524818,15502500
2021-04-08,EWC,Canadian equities,31.416174,3188300
2021-04-08,GLD,Gold,164.509995,6574500
2021-04-08,SPY,US equities,380.570251,57863100
2021-04-09,AGG,US aggregate bonds,96.624184,7467100
2021-04-09,EEM,Emerging-market equities,47.404091,35808300
2021-04-09,EFA,Developed international equities,65.727081,16330500
2021-04-09,EWC,Canadian equities,31.515017,2748800
2021-04-09,GLD,Gold,163.270004,6657900
2021-04-09,SPY,US equities,383.337097,61104600
2021-04-12,AGG,US aggregate bonds,96.598793,3844900
2021-04-12,EEM,Emerging-market equities,47.120819,30045900
2021-04-12,EFA,Developed international equities,65.364693,13729500
2021-04-12,EWC,Canadian equities,31.407183,1824800
2021-04-12,GLD,Gold,162.279999,4896700
2021-04-12,SPY,US equities,383.476837,56704900
2021-04-13,AGG,US aggregate bonds,96.878082,4040500
2021-04-13,EEM,Emerging-market equities,47.315571,33697900
2021-04-13,EFA,Developed international equities,65.743950,12712500
2021-04-13,EWC,Canadian equities,31.524002,2425700
2021-04-13,GLD,Gold,163.429993,6995900
2021-04-13,SPY,US equities,384.613342,56551000
2021-04-14,AGG,US aggregate bonds,96.801903,3620500
2021-04-14,EEM,Emerging-market equities,47.554581,27449500
2021-04-14,EFA,Developed international equities,65.794502,13079200
2021-04-14,EWC,Canadian equities,31.524002,2579500
2021-04-14,GLD,Gold,162.720001,6312300
2021-04-14,SPY,US equities,383.299866,61659900
2021-04-15,AGG,US aggregate bonds,97.182693,6753200
2021-04-15,EEM,Emerging-market equities,47.988342,42622000
2021-04-15,EFA,Developed international equities,66.342293,20480100
2021-04-15,EWC,Canadian equities,31.721703,7375000
2021-04-15,GLD,Gold,165.350006,8250600
2021-04-15,SPY,US equities,387.417358,60229800
2021-04-16,AGG,US aggregate bonds,96.928818,3663600
2021-04-16,EEM,Emerging-market equities,48.112278,32031300
2021-04-16,EFA,Developed international equities,66.822670,17058700
2021-04-16,EWC,Canadian equities,31.793596,1992700
2021-04-16,GLD,Gold,166.350006,10057600
2021-04-16,SPY,US equities,388.712311,82037300
2021-04-19,AGG,US aggregate bonds,96.852692,5072800
2021-04-19,EEM,Emerging-market equities,47.935238,34318500
2021-04-19,EFA,Developed international equities,66.704689,15206800
2021-04-19,EWC,Canadian equities,31.559950,2806100
2021-04-19,GLD,Gold,165.889999,5721700
2021-04-19,SPY,US equities,386.802521,78498500
2021-04-20,AGG,US aggregate bonds,97.005005,4322200
2021-04-20,EEM,Emerging-market equities,47.545738,27732600
2021-04-20,EFA,Developed international equities,65.507973,29570100
2021-04-20,EWC,Canadian equities,30.984821,2269600
2021-04-20,GLD,Gold,166.479996,6532000
2021-04-20,SPY,US equities,383.970581,81851800
2021-04-21,AGG,US aggregate bonds,97.098068,5511300
2021-04-21,EEM,Emerging-market equities,47.837864,33407600
2021-04-21,EFA,Developed international equities,66.182175,15615600
2021-04-21,EWC,Canadian equities,31.497049,3710200
2021-04-21,GLD,Gold,168.130005,8380200
2021-04-21,SPY,US equities,387.603790,66793000
2021-04-22,AGG,US aggregate bonds,97.123459,4570700
2021-04-22,EEM,Emerging-market equities,47.669666,39452000
2021-04-22,EFA,Developed international equities,65.963051,22677800
2021-04-22,EWC,Canadian equities,31.290356,2994000
2021-04-22,GLD,Gold,167.039993,7680100
2021-04-22,SPY,US equities,384.063721,97582800
2021-04-23,AGG,US aggregate bonds,97.106567,3620700
2021-04-23,EEM,Emerging-market equities,48.360146,27062900
2021-04-23,EFA,Developed international equities,66.637268,18607900
2021-04-23,EWC,Canadian equities,31.479073,8504300
2021-04-23,GLD,Gold,166.399994,7106400
2021-04-23,SPY,US equities,388.227905,73209200
2021-04-26,AGG,US aggregate bonds,97.021912,3480300
2021-04-26,EEM,Emerging-market equities,48.422115,26805200
2021-04-26,EFA,Developed international equities,66.687836,14052100
2021-04-26,EWC,Canadian equities,31.802576,1651800
2021-04-26,GLD,Gold,166.839996,4786600
2021-04-26,SPY,US equities,389.038361,52182400
2021-04-27,AGG,US aggregate bonds,96.784966,3823300
2021-04-27,EEM,Emerging-market equities,48.395550,25563100
2021-04-27,EFA,Developed international equities,66.468704,13612200
2021-04-27,EWC,Canadian equities,31.838531,1590400
2021-04-27,GLD,Gold,166.419998,5363500
2021-04-27,SPY,US equities,388.954559,51303100
2021-04-28,AGG,US aggregate bonds,96.835762,7078600
2021-04-28,EEM,Emerging-market equities,48.758499,37381000
2021-04-28,EFA,Developed international equities,66.637268,14288600
2021-04-28,EWC,Canadian equities,32.377708,3643000
2021-04-28,GLD,Gold,166.910004,6932200
2021-04-28,SPY,US equities,388.842712,51238900
2021-04-29,AGG,US aggregate bonds,96.784966,6254100
2021-04-29,EEM,Emerging-market equities,48.643429,36617000
2021-04-29,EFA,Developed international equities,66.662544,16411000
2021-04-29,EWC,Canadian equities,32.350746,5035500
2021-04-29,GLD,Gold,166.220001,9067600
2021-04-29,SPY,US equities,391.320740,78544300
2021-04-30,AGG,US aggregate bonds,96.886505,6469500
2021-04-30,EEM,Emerging-market equities,47.784744,46299900
2021-04-30,EFA,Developed international equities,65.828217,28951400
2021-04-30,EWC,Canadian equities,32.000278,2092200
2021-04-30,GLD,Gold,165.660004,6248700
2021-04-30,SPY,US equities,388.749542,85527000
2021-05-03,AGG,US aggregate bonds,96.948395,5939500
2021-05-03,EEM,Emerging-market equities,47.784744,20628000
2021-05-03,EFA,Developed international equities,66.553001,21382200
2021-05-03,EWC,Canadian equities,32.180008,1368700
2021-05-03,GLD,Gold,167.809998,9014700
2021-05-03,SPY,US equities,389.587952,68128300
2021-05-04,AGG,US aggregate bonds,97.067047,6291300
2021-05-04,EEM,Emerging-market equities,47.244747,38634800
2021-05-04,EFA,Developed international equities,65.566978,29144900
2021-05-04,EWC,Canadian equities,32.126087,1778600
2021-05-04,GLD,Gold,166.580002,10267400
2021-05-04,SPY,US equities,387.184540,101591200
2021-05-05,AGG,US aggregate bonds,97.143356,3329000
2021-05-05,EEM,Emerging-market equities,47.466061,26062900
2021-05-05,EFA,Developed international equities,66.460289,17680000
2021-05-05,EWC,Canadian equities,32.422642,1720300
2021-05-05,GLD,Gold,167.270004,5950000
2021-05-05,SPY,US equities,387.305573,60162200
2021-05-06,AGG,US aggregate bonds,97.160263,4739400
2021-05-06,EEM,Emerging-market equities,47.917534,29454200
2021-05-06,EFA,Developed international equities,67.008087,21533100
2021-05-06,EWC,Canadian equities,32.701214,1780400
2021-05-06,GLD,Gold,170.059998,13574100
2021-05-06,SPY,US equities,390.398468,74321400
2021-05-07,AGG,US aggregate bonds,97.134842,7005200
2021-05-07,EEM,Emerging-market equities,48.413254,41590600
2021-05-07,EFA,Developed international equities,67.766579,23316000
2021-05-07,EWC,Canadian equities,33.078640,1331900
2021-05-07,GLD,Gold,171.589996,14748600
2021-05-07,SPY,US equities,393.239807,67733800
2021-05-10,AGG,US aggregate bonds,96.982300,5576500
2021-05-10,EEM,Emerging-market equities,47.545738,40686800
2021-05-10,EFA,Developed international equities,67.404190,16927500
2021-05-10,EWC,Canadian equities,33.078640,4237800
2021-05-10,GLD,Gold,172.110001,8276600
2021-05-10,SPY,US equities,389.345795,81852400
2021-05-11,AGG,US aggregate bonds,96.770401,6161400
2021-05-11,EEM,Emerging-market equities,47.412952,37374100
2021-05-11,EFA,Developed international equities,66.519279,34624600
2021-05-11,EWC,Canadian equities,32.880939,6198200
2021-05-11,GLD,Gold,172.139999,8348200
2021-05-11,SPY,US equities,385.870941,116888000
2021-05-12,AGG,US aggregate bonds,96.431404,7000800
2021-05-12,EEM,Emerging-market equities,46.102814,53632900
2021-05-12,EFA,Developed international equities,65.457397,32608200
2021-05-12,EWC,Canadian equities,32.548447,2802500
2021-05-12,GLD,Gold,170.429993,12666300
2021-05-12,SPY,US equities,377.673035,134811000
2021-05-13,AGG,US aggregate bonds,96.651764,6772300
2021-05-13,EEM,Emerging-market equities,46.040836,42935200
2021-05-13,EFA,Developed international equities,65.946205,36208800
2021-05-13,EWC,Canadian equities,32.611347,4005400
2021-05-13,GLD,Gold,171.130005,8078300
2021-05-13,SPY,US equities,382.209900,106394000
2021-05-14,AGG,US aggregate bonds,96.872139,3985500
2021-05-14,EEM,Emerging-market equities,46.872963,40363000
2021-05-14,EFA,Developed international equities,67.050217,18601700
2021-05-14,EWC,Canadian equities,33.105598,3770600
2021-05-14,GLD,Gold,172.690002,9686800
2021-05-14,SPY,US equities,388.078857,82201600
2021-05-17,AGG,US aggregate bonds,96.787369,4926600
2021-05-17,EEM,Emerging-market equities,46.828697,23169500
2021-05-17,EFA,Developed international equities,66.923813,16699500
2021-05-17,EWC,Canadian equities,33.420116,1982000
2021-05-17,GLD,Gold,174.699997,11956800
2021-05-17,SPY,US equities,387.091278,65129200
2021-05-18,AGG,US aggregate bonds,96.668732,3674600
2021-05-18,EEM,Emerging-market equities,47.457211,32405300
2021-05-18,EFA,Developed international equities,67.067070,16526900
2021-05-18,EWC,Canadian equities,33.474037,2488100
2021-05-18,GLD,Gold,175.039993,7294000
2021-05-18,SPY,US equities,383.756317,59810200
2021-05-19,AGG,US aggregate bonds,96.533096,6892400
2021-05-19,EEM,Emerging-market equities,47.315571,46284100
2021-05-19,EFA,Developed international equities,66.477135,30391700
2021-05-19,EWC,Canadian equities,33.159515,5008300
2021-05-19,GLD,Gold,175.160004,20741100
2021-05-19,SPY,US equities,382.750183,106467100
2021-05-20,AGG,US aggregate bonds,96.863647,6243300
2021-05-20,EEM,Emerging-market equities,47.589993,33273000
2021-05-20,EFA,Developed international equities,67.353615,21650300
2021-05-20,EWC,Canadian equities,33.554909,4463300
2021-05-20,GLD,Gold,175.960007,9802800
2021-05-20,SPY,US equities,386.867767,78022200
2021-05-21,AGG,US aggregate bonds,96.906013,3873200
2021-05-21,EEM,Emerging-market equities,47.041153,39110900
2021-05-21,EFA,Developed international equities,67.446320,26751600
2021-05-21,EWC,Canadian equities,33.509979,2578800
2021-05-21,GLD,Gold,176.039993,7677200
2021-05-21,SPY,US equities,386.551117,76578700
2021-05-24,AGG,US aggregate bonds,96.999260,3867700
2021-05-24,EEM,Emerging-market equities,47.430653,22436200
2021-05-24,EFA,Developed international equities,67.859261,12267900
2021-05-24,EWC,Canadian equities,33.770584,2151700
2021-05-24,GLD,Gold,176.350006,5557300
2021-05-24,SPY,US equities,390.491638,51376700
2021-05-25,AGG,US aggregate bonds,97.236588,6351700
2021-05-25,EEM,Emerging-market equities,47.899826,40993700
2021-05-25,EFA,Developed international equities,67.876137,14338900
2021-05-25,EWC,Canadian equities,33.545925,1886500
2021-05-25,GLD,Gold,177.949997,8986900
2021-05-25,SPY,US equities,389.625244,57451400
2021-05-26,AGG,US aggregate bonds,97.202652,3969400
2021-05-26,EEM,Emerging-market equities,48.253910,26984700
2021-05-26,EFA,Developed international equities,67.833984,12732000
2021-05-26,EWC,Canadian equities,33.725655,2269500
2021-05-26,GLD,Gold,177.639999,8495400
2021-05-26,SPY,US equities,390.398468,43088600
2021-05-27,AGG,US aggregate bonds,97.084015,5072300
2021-05-27,EEM,Emerging-market equities,48.262772,35598900
2021-05-27,EFA,Developed international equities,67.960411,16211200
2021-05-27,EWC,Canadian equities,33.977272,3288800
2021-05-27,GLD,Gold,177.710007,7993000
2021-05-27,SPY,US equities,390.603485,56707700
2021-05-28,AGG,US aggregate bonds,97.084015,6768200
2021-05-28,EEM,Emerging-market equities,48.572598,43730300
2021-05-28,EFA,Developed international equities,68.120522,21449500
2021-05-28,EWC,Canadian equities,34.031185,1867400
2021-05-28,GLD,Gold,178.380005,9967000
2021-05-28,SPY,US equities,391.302124,58520200
2021-06-01,AGG,US aggregate bonds,97.039009,6209800
2021-06-01,EEM,Emerging-market equities,49.572914,41656100
2021-06-01,EFA,Developed international equities,68.364929,27524200
2021-06-01,EWC,Canadian equities,34.264835,2687400
2021-06-01,GLD,Gold,177.899994,9143300
2021-06-01,SPY,US equities,390.957458,54216600
2021-06-02,AGG,US aggregate bonds,97.166344,6103900
2021-06-02,EEM,Emerging-market equities,49.652580,24532400
2021-06-02,EFA,Developed international equities,68.592468,13561200
2021-06-02,EWC,Canadian equities,34.345707,3235900
2021-06-02,GLD,Gold,178.770004,6613100
2021-06-02,SPY,US equities,391.572266,49097100
2021-06-03,AGG,US aggregate bonds,96.937134,3464300
2021-06-03,EEM,Emerging-market equities,49.121449,40790400
2021-06-03,EFA,Developed international equities,68.255363,16987600
2021-06-03,EWC,Canadian equities,34.112068,1751400
2021-06-03,GLD,Gold,175.270004,10153900
2021-06-03,SPY,US equities,390.118958,58138800
2021-06-04,AGG,US aggregate bonds,97.336082,4535800
2021-06-04,EEM,Emerging-market equities,49.564056,29038100
2021-06-04,EFA,Developed international equities,68.836868,13335200
2021-06-04,EWC,Canadian equities,34.336720,1086300
2021-06-04,GLD,Gold,177.160004,8375300
2021-06-04,SPY,US equities,393.687012,55938800
2021-06-07,AGG,US aggregate bonds,97.268158,3728400
2021-06-07,EEM,Emerging-market equities,49.316193,24830500
2021-06-07,EFA,Developed international equities,69.064415,16738700
2021-06-07,EWC,Canadian equities,34.345707,1492700
2021-06-07,GLD,Gold,177.869995,7709100
2021-06-07,SPY,US equities,393.305054,51555000
2021-06-08,AGG,US aggregate bonds,97.446388,4395100
2021-06-08,EEM,Emerging-market equities,49.077179,38113700
2021-06-08,EFA,Developed international equities,69.030701,13218700
2021-06-08,EWC,Canadian equities,34.300774,2070400
2021-06-08,GLD,Gold,177.320007,5905800
2021-06-08,SPY,US equities,393.388885,47134300
2021-06-09,AGG,US aggregate bonds,97.641640,3643100
2021-06-09,EEM,Emerging-market equities,48.935547,30916900
2021-06-09,EFA,Developed international equities,68.845306,20203600
2021-06-09,EWC,Canadian equities,34.148010,1340400
2021-06-09,GLD,Gold,176.979996,6346100
2021-06-09,SPY,US equities,392.802032,48436300
2021-06-10,AGG,US aggregate bonds,97.845322,4021900
2021-06-10,EEM,Emerging-market equities,49.327641,28571100
2021-06-10,EFA,Developed international equities,69.034958,16555200
2021-06-10,EWC,Canadian equities,34.241135,1686100
2021-06-10,GLD,Gold,177.740005,9896600
2021-06-10,SPY,US equities,394.627869,51020100
2021-06-11,AGG,US aggregate bonds,97.802902,3781900
2021-06-11,EEM,Emerging-market equities,49.158714,28375700
2021-06-11,EFA,Developed international equities,69.197266,12864700
2021-06-11,EWC,Canadian equities,34.195930,1612100
2021-06-11,GLD,Gold,175.740005,7836900
2021-06-11,SPY,US equities,395.279938,45570800
2021-06-14,AGG,US aggregate bonds,97.556763,3270800
2021-06-14,EEM,Emerging-market equities,49.292072,26421400
2021-06-14,EFA,Developed international equities,69.316879,17044400
2021-06-14,EWC,Canadian equities,34.349644,1427400
2021-06-14,GLD,Gold,174.710007,7733600
2021-06-14,SPY,US equities,396.164978,42358500
2021-06-15,AGG,US aggregate bonds,97.599197,8230400
2021-06-15,EEM,Emerging-market equities,48.954220,34121300
2021-06-15,EFA,Developed international equities,69.402306,17729200
2021-06-15,EWC,Canadian equities,34.376766,3444400
2021-06-15,GLD,Gold,174.050003,7550200
2021-06-15,SPY,US equities,395.438385,51508500
2021-06-16,AGG,US aggregate bonds,97.285164,8654200
2021-06-16,EEM,Emerging-market equities,48.287388,44138300
2021-06-16,EFA,Developed international equities,68.975151,21706700
2021-06-16,EWC,Canadian equities,34.141682,2881600
2021-06-16,GLD,Gold,171.110001,16919700
2021-06-16,SPY,US equities,393.230499,80386100
2021-06-17,AGG,US aggregate bonds,97.590744,7641700
2021-06-17,EEM,Emerging-market equities,48.554115,27846900
2021-06-17,EFA,Developed international equities,68.496765,27756300
2021-06-17,EWC,Canadian equities,33.770969,5922400
2021-06-17,GLD,Gold,165.850006,27232200
2021-06-17,SPY,US equities,393.100159,90949700
2021-06-18,AGG,US aggregate bonds,97.853828,5690400
2021-06-18,EEM,Emerging-market equities,48.216255,42443600
2021-06-18,EFA,Developed international equities,67.078636,36755100
2021-06-18,EWC,Canadian equities,33.336967,7726600
2021-06-18,GLD,Gold,164.929993,15744300
2021-06-18,SPY,US equities,387.796997,118676300
2021-06-21,AGG,US aggregate bonds,97.599197,6875500
2021-06-21,EEM,Emerging-market equities,48.420750,26977400
2021-06-21,EFA,Developed international equities,67.958557,20228000
2021-06-21,EWC,Canadian equities,33.798096,1965900
2021-06-21,GLD,Gold,166.949997,8371000
2021-06-21,SPY,US equities,393.348663,72822000
2021-06-22,AGG,US aggregate bonds,97.701027,6485100
2021-06-22,EEM,Emerging-market equities,48.198467,35862600
2021-06-22,EFA,Developed international equities,67.967094,14010200
2021-06-22,EWC,Canadian equities,33.987968,2473700
2021-06-22,GLD,Gold,166.250000,7223900
2021-06-22,SPY,US equities,395.451599,57700300
2021-06-23,AGG,US aggregate bonds,97.650139,5070500
2021-06-23,EEM,Emerging-market equities,48.491879,26049200
2021-06-23,EFA,Developed international equities,67.531410,17074600
2021-06-23,EWC,Canadian equities,33.924675,1505300
2021-06-23,GLD,Gold,166.139999,8474300
2021-06-23,SPY,US equities,394.974976,49445400
2021-06-24,AGG,US aggregate bonds,97.684082,8357900
2021-06-24,EEM,Emerging-market equities,48.936432,20096200
2021-06-24,EFA,Developed international equities,68.180672,19833300
2021-06-24,EWC,Canadian equities,33.978928,1213500
2021-06-24,GLD,Gold,166.039993,6903400
2021-06-24,SPY,US equities,397.311493,45110300
2021-06-25,AGG,US aggregate bonds,97.488907,6496600
2021-06-25,EEM,Emerging-market equities,49.345417,24992400
2021-06-25,EFA,Developed international equities,68.325905,12418800
2021-06-25,EWC,Canadian equities,34.087433,895500
2021-06-25,GLD,Gold,166.589996,7473700
2021-06-25,SPY,US equities,398.722778,58129500
2021-06-28,AGG,US aggregate bonds,97.768936,5739000
2021-06-28,EEM,Emerging-market equities,49.389881,22644900
2021-06-28,EFA,Developed international equities,67.890213,26952900
2021-06-28,EWC,Canadian equities,33.834263,2142600
2021-06-28,GLD,Gold,166.580002,6508900
2021-06-28,SPY,US equities,399.526611,53159600
2021-06-29,AGG,US aggregate bonds,97.819870,5097100
2021-06-29,EEM,Emerging-market equities,49.354309,18308800
2021-06-29,EFA,Developed international equities,67.907303,9357500
2021-06-29,EWC,Canadian equities,33.743843,1679600
2021-06-29,GLD,Gold,164.830002,7451400
2021-06-29,SPY,US equities,399.741638,35970500
2021-06-30,AGG,US aggregate bonds,97.887772,6653100
2021-06-30,EEM,Emerging-market equities,49.034233,33223400
2021-06-30,EFA,Developed international equities,67.386177,33578500
2021-06-30,EWC,Canadian equities,33.698639,2754400
2021-06-30,GLD,Gold,165.630005,7955800
2021-06-30,SPY,US equities,400.078003,64827900
2021-07-01,AGG,US aggregate bonds,97.833366,4744900
2021-07-01,EEM,Emerging-market equities,48.758610,27478400
2021-07-01,EFA,Developed international equities,67.548492,28075400
2021-07-01,EWC,Canadian equities,34.024139,3751300
2021-07-01,GLD,Gold,166.199997,7430500
2021-07-01,SPY,US equities,402.293091,53441000
2021-07-02,AGG,US aggregate bonds,98.045883,4312800
2021-07-02,EEM,Emerging-market equities,48.705265,24289100
2021-07-02,EFA,Developed international equities,67.779152,13712600
2021-07-02,EWC,Canadian equities,34.024139,2347500
2021-07-02,GLD,Gold,167.289993,7873600
2021-07-02,SPY,US equities,405.368042,57697700
2021-07-06,AGG,US aggregate bonds,98.360336,7372900
2021-07-06,EEM,Emerging-market equities,47.851723,38126800
2021-07-06,EFA,Developed international equities,67.334938,21289800
2021-07-06,EWC,Canadian equities,33.761925,3510500
2021-07-06,GLD,Gold,168.119995,7932100
2021-07-06,SPY,US equities,404.629700,68710400
2021-07-07,AGG,US aggregate bonds,98.530312,7786400
2021-07-07,EEM,Emerging-market equities,47.798374,25651700
2021-07-07,EFA,Developed international equities,67.702278,21686400
2021-07-07,EWC,Canadian equities,33.644386,16805900
2021-07-07,GLD,Gold,168.759995,7108900
2021-07-07,SPY,US equities,406.059631,63549500
2021-07-08,AGG,US aggregate bonds,98.640785,6538400
2021-07-08,EEM,Emerging-market equities,46.802570,45146300
2021-07-08,EFA,Developed international equities,66.830894,24175500
2021-07-08,EWC,Canadian equities,33.165173,2888000
2021-07-08,GLD,Gold,168.649994,7244300
2021-07-08,SPY,US equities,402.751068,97595200
2021-07-09,AGG,US aggregate bonds,98.317833,4750800
2021-07-09,EEM,Emerging-market equities,47.611660,28860500
2021-07-09,EFA,Developed international equities,67.967094,35200100
2021-07-09,EWC,Canadian equities,33.689590,4148000
2021-07-09,GLD,Gold,169.210007,4997400
2021-07-09,SPY,US equities,407.050415,76238600
2021-07-12,AGG,US aggregate bonds,98.258331,4266600
2021-07-12,EEM,Emerging-market equities,47.656116,22116100
2021-07-12,EFA,Developed international equities,68.257568,11995800
2021-07-12,EWC,Canadian equities,33.680550,1708600
2021-07-12,GLD,Gold,169.000000,7315400
2021-07-12,SPY,US equities,408.508362,52889600
2021-07-13,AGG,US aggregate bonds,98.045883,5145200
2021-07-13,EEM,Emerging-market equities,47.700581,29025300
2021-07-13,EFA,Developed international equities,67.898766,15689500
2021-07-13,EWC,Canadian equities,33.572052,2406600
2021-07-13,GLD,Gold,169.220001,7040300
2021-07-13,SPY,US equities,407.115845,52911300
2021-07-14,AGG,US aggregate bonds,98.377319,4977400
2021-07-14,EEM,Emerging-market equities,47.905071,19739600
2021-07-14,EFA,Developed international equities,68.052528,14023600
2021-07-14,EWC,Canadian equities,33.382179,2253200
2021-07-14,GLD,Gold,171.039993,8830300
2021-07-14,SPY,US equities,407.723328,64130400
2021-07-15,AGG,US aggregate bonds,98.589813,4480900
2021-07-15,EEM,Emerging-market equities,48.020649,33310600
2021-07-15,EFA,Developed international equities,67.403267,21637900
2021-07-15,EWC,Canadian equities,33.237503,2084500
2021-07-15,GLD,Gold,171.070007,6520100
2021-07-15,SPY,US equities,406.330719,55126400
2021-07-16,AGG,US aggregate bonds,98.504814,3869500
2021-07-16,EEM,Emerging-market equities,47.647232,23386300
2021-07-16,EFA,Developed international equities,66.907784,23034100
2021-07-16,EWC,Canadian equities,32.848713,1629600
2021-07-16,GLD,Gold,169.410004,9460300
2021-07-16,SPY,US equities,403.143616,75874700
2021-07-19,AGG,US aggregate bonds,99.023277,6688100
2021-07-19,EEM,Emerging-market equities,46.847031,33737900
2021-07-19,EFA,Developed international equities,65.694702,44844800
2021-07-19,EWC,Canadian equities,32.098244,5452800
2021-07-19,GLD,Gold,169.610001,6707400
2021-07-19,SPY,US equities,397.190094,147987000
2021-07-20,AGG,US aggregate bonds,98.929764,8474800
2021-07-20,EEM,Emerging-market equities,46.998184,37946000
2021-07-20,EFA,Developed international equities,66.173103,30309900
2021-07-20,EWC,Canadian equities,32.613628,5106400
2021-07-20,GLD,Gold,169.389999,6540100
2021-07-20,SPY,US equities,402.881958,99608200
2021-07-21,AGG,US aggregate bonds,98.606804,9686100
2021-07-21,EEM,Emerging-market equities,47.300480,24101400
2021-07-21,EFA,Developed international equities,67.181152,22928600
2021-07-21,EWC,Canadian equities,33.228462,2493200
2021-07-21,GLD,Gold,168.759995,4622600
2021-07-21,SPY,US equities,406.143738,64724400
2021-07-22,AGG,US aggregate bonds,98.836296,8176300
2021-07-22,EEM,Emerging-market equities,47.389385,27160800
2021-07-22,EFA,Developed international equities,67.206787,15874000
2021-07-22,EWC,Canadian equities,33.192291,1533000
2021-07-22,GLD,Gold,169.089996,4793600
2021-07-22,SPY,US equities,406.994293,47878500
2021-07-23,AGG,US aggregate bonds,98.768303,4441000
2021-07-23,EEM,Emerging-market equities,46.686993,31210100
2021-07-23,EFA,Developed international equities,67.676636,16550600
2021-07-23,EWC,Canadian equities,33.391216,1697400
2021-07-23,GLD,Gold,168.559998,5831500
2021-07-23,SPY,US equities,411.181427,63766600
2021-07-26,AGG,US aggregate bonds,98.683296,7127400
2021-07-26,EEM,Emerging-market equities,45.797886,43701400
2021-07-26,EFA,Developed international equities,67.770615,14870900
2021-07-26,EWC,Canadian equities,33.382179,2168500
2021-07-26,GLD,Gold,168.160004,5229800
2021-07-26,SPY,US equities,412.190796,43719200
2021-07-27,AGG,US aggregate bonds,98.912758,5423800
2021-07-27,EEM,Emerging-market equities,44.873215,73640700
2021-07-27,EFA,Developed international equities,67.497253,20952500
2021-07-27,EWC,Canadian equities,33.273678,2645700
2021-07-27,GLD,Gold,168.440002,6300200
2021-07-27,SPY,US equities,410.312286,67397100
2021-07-28,AGG,US aggregate bonds,99.006256,5463600
2021-07-28,EEM,Emerging-market equities,46.091286,56446200
2021-07-28,EFA,Developed international equities,67.787704,19700600
2021-07-28,EWC,Canadian equities,33.508759,1946100
2021-07-28,GLD,Gold,169.289993,7905800
2021-07-28,SPY,US equities,410.143982,52472400
2021-07-29,AGG,US aggregate bonds,98.844803,6629500
2021-07-29,EEM,Emerging-market equities,46.322460,43339400
2021-07-29,EFA,Developed international equities,68.257568,23670000
2021-07-29,EWC,Canadian equities,33.852337,1601600
2021-07-29,GLD,Gold,171.169998,8119600
2021-07-29,SPY,US equities,411.845032,47435300
2021-07-30,AGG,US aggregate bonds,98.980782,5552100
2021-07-30,EEM,Emerging-market equities,45.877903,59797000
2021-07-30,EFA,Developed international equities,67.907303,23997100
2021-07-30,EWC,Canadian equities,33.752884,2286800
2021-07-30,GLD,Gold,169.820007,7391700
2021-07-30,SPY,US equities,409.844940,68951200
2021-08-02,AGG,US aggregate bonds,99.190971,5753800
2021-08-02,EEM,Emerging-market equities,46.206879,40234700
2021-08-02,EFA,Developed international equities,68.249008,25364000
2021-08-02,EWC,Canadian equities,33.680550,3700200
2021-08-02,GLD,Gold,169.610001,10783200
2021-08-02,SPY,US equities,408.985107,58783300
2021-08-03,AGG,US aggregate bonds,99.225052,3715300
2021-08-03,EEM,Emerging-market equities,46.402477,30589900
2021-08-03,EFA,Developed international equities,68.735954,19028100
2021-08-03,EWC,Canadian equities,33.698639,2565800
2021-08-03,GLD,Gold,169.490005,5402300
2021-08-03,SPY,US equities,412.312408,58053900
2021-08-04,AGG,US aggregate bonds,99.216492,4654300
2021-08-04,EEM,Emerging-market equities,46.642544,32586600
2021-08-04,EFA,Developed international equities,68.530930,12852000
2021-08-04,EWC,Canadian equities,33.626301,1365900
2021-08-04,GLD,Gold,169.529999,9796300
2021-08-04,SPY,US equities,410.284210,46732200
2021-08-05,AGG,US aggregate bonds,98.995239,3283100
2021-08-05,EEM,Emerging-market equities,46.571407,15941700
2021-08-05,EFA,Developed international equities,68.864113,11868900
2021-08-05,EWC,Canadian equities,33.843300,1304600
2021-08-05,GLD,Gold,168.860001,8015000
2021-08-05,SPY,US equities,412.882507,38969700
2021-08-06,AGG,US aggregate bonds,98.552635,3812000
2021-08-06,EEM,Emerging-market equities,46.180199,36049500
2021-08-06,EFA,Developed international equities,68.607811,10892500
2021-08-06,EWC,Canadian equities,33.897560,1311800
2021-08-06,GLD,Gold,164.639999,13547600
2021-08-06,SPY,US equities,413.564789,46930000
2021-08-09,AGG,US aggregate bonds,98.373909,5298600
2021-08-09,EEM,Emerging-market equities,46.331356,24062300
2021-08-09,EFA,Developed international equities,68.573631,7897000
2021-08-09,EWC,Canadian equities,33.789047,1466600
2021-08-09,GLD,Gold,161.720001,11547000
2021-08-09,SPY,US equities,413.228363,41222600
2021-08-10,AGG,US aggregate bonds,98.246246,7332100
2021-08-10,EEM,Emerging-market equities,46.393585,15222600
2021-08-10,EFA,Developed international equities,68.727409,10438200
2021-08-10,EWC,Canadian equities,34.015095,12689200
2021-08-10,GLD,Gold,161.770004,6870800
2021-08-10,SPY,US equities,413.742279,43339300
2021-08-11,AGG,US aggregate bonds,98.339844,6674600
2021-08-11,EEM,Emerging-market equities,46.518066,22374700
2021-08-11,EFA,Developed international equities,69.197266,14996100
2021-08-11,EWC,Canadian equities,34.186893,3194900
2021-08-11,GLD,Gold,164.000000,7382400
2021-08-11,SPY,US equities,414.770447,44034300
2021-08-12,AGG,US aggregate bonds,98.348381,5017300
2021-08-12,EEM,Emerging-market equities,46.109074,25726000
2021-08-12,EFA,Developed international equities,69.137474,12443200
2021-08-12,EWC,Canadian equities,34.114559,1766800
2021-08-12,GLD,Gold,164.039993,5211700
2021-08-12,SPY,US equities,416.013550,38909400
2021-08-13,AGG,US aggregate bonds,98.705826,4599800
2021-08-13,EEM,Emerging-market equities,45.993492,28396200
2021-08-13,EFA,Developed international equities,69.556068,14590400
2021-08-13,EWC,Canadian equities,34.096466,998700
2021-08-13,GLD,Gold,166.389999,7466900
2021-08-13,SPY,US equities,416.770508,39470300
2021-08-16,AGG,US aggregate bonds,98.756912,3693600
2021-08-16,EEM,Emerging-market equities,45.575615,46222700
2021-08-16,EFA,Developed international equities,69.197266,19192300
2021-08-16,EWC,Canadian equities,33.897560,2224200
2021-08-16,GLD,Gold,167.220001,7776500
2021-08-16,SPY,US equities,417.751923,73740000
2021-08-17,AGG,US aggregate bonds,98.680336,5469200
2021-08-17,EEM,Emerging-market equities,44.739849,78463000
2021-08-17,EFA,Developed international equities,68.548012,23555000
2021-08-17,EWC,Canadian equities,33.544922,2309900
2021-08-17,GLD,Gold,166.970001,7107000
2021-08-17,SPY,US equities,415.013428,92673900
2021-08-18,AGG,US aggregate bonds,98.688812,3981900
2021-08-18,EEM,Emerging-market equities,44.810982,42994800
2021-08-18,EFA,Developed international equities,68.283180,16384700
2021-08-18,EWC,Canadian equities,33.355045,1338500
2021-08-18,GLD,Gold,167.100006,7697900
2021-08-18,SPY,US equities,410.471069,89351900
2021-08-19,AGG,US aggregate bonds,98.859070,4581300
2021-08-19,EEM,Emerging-market equities,44.046349,63275200
2021-08-19,EFA,Developed international equities,67.608292,30515300
2021-08-19,EWC,Canadian equities,32.740208,3194400
2021-08-19,GLD,Gold,166.610001,6934300
2021-08-19,SPY,US equities,411.106689,92812200
2021-08-20,AGG,US aggregate bonds,98.867554,2897800
2021-08-20,EEM,Emerging-market equities,44.010780,44682100
2021-08-20,EFA,Developed international equities,67.873131,15774200
2021-08-20,EWC,Canadian equities,32.984329,1414200
2021-08-20,GLD,Gold,166.699997,7154000
2021-08-20,SPY,US equities,414.377899,72008700
2021-08-23,AGG,US aggregate bonds,98.867554,6585300
2021-08-23,EEM,Emerging-market equities,44.677612,45453900
2021-08-23,EFA,Developed international equities,68.505295,22524800
2021-08-23,EWC,Canadian equities,33.653427,1667200
2021-08-23,GLD,Gold,168.729996,8190500
2021-08-23,SPY,US equities,418.022980,54973000
2021-08-24,AGG,US aggregate bonds,98.722885,5875400
2021-08-24,EEM,Emerging-market equities,45.691193,51292000
2021-08-24,EFA,Developed international equities,68.650528,13722900
2021-08-24,EWC,Canadian equities,33.897560,1747300
2021-08-24,GLD,Gold,168.649994,4519200
2021-08-24,SPY,US equities,418.686554,38744700
2021-08-25,AGG,US aggregate bonds,98.535614,5452000
2021-08-25,EEM,Emerging-market equities,45.744537,25272500
2021-08-25,EFA,Developed international equities,68.676155,12891400
2021-08-25,EWC,Canadian equities,33.942768,2286200
2021-08-25,GLD,Gold,167.479996,5588800
2021-08-25,SPY,US equities,419.565094,40529700
2021-08-26,AGG,US aggregate bonds,98.544136,4879200
2021-08-26,EEM,Emerging-market equities,45.308872,29030600
2021-08-26,EFA,Developed international equities,68.317352,16927900
2021-08-26,EWC,Canadian equities,33.517803,2900200
2021-08-26,GLD,Gold,167.669998,4371900
2021-08-26,SPY,US equities,417.088287,57829600
2021-08-27,AGG,US aggregate bonds,98.816483,5545600
2021-08-27,EEM,Emerging-market equities,45.869011,32971400
2021-08-27,EFA,Developed international equities,68.940994,24935800
2021-08-27,EWC,Canadian equities,33.960846,1827500
2021-08-27,GLD,Gold,170.190002,10036400
2021-08-27,SPY,US equities,420.817505,77235100
2021-08-30,AGG,US aggregate bonds,98.927155,3706000
2021-08-30,EEM,Emerging-market equities,45.966816,18518900
2021-08-30,EFA,Developed international equities,68.923897,8142000
2021-08-30,EWC,Canadian equities,33.906593,1230500
2021-08-30,GLD,Gold,169.350006,3768600
2021-08-30,SPY,US equities,422.668060,48357400
2021-08-31,AGG,US aggregate bonds,98.782448,6763900
2021-08-31,EEM,Emerging-market equities,46.598076,43226700
2021-08-31,EFA,Developed international equities,68.889725,18738400
2021-08-31,EWC,Canadian equities,33.761925,2845000
2021-08-31,GLD,Gold,169.690002,6336000
2021-08-31,SPY,US equities,422.041870,59300200
2021-09-01,AGG,US aggregate bonds,98.813980,4154000
2021-09-01,EEM,Emerging-market equities,47.193783,35980500
2021-09-01,EFA,Developed international equities,69.513351,30472100
2021-09-01,EWC,Canadian equities,33.978928,1953300
2021-09-01,GLD,Gold,169.699997,4764900
2021-09-01,SPY,US equities,422.266174,48721400
2021-09-02,AGG,US aggregate bonds,98.916260,5427300
2021-09-02,EEM,Emerging-market equities,46.980404,24988400
2021-09-02,EFA,Developed international equities,69.795273,13827400
2021-09-02,EWC,Canadian equities,34.376766,1581300
2021-09-02,GLD,Gold,169.250000,4599800
2021-09-02,SPY,US equities,423.565369,42501000
2021-09-03,AGG,US aggregate bonds,98.745781,5274300
2021-09-03,EEM,Emerging-market equities,47.229347,21311000
2021-09-03,EFA,Developed international equities,70.111351,16303200
2021-09-03,EWC,Canadian equities,34.449100,1396100
2021-09-03,GLD,Gold,171.059998,8353300
2021-09-03,SPY,US equities,423.462494,47170500
2021-09-07,AGG,US aggregate bonds,98.481567,3579900
2021-09-07,EEM,Emerging-market equities,47.504971,33509700
2021-09-07,EFA,Developed international equities,70.162621,13967800
2021-09-07,EWC,Canadian equities,34.051262,1365400
2021-09-07,GLD,Gold,167.710007,10004600
2021-09-07,SPY,US equities,421.948334,51671500
2021-09-08,AGG,US aggregate bonds,98.643517,3417500
2021-09-08,EEM,Emerging-market equities,46.811462,53397900
2021-09-08,EFA,Developed international equities,69.607338,22764200
2021-09-08,EWC,Canadian equities,33.834263,1713200
2021-09-08,GLD,Gold,167.289993,6576000
2021-09-08,SPY,US equities,421.434387,56181900
2021-09-09,AGG,US aggregate bonds,98.958900,3332600
2021-09-09,EEM,Emerging-market equities,46.722557,34707100
2021-09-09,EFA,Developed international equities,69.487717,18963300
2021-09-09,EWC,Canadian equities,33.906593,1624400
2021-09-09,GLD,Gold,168.029999,6641400
2021-09-09,SPY,US equities,419.630554,57970400
2021-09-10,AGG,US aggregate bonds,98.762840,3957300
2021-09-10,EEM,Emerging-market equities,46.669216,40329300
2021-09-10,EFA,Developed international equities,69.333961,26709900
2021-09-10,EWC,Canadian equities,33.671505,1403700
2021-09-10,GLD,Gold,167.179993,7426300
2021-09-10,SPY,US equities,416.321899,89948200
2021-09-13,AGG,US aggregate bonds,98.890717,3954100
2021-09-13,EEM,Emerging-market equities,46.793686,35318400
2021-09-13,EFA,Developed international equities,69.880699,22335000
2021-09-13,EWC,Canadian equities,33.780014,3042700
2021-09-13,GLD,Gold,167.740005,5474300
2021-09-13,SPY,US equities,417.387360,83738600
2021-09-14,AGG,US aggregate bonds,99.112312,4183600
2021-09-14,EEM,Emerging-market equities,46.402477,35994400
2021-09-14,EFA,Developed international equities,69.590240,19177500
2021-09-14,EWC,Canadian equities,33.517803,1792800
2021-09-14,GLD,Gold,168.820007,7922900
2021-09-14,SPY,US equities,415.134918,78197100
2021-09-15,AGG,US aggregate bonds,99.018547,3448500
2021-09-15,EEM,Emerging-market equities,46.393585,38735100
2021-09-15,EFA,Developed international equities,69.795273,26233800
2021-09-15,EWC,Canadian equities,33.969883,2636000
2021-09-15,GLD,Gold,167.830002,5624900
2021-09-15,SPY,US equities,418.602478,78792200
2021-09-16,AGG,US aggregate bonds,98.848099,4265500
2021-09-16,EEM,Emerging-market equities,45.869011,43721300
2021-09-16,EFA,Developed international equities,69.684219,25765500
2021-09-16,EWC,Canadian equities,33.671505,9168900
2021-09-16,GLD,Gold,164.029999,11780400
2021-09-16,SPY,US equities,417.938782,77786700
2021-09-17,AGG,US aggregate bonds,98.762840,5742500
2021-09-17,EEM,Emerging-market equities,45.673416,45481400
2021-09-17,EFA,Developed international equities,68.770119,37070600
2021-09-17,EWC,Canadian equities,33.237503,3948500
2021-09-17,GLD,Gold,163.770004,8369700
2021-09-17,SPY,US equities,413.867676,118425000
2021-09-20,AGG,US aggregate bonds,98.950363,5464700
2021-09-20,EEM,Emerging-market equities,44.446449,52798200
2021-09-20,EFA,Developed international equities,67.497253,45028000
2021-09-20,EWC,Canadian equities,32.559372,4481100
2021-09-20,GLD,Gold,164.940002,7566600
2021-09-20,SPY,US equities,406.966797,166445500
2021-09-21,AGG,US aggregate bonds,98.992989,5225200
2021-09-21,EEM,Emerging-market equities,44.775414,39347200
2021-09-21,EFA,Developed international equities,68.163589,37472300
2021-09-21,EWC,Canadian equities,32.695000,2916300
2021-09-21,GLD,Gold,166.039993,7181500
2021-09-21,SPY,US equities,406.582367,92526100
2021-09-22,AGG,US aggregate bonds,99.027092,7139900
2021-09-22,EEM,Emerging-market equities,45.335545,46189200
2021-09-22,EFA,Developed international equities,68.505295,28718400
2021-09-22,EWC,Canadian equities,33.101879,5067100
2021-09-22,GLD,Gold,165.419998,9777800
2021-09-22,SPY,US equities,410.548492,102350100
2021-09-23,AGG,US aggregate bonds,98.541245,8265000
2021-09-23,EEM,Emerging-market equities,45.691193,27138400
2021-09-23,EFA,Developed international equities,69.248535,31257800
2021-09-23,EWC,Canadian equities,33.517803,1653300
2021-09-23,GLD,Gold,163.509995,8451900
2021-09-23,SPY,US equities,415.536591,76396000
2021-09-24,AGG,US aggregate bonds,98.370781,4461900
2021-09-24,EEM,Emerging-market equities,45.148838,29743500
2021-09-24,EFA,Developed international equities,68.599281,20066300
2021-09-24,EWC,Canadian equities,33.364090,1668200
2021-09-24,GLD,Gold,163.300003,6937500
2021-09-24,SPY,US equities,416.221161,62094800
2021-09-27,AGG,US aggregate bonds,98.234421,5630600
2021-09-27,EEM,Emerging-market equities,45.442242,31181700
2021-09-27,EFA,Developed international equities,68.556564,15526500
2021-09-27,EWC,Canadian equities,33.635345,2047900
2021-09-27,GLD,Gold,163.639999,4943000
2021-09-27,SPY,US equities,415.030304,61371100
2021-09-28,AGG,US aggregate bonds,97.825218,7017100
2021-09-28,EEM,Emerging-market equities,44.855434,44156300
2021-09-28,EFA,Developed international equities,67.061554,48064900
2021-09-28,EWC,Canadian equities,33.002419,4726700
2021-09-28,GLD,Gold,162.050003,9282800
2021-09-28,SPY,US equities,406.666656,130436300
2021-09-29,AGG,US aggregate bonds,97.893433,6161300
2021-09-29,EEM,Emerging-market equities,44.437553,43140500
2021-09-29,EFA,Developed international equities,66.907784,31733200
2021-09-29,EWC,Canadian equities,32.830631,2409200
2021-09-29,GLD,Gold,161.320007,8360700
2021-09-29,SPY,US equities,407.351166,82329200
2021-09-30,AGG,US aggregate bonds,97.876396,5348800
2021-09-30,EEM,Emerging-market equities,44.793194,66460100
2021-09-30,EFA,Developed international equities,66.642960,39506300
2021-09-30,EWC,Canadian equities,32.821583,4713400
2021-09-30,GLD,Gold,164.220001,10572900
2021-09-30,SPY,US equities,402.372375,140506000
2021-10-01,AGG,US aggregate bonds,98.175156,7064500
2021-10-01,EEM,Emerging-market equities,44.748745,45259100
2021-10-01,EFA,Developed international equities,66.805275,44524800
2021-10-01,EWC,Canadian equities,33.119965,3356300
2021-10-01,GLD,Gold,164.589996,6654700
2021-10-01,SPY,US equities,407.154297,129240100
2021-10-04,AGG,US aggregate bonds,98.106895,4180600
2021-10-04,EEM,Emerging-market equities,44.090805,43597100
2021-10-04,EFA,Developed international equities,66.104759,32751400
2021-10-04,EWC,Canadian equities,33.138054,2849300
2021-10-04,GLD,Gold,165.360001,7651700
2021-10-04,SPY,US equities,401.903564,128570000
2021-10-05,AGG,US aggregate bonds,97.876404,7421900
2021-10-05,EEM,Emerging-market equities,44.401981,28761900
2021-10-05,EFA,Developed international equities,66.557526,25903300
2021-10-05,EWC,Canadian equities,33.364090,2523200
2021-10-05,GLD,Gold,164.589996,5617300
2021-10-05,SPY,US equities,406.085388,90682500
2021-10-06,AGG,US aggregate bonds,97.919067,4893400
2021-10-06,EEM,Emerging-market equities,44.153046,57466000
2021-10-06,EFA,Developed international equities,66.113289,36917200
2021-10-06,EWC,Canadian equities,33.336967,3914000
2021-10-06,GLD,Gold,165.029999,6067200
2021-10-06,SPY,US equities,407.773102,113032200
2021-10-07,AGG,US aggregate bonds,97.645905,4456100
2021-10-07,EEM,Emerging-market equities,45.015476,60345100
2021-10-07,EFA,Developed international equities,66.625877,19908700
2021-10-07,EWC,Canadian equities,33.861385,3677300
2021-10-07,GLD,Gold,164.160004,4791500
2021-10-07,SPY,US equities,411.298553,72437500
2021-10-08,AGG,US aggregate bonds,97.432472,4581900
2021-10-08,EEM,Emerging-market equities,45.184402,24990600
2021-10-08,EFA,Developed international equities,66.617325,23628700
2021-10-08,EWC,Canadian equities,34.096466,4821200
2021-10-08,GLD,Gold,164.229996,8536100
2021-10-08,SPY,US equities,410.548492,74557400
2021-10-11,AGG,US aggregate bonds,97.278793,2178400
2021-10-11,EEM,Emerging-market equities,45.095493,26808200
2021-10-11,EFA,Developed international equities,66.403763,23542500
2021-10-11,EWC,Canadian equities,34.006058,2901600
2021-10-11,GLD,Gold,163.919998,3820100
2021-10-11,SPY,US equities,407.576141,65233300
2021-10-12,AGG,US aggregate bonds,97.637367,3688400
2021-10-12,EEM,Emerging-market equities,44.864326,29309400
2021-10-12,EFA,Developed international equities,66.437927,18697400
2021-10-12,EWC,Canadian equities,34.132637,5983800
2021-10-12,GLD,Gold,164.660004,5453000
2021-10-12,SPY,US equities,406.572968,71181200
2021-10-13,AGG,US aggregate bonds,97.859329,5522700
2021-10-13,EEM,Emerging-market equities,45.486694,35305500
2021-10-13,EFA,Developed international equities,67.095726,23073600
2021-10-13,EWC,Canadian equities,34.503349,3757600
2021-10-13,GLD,Gold,167.589996,11113800
2021-10-13,SPY,US equities,408.035583,72974000
2021-10-14,AGG,US aggregate bonds,98.047089,4094500
2021-10-14,EEM,Emerging-market equities,45.628956,23980900
2021-10-14,EFA,Developed international equities,67.762070,19304400
2021-10-14,EWC,Canadian equities,35.000648,4966600
2021-10-14,GLD,Gold,168.000000,5081400
2021-10-14,SPY,US equities,414.899109,70236800
2021-10-15,AGG,US aggregate bonds,97.808075,4644800
2021-10-15,EEM,Emerging-market equities,46.180199,41223700
2021-10-15,EFA,Developed international equities,68.325905,24447200
2021-10-15,EWC,Canadian equities,35.253819,3194300
2021-10-15,GLD,Gold,165.330002,8699200
2021-10-15,SPY,US equities,418.058868,66260200
2021-10-18,AGG,US aggregate bonds,97.739807,5575100
2021-10-18,EEM,Emerging-market equities,46.064617,26239000
2021-10-18,EFA,Developed international equities,68.035446,19044700
2021-10-18,EWC,Canadian equities,35.308067,3155700
2021-10-18,GLD,Gold,164.919998,4029600
2021-10-18,SPY,US equities,419.296478,62213200
2021-10-19,AGG,US aggregate bonds,97.458076,5041000
2021-10-19,EEM,Emerging-market equities,46.678101,40639700
2021-10-19,EFA,Developed international equities,68.445496,14649000
2021-10-19,EWC,Canadian equities,35.561237,2054700
2021-10-19,GLD,Gold,165.449997,6588500
2021-10-19,SPY,US equities,422.531372,46996800
2021-10-20,AGG,US aggregate bonds,97.389786,6183700
2021-10-20,EEM,Emerging-market equities,46.669216,27540300
2021-10-20,EFA,Developed international equities,68.684700,11235500
2021-10-20,EWC,Canadian equities,35.850578,3492600
2021-10-20,GLD,Gold,166.899994,5022000
2021-10-20,SPY,US equities,424.190948,49571600
2021-10-21,AGG,US aggregate bonds,97.184875,5228300
2021-10-21,EEM,Emerging-market equities,46.366917,35404000
2021-10-21,EFA,Developed international equities,68.360069,16278800
2021-10-21,EWC,Canadian equities,35.714943,3430800
2021-10-21,GLD,Gold,166.750000,4412400
2021-10-21,SPY,US equities,425.297302,41305400
2021-10-22,AGG,US aggregate bonds,97.372704,3528600
2021-10-22,EEM,Emerging-market equities,46.269108,51231000
2021-10-22,EFA,Developed international equities,68.770119,22173500
2021-10-22,EWC,Canadian equities,35.769196,2960900
2021-10-22,GLD,Gold,167.770004,10703900
2021-10-22,SPY,US equities,424.856659,58845100
2021-10-25,AGG,US aggregate bonds,97.466599,8569600
2021-10-25,EEM,Emerging-market equities,46.509167,32479900
2021-10-25,EFA,Developed international equities,68.633438,13658000
2021-10-25,EWC,Canadian equities,35.823444,4152400
2021-10-25,GLD,Gold,168.929993,4881300
2021-10-25,SPY,US equities,427.135071,45214500
2021-10-26,AGG,US aggregate bonds,97.645905,5429800
2021-10-26,EEM,Emerging-market equities,46.269108,32195200
2021-10-26,EFA,Developed international equities,68.770119,10552900
2021-10-26,EWC,Canadian equities,35.552193,2837900
2021-10-26,GLD,Gold,167.679993,6658900
2021-10-26,SPY,US equities,427.519440,56075100
2021-10-27,AGG,US aggregate bonds,97.970299,8048500
2021-10-27,EEM,Emerging-market equities,45.895691,32422100
2021-10-27,EFA,Developed international equities,68.496765,18449000
2021-10-27,EWC,Canadian equities,35.262863,4230100
2021-10-27,GLD,Gold,168.119995,5823100
2021-10-27,SPY,US equities,425.625458,72438000
2021-10-28,AGG,US aggregate bonds,97.893478,5916000
2021-10-28,EEM,Emerging-market equities,45.940132,27363500
2021-10-28,EFA,Developed international equities,69.163109,15260200
2021-10-28,EWC,Canadian equities,35.805363,3148300
2021-10-28,GLD,Gold,168.080002,7000700
2021-10-28,SPY,US equities,429.732361,51437900
2021-10-29,AGG,US aggregate bonds,97.867851,10047900
2021-10-29,EEM,Emerging-market equities,45.273312,51488900
2021-10-29,EFA,Developed international equities,68.761589,25406900
2021-10-29,EWC,Canadian equities,35.425610,3430600
2021-10-29,GLD,Gold,166.649994,7531900
2021-10-29,SPY,US equities,430.604279,70162400
2021-11-01,AGG,US aggregate bonds,97.807983,6197900
2021-11-01,EEM,Emerging-market equities,45.628956,31197400
2021-11-01,EFA,Developed international equities,69.427940,20337400
2021-11-01,EWC,Canadian equities,35.841530,3480400
2021-11-01,GLD,Gold,167.520004,4975600
2021-11-01,SPY,US equities,431.345032,48433600
2021-11-02,AGG,US aggregate bonds,98.004654,5317000
2021-11-02,EEM,Emerging-market equities,45.219975,34098000
2021-11-02,EFA,Developed international equities,69.282707,10184500
2021-11-02,EWC,Canadian equities,35.561237,3596200
2021-11-02,GLD,Gold,167.160004,3760700
2021-11-02,SPY,US equities,433.088959,48908400
2021-11-03,AGG,US aggregate bonds,97.807983,6421700
2021-11-03,EEM,Emerging-market equities,45.433350,49350800
2021-11-03,EFA,Developed international equities,69.846535,14911000
2021-11-03,EWC,Canadian equities,35.814411,1927700
2021-11-03,GLD,Gold,165.770004,9055200
2021-11-03,SPY,US equities,435.733093,52509800
2021-11-04,AGG,US aggregate bonds,98.132904,6618100
2021-11-04,EEM,Emerging-market equities,45.326653,23722200
2021-11-04,EFA,Developed international equities,69.803818,14083300
2021-11-04,EWC,Canadian equities,35.669739,3287800
2021-11-04,GLD,Gold,167.649994,6656100
2021-11-04,SPY,US equities,437.786438,52847100
2021-11-05,AGG,US aggregate bonds,98.517700,7283100
2021-11-05,EEM,Emerging-market equities,45.273312,23969900
2021-11-05,EFA,Developed international equities,69.906334,15593600
2021-11-05,EWC,Canadian equities,35.859619,1827500
2021-11-05,GLD,Gold,169.839996,9368900
2021-11-05,SPY,US equities,439.305481,66390600
2021-11-08,AGG,US aggregate bonds,98.338142,4922800
2021-11-08,EEM,Emerging-market equities,45.691193,23735200
2021-11-08,EFA,Developed international equities,69.897789,9065900
2021-11-08,EWC,Canadian equities,36.040443,2757000
2021-11-08,GLD,Gold,170.449997,4966100
2021-11-08,SPY,US equities,439.680450,50405200
2021-11-09,AGG,US aggregate bonds,98.611732,8960500
2021-11-09,EEM,Emerging-market equities,45.513371,28482200
2021-11-09,EFA,Developed international equities,69.744003,16011200
2021-11-09,EWC,Canadian equities,36.040443,4336700
2021-11-09,GLD,Gold,171.289993,5781200
2021-11-09,SPY,US equities,438.227234,51149100
2021-11-10,AGG,US aggregate bonds,97.944786,11620300
2021-11-10,EEM,Emerging-market equities,45.326653,36032600
2021-11-10,EFA,Developed international equities,68.898270,21546800
2021-11-10,EWC,Canadian equities,35.696865,6073900
2021-11-10,GLD,Gold,173.149994,11461800
2021-11-10,SPY,US equities,434.701721,69429700
2021-11-11,AGG,US aggregate bonds,97.765244,3937100
2021-11-11,EEM,Emerging-market equities,46.109074,55636800
2021-11-11,EFA,Developed international equities,69.146019,9264600
2021-11-11,EWC,Canadian equities,35.678783,2868600
2021-11-11,GLD,Gold,174.119995,5959600
2021-11-11,SPY,US equities,434.842346,34848500
2021-11-12,AGG,US aggregate bonds,97.748161,4554700
2021-11-12,EEM,Emerging-market equities,46.233547,31956200
2021-11-12,EFA,Developed international equities,69.521904,14817900
2021-11-12,EWC,Canadian equities,36.167030,3142900
2021-11-12,GLD,Gold,174.449997,7894800
2021-11-12,SPY,US equities,438.124023,53466700
2021-11-15,AGG,US aggregate bonds,97.389038,6405000
2021-11-15,EEM,Emerging-market equities,46.082405,31610700
2021-11-15,EFA,Developed international equities,69.393768,14064500
2021-11-15,EWC,Canadian equities,36.076626,2426600
2021-11-15,GLD,Gold,174.179993,5630800
2021-11-15,SPY,US equities,438.274048,46980500
2021-11-16,AGG,US aggregate bonds,97.354805,7484000
2021-11-16,EEM,Emerging-market equities,46.144642,32898900
2021-11-16,EFA,Developed international equities,69.239998,12167900
2021-11-16,EWC,Canadian equities,36.004280,1130900
2021-11-16,GLD,Gold,172.919998,8667300
2021-11-16,SPY,US equities,440.008606,48857500
2021-11-17,AGG,US aggregate bonds,97.585686,7173100
2021-11-17,EEM,Emerging-market equities,45.904583,22601900
2021-11-17,EFA,Developed international equities,69.154549,10415400
2021-11-17,EWC,Canadian equities,35.742069,3412100
2021-11-17,GLD,Gold,174.500000,6523100
2021-11-17,SPY,US equities,438.939789,47858300
2021-11-18,AGG,US aggregate bonds,97.671188,4226900
2021-11-18,EEM,Emerging-market equities,45.344444,36719300
2021-11-18,EFA,Developed international equities,69.222900,13236800
2021-11-18,EWC,Canadian equities,35.832493,3227800
2021-11-18,GLD,Gold,173.940002,6252000
2021-11-18,SPY,US equities,440.430573,50625600
2021-11-19,AGG,US aggregate bonds,97.859306,5685900
2021-11-19,EEM,Emerging-market equities,45.273312,36975700
2021-11-19,EFA,Developed international equities,68.633438,20761900
2021-11-19,EWC,Canadian equities,35.488899,1854400
2021-11-19,GLD,Gold,172.610001,8785600
2021-11-19,SPY,US equities,439.642944,57315600
2021-11-22,AGG,US aggregate bonds,97.389038,6995300
2021-11-22,EEM,Emerging-market equities,44.908783,37116100
2021-11-22,EFA,Developed international equities,68.231941,17802300
2021-11-22,EWC,Canadian equities,35.127228,2251900
2021-11-22,GLD,Gold,168.740005,13091900
2021-11-22,SPY,US equities,438.405365,72762000
2021-11-23,AGG,US aggregate bonds,97.004280,6268600
2021-11-23,EEM,Emerging-market equities,44.864326,38638200
2021-11-23,EFA,Developed international equities,68.163589,26736800
2021-11-23,EWC,Canadian equities,35.362316,1821000
2021-11-23,GLD,Gold,167.279999,8047800
2021-11-23,SPY,US equities,438.986633,73206500
2021-11-24,AGG,US aggregate bonds,97.226547,8472400
2021-11-24,EEM,Emerging-market equities,44.802086,32810400
2021-11-24,EFA,Developed international equities,67.710815,20238700
2021-11-24,EWC,Canadian equities,35.543152,1992200
2021-11-24,GLD,Gold,167.119995,5359500
2021-11-24,SPY,US equities,440.158752,61858800
2021-11-26,AGG,US aggregate bonds,97.919151,3258900
2021-11-26,EEM,Emerging-market equities,43.299496,58023300
2021-11-26,EFA,Developed international equities,65.891182,37776000
2021-11-26,EWC,Canadian equities,34.530476,5368200
2021-11-26,GLD,Gold,166.850006,9605200
2021-11-26,SPY,US equities,430.341766,112669600
2021-11-29,AGG,US aggregate bonds,97.970444,8982800
2021-11-29,EEM,Emerging-market equities,43.468433,44405000
2021-11-29,EFA,Developed international equities,66.224358,31913600
2021-11-29,EWC,Canadian equities,34.602814,3347500
2021-11-29,GLD,Gold,166.619995,7394900
2021-11-29,SPY,US equities,435.620514,86268800
2021-11-30,AGG,US aggregate bonds,98.132904,13109000
2021-11-30,EEM,Emerging-market equities,43.423965,81647500
2021-11-30,EFA,Developed international equities,65.643433,52770800
2021-11-30,EWC,Canadian equities,33.798096,8003700
2021-11-30,GLD,Gold,165.500000,12925300
2021-11-30,SPY,US equities,427.144470,148559600
2021-12-01,AGG,US aggregate bonds,98.151779,12772700
2021-12-01,EEM,Emerging-market equities,43.584015,52613200
2021-12-01,EFA,Developed international equities,65.267563,43883900
2021-12-01,EWC,Canadian equities,33.327923,14496700
2021-12-01,GLD,Gold,166.160004,7808600
2021-12-01,SPY,US equities,422.400024,131939200
2021-12-02,AGG,US aggregate bonds,98.134621,7759700
2021-12-02,EEM,Emerging-market equities,44.117474,73971400
2021-12-02,EFA,Developed international equities,66.079124,42264500
2021-12-02,EWC,Canadian equities,33.924675,7533600
2021-12-02,GLD,Gold,165.240005,9604100
2021-12-02,SPY,US equities,428.869751,127637800
2021-12-03,AGG,US aggregate bonds,98.528503,7600800
2021-12-03,EEM,Emerging-market equities,43.495102,79115000
2021-12-03,EFA,Developed international equities,65.805756,46147500
2021-12-03,EWC,Canadian equities,33.599178,4692800
2021-12-03,GLD,Gold,166.630005,9507900
2021-12-03,SPY,US equities,425.137909,137331600
2021-12-06,AGG,US aggregate bonds,98.186020,9416700
2021-12-06,EEM,Emerging-market equities,43.832958,54871300
2021-12-06,EFA,Developed international equities,66.437927,30884300
2021-12-06,EWC,Canadian equities,34.232094,5784400
2021-12-06,GLD,Gold,166.220001,4813600
2021-12-06,SPY,US equities,430.173004,98977500
2021-12-07,AGG,US aggregate bonds,98.031898,6786900
2021-12-07,EEM,Emerging-market equities,44.526463,51825000
2021-12-07,EFA,Developed international equities,67.838959,28244900
2021-12-07,EWC,Canadian equities,35.036812,4214200
2021-12-07,GLD,Gold,166.809998,4900700
2021-12-07,SPY,US equities,439.071014,95484700
2021-12-08,AGG,US aggregate bonds,97.775017,8050100
2021-12-08,EEM,Emerging-market equities,44.704281,38176500
2021-12-08,EFA,Developed international equities,67.967094,21619400
2021-12-08,EWC,Canadian equities,34.801731,3908800
2021-12-08,GLD,Gold,166.899994,4288900
2021-12-08,SPY,US equities,440.233704,72238800
2021-12-09,AGG,US aggregate bonds,97.783569,8646500
2021-12-09,EEM,Emerging-market equities,44.490902,36476000
2021-12-09,EFA,Developed international equities,67.403267,32026500
2021-12-09,EWC,Canadian equities,34.421978,3348800
2021-12-09,GLD,Gold,165.880005,4913800
2021-12-09,SPY,US equities,437.261322,61272600
2021-12-10,AGG,US aggregate bonds,97.809258,6501300
2021-12-10,EEM,Emerging-market equities,44.526463,42011300
2021-12-10,EFA,Developed international equities,67.548492,23412200
2021-12-10,EWC,Canadian equities,34.385815,2315200
2021-12-10,GLD,Gold,166.580002,6450600
2021-12-10,SPY,US equities,441.377533,77159800
2021-12-13,AGG,US aggregate bonds,98.151779,8659300
2021-12-13,EEM,Emerging-market equities,43.820324,50773400
2021-12-13,EFA,Developed international equities,66.915771,27594700
2021-12-13,EWC,Canadian equities,33.816254,5207700
2021-12-13,GLD,Gold,167.000000,6610700
2021-12-13,SPY,US equities,437.467712,87724700
2021-12-14,AGG,US aggregate bonds,97.963379,7503600
2021-12-14,EEM,Emerging-market equities,43.721119,42023900
2021-12-14,EFA,Developed international equities,66.559410,30040400
2021-12-14,EWC,Canadian equities,33.642269,3876400
2021-12-14,GLD,Gold,165.440002,8637900
2021-12-14,SPY,US equities,434.457825,97264100
2021-12-15,AGG,US aggregate bonds,97.886307,7459100
2021-12-15,EEM,Emerging-market equities,43.594864,57129100
2021-12-15,EFA,Developed international equities,67.463326,31109400
2021-12-15,EWC,Canadian equities,33.944454,4917700
2021-12-15,GLD,Gold,166.149994,14231200
2021-12-15,SPY,US equities,441.246368,116899300
2021-12-16,AGG,US aggregate bonds,98.020882,7566600
2021-12-16,EEM,Emerging-market equities,43.648979,60401000
2021-12-16,EFA,Developed international equities,67.472008,44621100
2021-12-16,EWC,Canadian equities,34.054329,3818600
2021-12-16,GLD,Gold,168.160004,11186200
2021-12-16,SPY,US equities,437.355225,116568600
2021-12-17,AGG,US aggregate bonds,98.140892,7428000
2021-12-17,EEM,Emerging-market equities,43.432533,55420900
2021-12-17,EFA,Developed international equities,66.620247,44476200
2021-12-17,EWC,Canadian equities,33.688053,3667800
2021-12-17,GLD,Gold,167.800003,9856900
2021-12-17,SPY,US equities,432.700470,135511600
2021-12-20,AGG,US aggregate bonds,97.995155,7382600
2021-12-20,EEM,Emerging-market equities,42.783207,40091700
2021-12-20,EFA,Developed international equities,66.472504,26303400
2021-12-20,EWC,Canadian equities,33.211903,8229100
2021-12-20,GLD,Gold,167.089996,6973000
2021-12-20,SPY,US equities,428.099426,107134800
2021-12-21,AGG,US aggregate bonds,97.918037,12970200
2021-12-21,EEM,Emerging-market equities,43.504684,31786900
2021-12-21,EFA,Developed international equities,67.211266,22744100
2021-12-21,EWC,Canadian equities,33.971916,5478700
2021-12-21,GLD,Gold,167.020004,4548500
2021-12-21,SPY,US equities,435.701996,69806300
2021-12-22,AGG,US aggregate bonds,98.003761,6171700
2021-12-22,EEM,Emerging-market equities,43.712105,27630800
2021-12-22,EFA,Developed international equities,67.837059,21609700
2021-12-22,EWC,Canadian equities,34.420601,3288700
2021-12-22,GLD,Gold,168.589996,4672900
2021-12-22,SPY,US equities,440.058533,58890200
2021-12-23,AGG,US aggregate bonds,97.883774,5506700
2021-12-23,EEM,Emerging-market equities,43.937565,22174400
2021-12-23,EFA,Developed international equities,68.236877,28320000
2021-12-23,EWC,Canadian equities,34.750248,2316300
2021-12-23,GLD,Gold,168.970001,4551100
2021-12-23,SPY,US equities,442.796478,56439700
2021-12-27,AGG,US aggregate bonds,97.935196,5436800
2021-12-27,EEM,Emerging-market equities,44.135963,27011600
2021-12-27,EFA,Developed international equities,68.767052,15219700
2021-12-27,EWC,Canadian equities,35.079903,3327100
2021-12-27,GLD,Gold,169.369995,4760300
2021-12-27,SPY,US equities,449.063049,56808600
2021-12-28,AGG,US aggregate bonds,97.892334,5253800
2021-12-28,EEM,Emerging-market equities,43.991669,24529800
2021-12-28,EFA,Developed international equities,68.793121,15631300
2021-12-28,EWC,Canadian equities,35.015800,4232400
2021-12-28,GLD,Gold,168.639999,4541900
2021-12-28,SPY,US equities,448.695984,47274600
2021-12-29,AGG,US aggregate bonds,97.600899,5933800
2021-12-29,EEM,Emerging-market equities,43.793274,27939200
2021-12-29,EFA,Developed international equities,68.767052,15046900
2021-12-29,EWC,Canadian equities,34.915073,4388000
2021-12-29,GLD,Gold,168.589996,5889700
2021-12-29,SPY,US equities,449.270142,54503000
2021-12-30,AGG,US aggregate bonds,97.815186,5455400
2021-12-30,EEM,Emerging-market equities,44.294960,34900300
2021-12-30,EFA,Developed international equities,68.586769,20617500
2021-12-30,EWC,Canadian equities,35.024963,4073900
2021-12-30,GLD,Gold,169.800003,5426300
2021-12-30,SPY,US equities,448.028015,55329000
2021-12-31,AGG,US aggregate bonds,97.780884,7989500
2021-12-31,EEM,Emerging-market equities,44.078403,30439000
2021-12-31,EFA,Developed international equities,68.525803,23252200
2021-12-31,EWC,Canadian equities,35.189781,2307700
2021-12-31,GLD,Gold,170.960007,7039300
2021-12-31,SPY,US equities,446.898895,65237400
2022-01-03,AGG,US aggregate bonds,97.112305,9399200
2022-01-03,EEM,Emerging-market equities,44.394215,27572700
2022-01-03,EFA,Developed international equities,68.969978,24096900
2022-01-03,EWC,Canadian equities,35.317978,5066300
2022-01-03,GLD,Gold,168.330002,9014400
2022-01-03,SPY,US equities,449.486481,72668200
2022-01-04,AGG,US aggregate bonds,97.103775,7772100
2022-01-04,EEM,Emerging-market equities,44.240822,24579500
2022-01-04,EFA,Developed international equities,69.361908,24314300
2022-01-04,EWC,Canadian equities,34.970016,6485300
2022-01-04,GLD,Gold,169.570007,6965600
2022-01-04,SPY,US equities,449.335907,71178700
2022-01-05,AGG,US aggregate bonds,96.803764,8530900
2022-01-05,EEM,Emerging-market equities,43.518963,46425100
2022-01-05,EFA,Developed international equities,68.752235,24704100
2022-01-05,EWC,Canadian equities,34.539642,8081000
2022-01-05,GLD,Gold,169.059998,8715600
2022-01-05,SPY,US equities,440.707794,104538900
2022-01-06,AGG,US aggregate bonds,96.700920,8866500
2022-01-06,EEM,Emerging-market equities,43.717472,34288700
2022-01-06,EFA,Developed international equities,68.403870,32472900
2022-01-06,EWC,Canadian equities,34.805195,11405300
2022-01-06,GLD,Gold,166.990005,10902700
2022-01-06,SPY,US equities,440.293640,86858900
2022-01-07,AGG,US aggregate bonds,96.418053,9018900
2022-01-07,EEM,Emerging-market equities,44.114494,32640900
2022-01-07,EFA,Developed international equities,68.604179,22833900
2022-01-07,EWC,Canadian equities,35.079903,4367800
2022-01-07,GLD,Gold,167.750000,8191900
2022-01-07,SPY,US equities,438.552979,85111600
2022-01-10,AGG,US aggregate bonds,96.332352,8074900
2022-01-10,EEM,Emerging-market equities,44.114494,43581800
2022-01-10,EFA,Developed international equities,67.968391,45587600
2022-01-10,EWC,Canadian equities,34.951694,7122500
2022-01-10,GLD,Gold,168.259995,7026500
2022-01-10,SPY,US equities,438.007263,119362000
2022-01-11,AGG,US aggregate bonds,96.512367,6728600
2022-01-11,EEM,Emerging-market equities,45.134125,57536400
2022-01-11,EFA,Developed international equities,68.708694,30847000
2022-01-11,EWC,Canadian equities,35.583527,5263700
2022-01-11,GLD,Gold,170.289993,8369000
2022-01-11,SPY,US equities,441.996735,74303100
2022-01-12,AGG,US aggregate bonds,96.512367,6713200
2022-01-12,EEM,Emerging-market equities,45.883041,56499100
2022-01-12,EFA,Developed international equities,69.379318,30780700
2022-01-12,EWC,Canadian equities,36.041367,7925600
2022-01-12,GLD,Gold,170.740005,6280700
2022-01-12,SPY,US equities,443.191650,67605400
2022-01-13,AGG,US aggregate bonds,96.683777,8454300
2022-01-13,EEM,Emerging-market equities,45.233372,33229000
2022-01-13,EFA,Developed international equities,68.874176,24991200
2022-01-13,EWC,Canadian equities,35.739189,5978700
2022-01-13,GLD,Gold,170.160004,7034200
2022-01-13,SPY,US equities,437.085144,91173100
2022-01-14,AGG,US aggregate bonds,96.143806,9113400
2022-01-14,EEM,Emerging-market equities,45.215328,40642300
2022-01-14,EFA,Developed international equities,68.804504,26136500
2022-01-14,EWC,Canadian equities,35.830757,4158800
2022-01-14,GLD,Gold,169.669998,7865900
2022-01-14,SPY,US equities,437.263977,95890900
2022-01-18,AGG,US aggregate bonds,95.560944,7943800
2022-01-18,EEM,Emerging-market equities,44.412270,45012000
2022-01-18,EFA,Developed international equities,67.794205,37504600
2022-01-18,EWC,Canadian equities,35.757504,18747200
2022-01-18,GLD,Gold,169.389999,9322800
2022-01-18,SPY,US equities,429.520142,109709100
2022-01-19,AGG,US aggregate bonds,95.766663,8321000
2022-01-19,EEM,Emerging-market equities,44.601753,43998100
2022-01-19,EFA,Developed international equities,67.733238,34437700
2022-01-19,EWC,Canadian equities,35.665932,7068000
2022-01-19,GLD,Gold,172.080002,15784500
2022-01-19,SPY,US equities,425.060181,109357600
2022-01-20,AGG,US aggregate bonds,95.818062,7186400
2022-01-20,EEM,Emerging-market equities,44.863422,58279500
2022-01-20,EFA,Developed international equities,67.402275,38225400
2022-01-20,EWC,Canadian equities,35.354603,5616900
2022-01-20,GLD,Gold,171.649994,9570500
2022-01-20,SPY,US equities,420.355682,122379700
2022-01-21,AGG,US aggregate bonds,96.195244,8679600
2022-01-21,EEM,Emerging-market equities,44.213757,59673800
2022-01-21,EFA,Developed international equities,66.487785,60761300
2022-01-21,EWC,Canadian equities,34.429760,14193400
2022-01-21,GLD,Gold,171.089996,10982500
2022-01-21,SPY,US equities,412.103729,202271200
2022-01-24,AGG,US aggregate bonds,96.083801,12131400
2022-01-24,EEM,Emerging-market equities,43.591145,87752800
2022-01-24,EFA,Developed international equities,65.825882,85455900
2022-01-24,EWC,Canadian equities,34.219147,14932600
2022-01-24,GLD,Gold,172.029999,15727700
2022-01-24,SPY,US equities,413.853821,251783900
2022-01-25,AGG,US aggregate bonds,95.989502,9541000
2022-01-25,EEM,Emerging-market equities,43.509937,54804100
2022-01-25,EFA,Developed international equities,65.425247,54516800
2022-01-25,EWC,Canadian equities,34.402287,11797100
2022-01-25,GLD,Gold,172.580002,17382100
2022-01-25,SPY,US equities,408.801117,167997300
2022-01-26,AGG,US aggregate bonds,95.449516,10729400
2022-01-26,EEM,Emerging-market equities,42.959530,55516700
2022-01-26,EFA,Developed international equities,65.172661,55217000
2022-01-26,EWC,Canadian equities,34.182526,10683800
2022-01-26,GLD,Gold,169.789993,17799400
2022-01-26,SPY,US equities,407.775513,186391100
2022-01-27,AGG,US aggregate bonds,95.766663,6146800
2022-01-27,EEM,Emerging-market equities,42.463245,61062300
2022-01-27,EFA,Developed international equities,64.867836,46252100
2022-01-27,EWC,Canadian equities,33.916981,7482400
2022-01-27,GLD,Gold,167.600006,15867300
2022-01-27,SPY,US equities,405.761932,149878300
2022-01-28,AGG,US aggregate bonds,95.835159,10855600
2022-01-28,EEM,Emerging-market equities,42.670780,48799200
2022-01-28,EFA,Developed international equities,65.085579,44588300
2022-01-28,EWC,Canadian equities,34.173367,7056900
2022-01-28,GLD,Gold,167.100006,9782500
2022-01-28,SPY,US equities,415.839203,164457400
2022-01-31,AGG,US aggregate bonds,95.826630,12837400
2022-01-31,EEM,Emerging-market equities,44.069378,65614900
2022-01-31,EFA,Developed international equities,66.034904,38299200
2022-01-31,EWC,Canadian equities,34.970016,8767200
2022-01-31,GLD,Gold,168.089996,8539300
2022-01-31,SPY,US equities,423.328918,152251400
2022-02-01,AGG,US aggregate bonds,95.793159,10356000
2022-02-01,EEM,Emerging-market equities,44.340076,50158000
2022-02-01,EFA,Developed international equities,66.661987,53240700
2022-02-01,EWC,Canadian equities,35.418697,7892800
2022-02-01,GLD,Gold,168.229996,9763900
2022-02-01,SPY,US equities,426.189240,123155400
2022-02-02,AGG,US aggregate bonds,95.896179,7967900
2022-02-02,EEM,Emerging-market equities,44.267891,35128100
2022-02-02,EFA,Developed international equities,67.158417,35225900
2022-02-02,EWC,Canadian equities,35.565212,6348200
2022-02-02,GLD,Gold,168.839996,9085300
2022-02-02,SPY,US equities,430.329315,117361000
2022-02-03,AGG,US aggregate bonds,95.509895,10290400
2022-02-03,EEM,Emerging-market equities,43.798683,38246800
2022-02-03,EFA,Developed international equities,66.095879,46207200
2022-02-03,EWC,Canadian equities,34.960857,6377200
2022-02-03,GLD,Gold,168.600006,10650800
2022-02-03,SPY,US equities,420.214447,118024400
2022-02-04,AGG,US aggregate bonds,94.909073,6967200
2022-02-04,EEM,Emerging-market equities,43.906960,36644200
2022-02-04,EFA,Developed international equities,66.252632,32188300
2022-02-04,EWC,Canadian equities,35.153152,4428400
2022-02-04,GLD,Gold,168.860001,9619600
2022-02-04,SPY,US equities,422.190430,118454400
2022-02-07,AGG,US aggregate bonds,94.994888,6723400
2022-02-07,EEM,Emerging-market equities,43.816734,31917100
2022-02-07,EFA,Developed international equities,66.365860,17045500
2022-02-07,EWC,Canadian equities,35.308823,4325600
2022-02-07,GLD,Gold,170.110001,7796900
2022-02-07,SPY,US equities,420.835510,84472900
2022-02-08,AGG,US aggregate bonds,94.703049,7987000
2022-02-08,EEM,Emerging-market equities,44.240822,25562200
2022-02-08,EFA,Developed international equities,66.705528,27066900
2022-02-08,EWC,Canadian equities,35.491955,4279100
2022-02-08,GLD,Gold,170.630005,5802000
2022-02-08,SPY,US equities,424.298035,81012000
2022-02-09,AGG,US aggregate bonds,94.763123,9194400
2022-02-09,EEM,Emerging-market equities,44.935608,40082900
2022-02-09,EFA,Developed international equities,67.785484,26858900
2022-02-09,EWC,Canadian equities,35.968113,6252700
2022-02-09,GLD,Gold,171.210007,8002800
2022-02-09,SPY,US equities,430.508179,92589900
2022-02-10,AGG,US aggregate bonds,93.887581,10761200
2022-02-10,EEM,Emerging-market equities,44.637844,55440700
2022-02-10,EFA,Developed international equities,66.923264,27349500
2022-02-10,EWC,Canadian equities,35.638470,6293700
2022-02-10,GLD,Gold,170.559998,10693500
2022-02-10,SPY,US equities,422.773743,140103700
2022-02-11,AGG,US aggregate bonds,94.505615,13868300
2022-02-11,EEM,Emerging-market equities,43.961102,53838300
2022-02-11,EFA,Developed international equities,65.912971,51519400
2022-02-11,EWC,Canadian equities,35.565212,11868100
2022-02-11,GLD,Gold,173.809998,25741500
2022-02-11,SPY,US equities,414.437225,153214600
2022-02-14,AGG,US aggregate bonds,93.956276,8843700
2022-02-14,EEM,Emerging-market equities,43.654308,59439800
2022-02-14,EFA,Developed international equities,65.486206,45356000
2022-02-14,EWC,Canadian equities,35.263035,6861100
2022-02-14,GLD,Gold,174.740005,13650700
2022-02-14,SPY,US equities,413.082336,123006300
2022-02-15,AGG,US aggregate bonds,93.801788,5820200
2022-02-15,EEM,Emerging-market equities,44.601753,32938500
2022-02-15,EFA,Developed international equities,66.688103,30223600
2022-02-15,EWC,Canadian equities,35.574364,4380400
2022-02-15,GLD,Gold,173.080002,12603600
2022-02-15,SPY,US equities,419.743988,88482700
2022-02-16,AGG,US aggregate bonds,93.913376,8116000
2022-02-16,EEM,Emerging-market equities,44.926582,47236800
2022-02-16,EFA,Developed international equities,66.940681,22557600
2022-02-16,EWC,Canadian equities,35.455326,5048100
2022-02-16,GLD,Gold,174.860001,12772100
2022-02-16,SPY,US equities,420.214447,84863600
2022-02-17,AGG,US aggregate bonds,94.110786,10217000
2022-02-17,EEM,Emerging-market equities,44.403236,41245300
2022-02-17,EFA,Developed international equities,65.860718,34691300
2022-02-17,EWC,Canadian equities,34.988327,5100800
2022-02-17,GLD,Gold,177.250000,18612500
2022-02-17,SPY,US equities,411.238068,102259100
2022-02-18,AGG,US aggregate bonds,94.308205,7110900
2022-02-18,EEM,Emerging-market equities,43.961102,41312300
2022-02-18,EFA,Developed international equities,65.582008,34752000
2022-02-18,EWC,Canadian equities,34.567112,7126600
2022-02-18,GLD,Gold,177.119995,12760700
2022-02-18,SPY,US equities,408.575287,132642900
2022-02-22,AGG,US aggregate bonds,94.205185,7604400
2022-02-22,EEM,Emerging-market equities,43.338497,60704500
2022-02-22,EFA,Developed international equities,64.815582,32967600
2022-02-22,EWC,Canadian equities,34.374825,10349200
2022-02-22,GLD,Gold,177.490005,14960500
2022-02-22,SPY,US equities,404.190674,124391800
2022-02-23,AGG,US aggregate bonds,93.784599,11732100
2022-02-23,EEM,Emerging-market equities,42.833206,38873700
2022-02-23,EFA,Developed international equities,64.284294,39771800
2022-02-23,EWC,Canadian equities,34.136742,6751600
2022-02-23,GLD,Gold,178.289993,11772200
2022-02-23,SPY,US equities,397.020813,132578000
2022-02-24,AGG,US aggregate bonds,93.956276,12372100
2022-02-24,EEM,Emerging-market equities,41.948929,95679500
2022-02-24,EFA,Developed international equities,63.422066,72044600
2022-02-24,EWC,Canadian equities,33.971916,14660400
2022-02-24,GLD,Gold,177.139999,32726000
2022-02-24,SPY,US equities,402.995636,213942900
2022-02-25,AGG,US aggregate bonds,94.050728,10089100
2022-02-25,EEM,Emerging-market equities,42.724922,58887800
2022-02-25,EFA,Developed international equities,65.007172,47641800
2022-02-25,EWC,Canadian equities,34.933388,12127800
2022-02-25,GLD,Gold,176.550003,11530900
2022-02-25,SPY,US equities,411.887360,121804500
2022-02-28,AGG,US aggregate bonds,94.728828,16594600
2022-02-28,EEM,Emerging-market equities,42.165485,79366600
2022-02-28,EFA,Developed international equities,63.770458,50821600
2022-02-28,EWC,Canadian equities,34.997486,10055800
2022-02-28,GLD,Gold,178.380005,16055800
2022-02-28,SPY,US equities,410.833496,145615000
2022-03-01,AGG,US aggregate bonds,95.262634,14355100
2022-03-01,EEM,Emerging-market equities,41.606041,72297300
2022-03-01,EFA,Developed international equities,62.376942,49003900
2022-03-01,EWC,Canadian equities,34.521332,9774800
2022-03-01,GLD,Gold,181.619995,21942100
2022-03-01,SPY,US equities,404.576447,137785900
2022-03-02,AGG,US aggregate bonds,94.119354,9028800
2022-03-02,EEM,Emerging-market equities,41.678223,61858700
2022-03-02,EFA,Developed international equities,63.160778,43906000
2022-03-02,EWC,Canadian equities,35.327137,11700400
2022-03-02,GLD,Gold,179.729996,19727200
2022-03-02,SPY,US equities,412.019073,117726500
2022-03-03,AGG,US aggregate bonds,94.437386,15802600
2022-03-03,EEM,Emerging-market equities,41.091721,57514100
2022-03-03,EFA,Developed international equities,61.915337,44389700
2022-03-03,EWC,Canadian equities,35.198936,6586500
2022-03-03,GLD,Gold,180.800003,15164400
2022-03-03,SPY,US equities,409.967804,105501700
2022-03-04,AGG,US aggregate bonds,94.815613,7838500
2022-03-04,EEM,Emerging-market equities,40.261581,68351300
2022-03-04,EFA,Developed international equities,60.121197,54455500
2022-03-04,EWC,Canadian equities,35.290504,11257100
2022-03-04,GLD,Gold,183.679993,22390100
2022-03-04,SPY,US equities,406.636963,113978200
2022-03-07,AGG,US aggregate bonds,94.265488,12740600
2022-03-07,EEM,Emerging-market equities,38.754711,77557700
2022-03-07,EFA,Developed international equities,58.213833,55499400
2022-03-07,EWC,Canadian equities,34.850975,9724700
2022-03-07,GLD,Gold,186.410004,27951800
2022-03-07,SPY,US equities,394.649719,137896600
2022-03-08,AGG,US aggregate bonds,93.930237,9933700
2022-03-08,EEM,Emerging-market equities,38.881031,90831500
2022-03-08,EFA,Developed international equities,58.718971,56682500
2022-03-08,EWC,Canadian equities,34.512169,12681300
2022-03-08,GLD,Gold,191.509995,47347700
2022-03-08,SPY,US equities,391.657593,164772700
2022-03-09,AGG,US aggregate bonds,93.732513,11192300
2022-03-09,EEM,Emerging-market equities,39.981865,59840900
2022-03-09,EFA,Developed international equities,61.175030,55565000
2022-03-09,EWC,Canadian equities,35.208099,7570400
2022-03-09,GLD,Gold,185.820007,26839700
2022-03-09,SPY,US equities,402.158264,116990800
2022-03-10,AGG,US aggregate bonds,93.208130,16234900
2022-03-10,EEM,Emerging-market equities,39.232941,59158300
2022-03-10,EFA,Developed international equities,60.443451,33804200
2022-03-10,EWC,Canadian equities,35.455326,6660000
2022-03-10,GLD,Gold,186.399994,18455200
2022-03-10,SPY,US equities,400.342255,93972700
2022-03-11,AGG,US aggregate bonds,93.190941,11997800
2022-03-11,EEM,Emerging-market equities,38.411823,72846700
2022-03-11,EFA,Developed international equities,59.790241,32380700
2022-03-11,EWC,Canadian equities,35.272194,5297100
2022-03-11,GLD,Gold,185.089996,14824700
2022-03-11,SPY,US equities,395.251984,95636300
2022-03-14,AGG,US aggregate bonds,92.288345,10961600
2022-03-14,EEM,Emerging-market equities,37.482437,85651000
2022-03-14,EFA,Developed international equities,60.338932,32048200
2022-03-14,EWC,Canadian equities,34.722778,11528000
2022-03-14,GLD,Gold,182.300003,13186400
2022-03-14,SPY,US equities,392.363220,95729200
2022-03-15,AGG,US aggregate bonds,92.494629,14001200
2022-03-15,EEM,Emerging-market equities,37.536572,85987500
2022-03-15,EFA,Developed international equities,60.913750,36961200
2022-03-15,EWC,Canadian equities,34.887600,6701600
2022-03-15,GLD,Gold,178.889999,16962300
2022-03-15,SPY,US equities,400.991486,106219100
2022-03-16,AGG,US aggregate bonds,92.563438,16805400
2022-03-16,EEM,Emerging-market equities,40.559349,134225700
2022-03-16,EFA,Developed international equities,63.099823,44821400
2022-03-16,EWC,Canadian equities,35.574364,6824800
2022-03-16,GLD,Gold,180.009995,17548100
2022-03-16,SPY,US equities,409.883148,144954800
2022-03-17,AGG,US aggregate bonds,92.718140,8035400
2022-03-17,EEM,Emerging-market equities,40.351814,80743600
2022-03-17,EFA,Developed international equities,63.631092,35025600
2022-03-17,EWC,Canadian equities,36.288605,8638000
2022-03-17,GLD,Gold,180.889999,10954100
2022-03-17,SPY,US equities,415.011139,102676900
2022-03-18,AGG,US aggregate bonds,92.924454,7864100
2022-03-18,EEM,Emerging-market equities,40.929302,77755100
2022-03-18,EFA,Developed international equities,64.249466,36684100
2022-03-18,EWC,Canadian equities,36.425953,5873100
2022-03-18,GLD,Gold,179.300003,13996500
2022-03-18,SPY,US equities,419.556732,106345500
2022-03-21,AGG,US aggregate bonds,92.013275,8024800
2022-03-21,EEM,Emerging-market equities,40.297680,58558700
2022-03-21,EFA,Developed international equities,63.848827,29985700
2022-03-21,EWC,Canadian equities,36.819698,5056100
2022-03-21,GLD,Gold,180.669998,10582200
2022-03-21,SPY,US equities,419.434052,88349800
2022-03-22,AGG,US aggregate bonds,91.763985,16120500
2022-03-22,EEM,Emerging-market equities,41.028561,61380900
2022-03-22,EFA,Developed international equities,64.449776,21840800
2022-03-22,EWC,Canadian equities,36.975365,7382300
2022-03-22,GLD,Gold,179.360001,9621800
2022-03-22,SPY,US equities,424.342010,74650400
2022-03-23,AGG,US aggregate bonds,92.142189,9060700
2022-03-23,EEM,Emerging-market equities,40.757862,76986600
2022-03-23,EFA,Developed international equities,63.613670,22375800
2022-03-23,EWC,Canadian equities,36.682339,6908200
2022-03-23,GLD,Gold,181.809998,12557300
2022-03-23,SPY,US equities,418.877136,79426100
2022-03-24,AGG,US aggregate bonds,91.935883,7480500
2022-03-24,EEM,Emerging-market equities,40.974415,52016600
2022-03-24,EFA,Developed international equities,64.205910,22098200
2022-03-24,EWC,Canadian equities,36.801392,7328700
2022-03-24,GLD,Gold,183.130005,10970100
2022-03-24,SPY,US equities,425.191406,64736900
2022-03-25,AGG,US aggregate bonds,91.205223,10538700
2022-03-25,EEM,Emerging-market equities,40.649578,39294500
2022-03-25,EFA,Developed international equities,64.240753,18372100
2022-03-25,EWC,Canadian equities,37.167664,5828300
2022-03-25,GLD,Gold,182.380005,7911100
2022-03-25,SPY,US equities,427.267914,77101300
2022-03-28,AGG,US aggregate bonds,91.428749,8540500
2022-03-28,EEM,Emerging-market equities,40.784931,49757000
2022-03-28,EFA,Developed international equities,64.031731,24829900
2022-03-28,EWC,Canadian equities,36.966209,4141400
2022-03-28,GLD,Gold,179.059998,9489700
2022-03-28,SPY,US equities,430.307037,68529800
2022-03-29,AGG,US aggregate bonds,91.858543,11396500
2022-03-29,EEM,Emerging-market equities,41.479725,54088200
2022-03-29,EFA,Developed international equities,65.451370,25591200
2022-03-29,EWC,Canadian equities,37.167664,9825900
2022-03-29,GLD,Gold,179.139999,10458900
2022-03-29,SPY,US equities,435.630371,86581500
2022-03-30,AGG,US aggregate bonds,92.107841,11544400
2022-03-30,EEM,Emerging-market equities,41.362411,57717400
2022-03-30,EFA,Developed international equities,65.181381,22487000
2022-03-30,EWC,Canadian equities,37.231754,14440300
2022-03-30,GLD,Gold,180.580002,8361300
2022-03-30,SPY,US equities,432.940338,79666900
2022-03-31,AGG,US aggregate bonds,92.064850,13799100
2022-03-31,EEM,Emerging-market equities,40.739811,74448400
2022-03-31,EFA,Developed international equities,64.101410,31677200
2022-03-31,EWC,Canadian equities,36.819698,7406900
2022-03-31,GLD,Gold,180.649994,9844400
2022-03-31,SPY,US equities,426.276917,121699900
2022-04-01,AGG,US aggregate bonds,91.901283,11581600
2022-04-01,EEM,Emerging-market equities,41.416557,54193400
2022-04-01,EFA,Developed international equities,64.702354,23182800
2022-04-01,EWC,Canadian equities,36.828854,4927700
2022-04-01,GLD,Gold,179.500000,13034400
2022-04-01,SPY,US equities,427.484985,89048800
2022-04-04,AGG,US aggregate bonds,91.978760,9956400
2022-04-04,EEM,Emerging-market equities,42.147434,48057700
2022-04-04,EFA,Developed international equities,64.963646,20875700
2022-04-04,EWC,Canadian equities,37.195129,6003100
2022-04-04,GLD,Gold,180.369995,7063100
2022-04-04,SPY,US equities,431.147125,59601000
2022-04-05,AGG,US aggregate bonds,91.048958,11028300
2022-04-05,EEM,Emerging-market equities,41.371441,45058100
2022-04-05,EFA,Developed international equities,64.083984,27759400
2022-04-05,EWC,Canadian equities,36.929577,8778400
2022-04-05,GLD,Gold,179.240005,10828500
2022-04-05,SPY,US equities,425.701080,74214500
2022-04-06,AGG,US aggregate bonds,90.816551,13116000
2022-04-06,EEM,Emerging-market equities,40.830040,56877100
2022-04-06,EFA,Developed international equities,63.317566,30692700
2022-04-06,EWC,Canadian equities,36.535843,5461900
2022-04-06,GLD,Gold,179.660004,8942100
2022-04-06,SPY,US equities,421.444397,106898000
2022-04-07,AGG,US aggregate bonds,90.618553,7922500
2022-04-07,EEM,Emerging-market equities,40.505207,38954900
2022-04-07,EFA,Developed international equities,63.456902,27838500
2022-04-07,EWC,Canadian equities,36.435112,4337100
2022-04-07,GLD,Gold,180.339996,10140600
2022-04-07,SPY,US equities,423.568024,78097200
2022-04-08,AGG,US aggregate bonds,90.162262,6503200
2022-04-08,EEM,Emerging-market equities,40.541306,41263400
2022-04-08,EFA,Developed international equities,63.483032,21937200
2022-04-08,EWC,Canadian equities,36.526684,3948700
2022-04-08,GLD,Gold,181.470001,10655700
2022-04-08,SPY,US equities,422.435425,79272700
2022-04-11,AGG,US aggregate bonds,89.774872,8381800
2022-04-11,EEM,Emerging-market equities,40.036003,47878200
2022-04-11,EFA,Developed international equities,62.812408,22149900
2022-04-11,EWC,Canadian equities,36.233650,3116900
2022-04-11,GLD,Gold,182.369995,10071300
2022-04-11,SPY,US equities,415.215088,89770500
2022-04-12,AGG,US aggregate bonds,90.058960,8498700
2022-04-12,EEM,Emerging-market equities,39.909683,41815200
2022-04-12,EFA,Developed international equities,62.342102,28916200
2022-04-12,EWC,Canadian equities,36.077999,4800700
2022-04-12,GLD,Gold,183.770004,12024600
2022-04-12,SPY,US equities,413.676605,84363600
2022-04-13,AGG,US aggregate bonds,90.239708,6801000
2022-04-13,EEM,Emerging-market equities,40.433029,33529400
2022-04-13,EFA,Developed international equities,63.012733,20164900
2022-04-13,EWC,Canadian equities,36.453423,5945700
2022-04-13,GLD,Gold,184.649994,8651600
2022-04-13,SPY,US equities,418.414673,74070400
2022-04-14,AGG,US aggregate bonds,89.507942,8510100
2022-04-14,EEM,Emerging-market equities,39.909683,38915000
2022-04-14,EFA,Developed international equities,62.725311,19861900
2022-04-14,EWC,Canadian equities,36.334389,2881700
2022-04-14,GLD,Gold,184.039993,11567200
2022-04-14,SPY,US equities,413.204620,97869500
2022-04-18,AGG,US aggregate bonds,89.232483,8633000
2022-04-18,EEM,Emerging-market equities,39.774330,29106500
2022-04-18,EFA,Developed international equities,62.359509,18508900
2022-04-18,EWC,Canadian equities,36.361855,4311800
2022-04-18,GLD,Gold,184.610001,8886700
2022-04-18,SPY,US equities,413.374542,66002500
2022-04-19,AGG,US aggregate bonds,88.690140,7847500
2022-04-19,EEM,Emerging-market equities,39.575821,40066400
2022-04-19,EFA,Developed international equities,62.655640,24863500
2022-04-19,EWC,Canadian equities,36.645721,4297000
2022-04-19,GLD,Gold,181.820007,12585600
2022-04-19,SPY,US equities,420.047577,77821000
2022-04-20,AGG,US aggregate bonds,89.198044,8460900
2022-04-20,EEM,Emerging-market equities,39.341213,36373300
2022-04-20,EFA,Developed international equities,63.073685,30249800
2022-04-20,EWC,Canadian equities,36.938732,4993400
2022-04-20,GLD,Gold,182.710007,7038600
2022-04-20,SPY,US equities,419.735992,65224400
2022-04-21,AGG,US aggregate bonds,88.707314,11395800
2022-04-21,EEM,Emerging-market equities,38.583260,44857400
2022-04-21,EFA,Developed international equities,62.394352,32960800
2022-04-21,EWC,Canadian equities,36.123779,7033400
2022-04-21,GLD,Gold,182.059998,9639800
2022-04-21,SPY,US equities,413.459503,85417300
2022-04-22,AGG,US aggregate bonds,88.621246,9159000
2022-04-22,EEM,Emerging-market equities,38.240383,68371900
2022-04-22,EFA,Developed international equities,61.375351,34878400
2022-04-22,EWC,Canadian equities,34.960857,9333500
2022-04-22,GLD,Gold,180.289993,9147000
2022-04-22,SPY,US equities,402.114532,132471800
2022-04-25,AGG,US aggregate bonds,89.215263,8777500
2022-04-25,EEM,Emerging-market equities,37.960667,67643800
2022-04-25,EFA,Developed international equities,61.079231,37193600
2022-04-25,EWC,Canadian equities,34.649529,9967800
2022-04-25,GLD,Gold,177.050003,13073700
2022-04-25,SPY,US equities,404.445801,119647700
2022-04-26,AGG,US aggregate bonds,89.490738,8535100
2022-04-26,EEM,Emerging-market equities,37.130539,70774400
2022-04-26,EFA,Developed international equities,59.372189,41284200
2022-04-26,EWC,Canadian equities,33.889507,9298100
2022-04-26,GLD,Gold,177.320007,9042400
2022-04-26,SPY,US equities,392.732758,103996300
2022-04-27,AGG,US aggregate bonds,89.129181,11185400
2022-04-27,EEM,Emerging-market equities,37.563641,61594000
2022-04-27,EFA,Developed international equities,59.642181,43593100
2022-04-27,EWC,Canadian equities,33.962761,6890800
2022-04-27,GLD,Gold,175.979996,8854700
2022-04-27,SPY,US equities,393.837006,122030000
2022-04-28,AGG,US aggregate bonds,89.094749,10372200
2022-04-28,EEM,Emerging-market equities,38.105030,43763100
2022-04-28,EFA,Developed international equities,60.486996,32154000
2022-04-28,EWC,Canadian equities,34.686150,7905400
2022-04-28,GLD,Gold,176.929993,6381100
2022-04-28,SPY,US equities,403.785126,105449100
2022-04-29,AGG,US aggregate bonds,88.560966,9924100
2022-04-29,EEM,Emerging-market equities,38.240383,61703900
2022-04-29,EFA,Developed international equities,59.781525,54305300
2022-04-29,EWC,Canadian equities,33.926132,10967500
2022-04-29,GLD,Gold,176.910004,7719700
2022-04-29,SPY,US equities,388.863007,145491100
2022-05-02,AGG,US aggregate bonds,88.078873,12729000
2022-05-02,EEM,Emerging-market equities,38.186237,55015700
2022-05-02,EFA,Developed international equities,59.633469,45813900
2022-05-02,EWC,Canadian equities,33.843719,11175700
2022-05-02,GLD,Gold,173.630005,14318600
2022-05-02,SPY,US equities,391.203766,158312500
2022-05-03,AGG,US aggregate bonds,88.277237,12165300
2022-05-03,EEM,Emerging-market equities,38.465969,45593000
2022-05-03,EFA,Developed international equities,60.077660,39643500
2022-05-03,EWC,Canadian equities,34.301559,9473600
2022-05-03,GLD,Gold,174.089996,7214300
2022-05-03,SPY,US equities,392.996979,100028200
2022-05-04,AGG,US aggregate bonds,88.846466,14656400
2022-05-04,EEM,Emerging-market equities,38.881031,57175300
2022-05-04,EFA,Developed international equities,61.131485,47419100
2022-05-04,EWC,Canadian equities,35.061584,13718100
2022-05-04,GLD,Gold,175.800003,10491700
2022-05-04,SPY,US equities,404.964905,144247900
2022-05-05,AGG,US aggregate bonds,87.966789,17474400
2022-05-05,EEM,Emerging-market equities,37.446339,63268900
2022-05-05,EFA,Developed international equities,59.163162,38827000
2022-05-05,EWC,Canadian equities,33.944454,14826700
2022-05-05,GLD,Gold,175.130005,12794200
2022-05-05,SPY,US equities,390.571320,172929100
2022-05-06,AGG,US aggregate bonds,87.595940,8314100
2022-05-06,EEM,Emerging-market equities,36.932022,67425600
2022-05-06,EFA,Developed international equities,58.588337,48268900
2022-05-06,EWC,Canadian equities,33.715527,11723900
2022-05-06,GLD,Gold,175.419998,7643300
2022-05-06,SPY,US equities,388.240112,151770800
2022-05-09,AGG,US aggregate bonds,88.027145,8640900
2022-05-09,EEM,Emerging-market equities,35.867275,83251500
2022-05-09,EFA,Developed international equities,56.820316,50145000
2022-05-09,EWC,Canadian equities,32.406094,12636600
2022-05-09,GLD,Gold,172.880005,10742400
2022-05-09,SPY,US equities,375.809631,155586100
2022-05-10,AGG,US aggregate bonds,88.294479,18465000
2022-05-10,EEM,Emerging-market equities,36.038719,69865000
2022-05-10,EFA,Developed international equities,57.247082,57682400
2022-05-10,EWC,Canadian equities,32.195488,14857400
2022-05-10,GLD,Gold,171.419998,11010400
2022-05-10,SPY,US equities,376.678009,132497200
2022-05-11,AGG,US aggregate bonds,88.622223,16462000
2022-05-11,EEM,Emerging-market equities,35.786076,75198500
2022-05-11,EFA,Developed international equities,56.907410,49751100
2022-05-11,EWC,Canadian equities,32.222958,13174400
2022-05-11,GLD,Gold,172.820007,9179600
2022-05-11,SPY,US equities,370.694031,142361000
2022-05-12,AGG,US aggregate bonds,88.786049,9015300
2022-05-12,EEM,Emerging-market equities,35.551476,73481300
2022-05-12,EFA,Developed international equities,56.768066,39410900
2022-05-12,EWC,Canadian equities,31.939098,17429000
2022-05-12,GLD,Gold,170.169998,11626800
2022-05-12,SPY,US equities,370.307007,125090800
2022-05-13,AGG,US aggregate bonds,88.406616,6715600
2022-05-13,EEM,Emerging-market equities,36.534996,49196100
2022-05-13,EFA,Developed international equities,58.344467,34682200
2022-05-13,EWC,Canadian equities,32.873096,8578500
2022-05-13,GLD,Gold,168.789993,13031100
2022-05-13,SPY,US equities,379.160248,104174400
2022-05-16,AGG,US aggregate bonds,88.604973,7239200
2022-05-16,EEM,Emerging-market equities,36.390629,32425000
2022-05-16,EFA,Developed international equities,58.396725,21254300
2022-05-16,EWC,Canadian equities,33.184429,6732800
2022-05-16,GLD,Gold,170.399994,7319300
2022-05-16,SPY,US equities,377.621796,78622400
2022-05-17,AGG,US aggregate bonds,88.122017,6559000
2022-05-17,EEM,Emerging-market equities,37.283920,49516400
2022-05-17,EFA,Developed international equities,59.485401,31487000
2022-05-17,EWC,Canadian equities,33.733841,6767700
2022-05-17,GLD,Gold,169.330002,6441100
2022-05-17,SPY,US equities,385.389587,83029700
2022-05-18,AGG,US aggregate bonds,88.475594,6093800
2022-05-18,EEM,Emerging-market equities,36.390629,53296300
2022-05-18,EFA,Developed international equities,58.065765,23553000
2022-05-18,EWC,Canadian equities,32.882252,9279100
2022-05-18,GLD,Gold,169.419998,7472900
2022-05-18,SPY,US equities,369.854004,117674500
2022-05-19,AGG,US aggregate bonds,88.699829,10504300
2022-05-19,EEM,Emerging-market equities,36.968105,55163500
2022-05-19,EFA,Developed international equities,58.623173,35999600
2022-05-19,EWC,Canadian equities,33.257690,8273700
2022-05-19,GLD,Gold,171.910004,10580300
2022-05-19,SPY,US equities,367.588806,98510700
2022-05-20,AGG,US aggregate bonds,88.967216,6731400
2022-05-20,EEM,Emerging-market equities,37.121506,59025400
2022-05-20,EFA,Developed international equities,59.023808,36357000
2022-05-20,EWC,Canadian equities,33.156956,7641100
2022-05-20,GLD,Gold,172.029999,6578100
2022-05-20,SPY,US equities,367.749207,131432200
2022-05-23,AGG,US aggregate bonds,88.673935,8007200
2022-05-23,EEM,Emerging-market equities,37.401226,36619400
2022-05-23,EFA,Developed international equities,60.025387,23838500
2022-05-23,EWC,Canadian equities,33.733841,6877400
2022-05-23,GLD,Gold,172.830002,5518500
2022-05-23,SPY,US equities,374.629913,76414900
2022-05-24,AGG,US aggregate bonds,89.355293,10332300
2022-05-24,EEM,Emerging-market equities,36.751553,46400400
2022-05-24,EFA,Developed international equities,59.929596,19504600
2022-05-24,EWC,Canadian equities,33.395031,8769000
2022-05-24,GLD,Gold,174.130005,6794000
2022-05-24,SPY,US equities,371.769989,91448800
2022-05-25,AGG,US aggregate bonds,89.726105,7718100
2022-05-25,EEM,Emerging-market equities,36.932022,37863200
2022-05-25,EFA,Developed international equities,59.947010,18826400
2022-05-25,EWC,Canadian equities,33.559868,6467800
2022-05-25,GLD,Gold,173.080002,4595900
2022-05-25,SPY,US equities,375.054565,91472900
2022-05-26,AGG,US aggregate bonds,89.657112,5720000
2022-05-26,EEM,Emerging-market equities,37.509502,51355800
2022-05-26,EFA,Developed international equities,60.608925,20930500
2022-05-26,EWC,Canadian equities,33.907822,3989000
2022-05-26,GLD,Gold,172.759995,6467000
2022-05-26,SPY,US equities,382.548645,82168300
2022-05-27,AGG,US aggregate bonds,89.803719,5496300
2022-05-27,EEM,Emerging-market equities,37.942616,31262900
2022-05-27,EFA,Developed international equities,61.340515,13697600
2022-05-27,EWC,Canadian equities,34.448074,6017100
2022-05-27,GLD,Gold,172.850006,3847900
2022-05-27,SPY,US equities,391.939941,84768700
2022-05-31,AGG,US aggregate bonds,89.234543,10491700
2022-05-31,EEM,Emerging-market equities,38.474987,72069000
2022-05-31,EFA,Developed international equities,60.974724,25025200
2022-05-31,EWC,Canadian equities,34.640369,6418200
2022-05-31,GLD,Gold,171.139999,6244000
2022-05-31,SPY,US equities,389.740753,95937000
2022-06-01,AGG,US aggregate bonds,88.868210,8056700
2022-06-01,EEM,Emerging-market equities,38.204292,40495600
2022-06-01,EFA,Developed international equities,60.330215,28336400
2022-06-01,EWC,Canadian equities,34.567112,3346700
2022-06-01,GLD,Gold,172.229996,6946500
2022-06-01,SPY,US equities,386.588318,86585800
2022-06-02,AGG,US aggregate bonds,88.980553,7456800
2022-06-02,EEM,Emerging-market equities,38.862988,44322300
2022-06-02,EFA,Developed international equities,61.584381,21642000
2022-06-02,EWC,Canadian equities,35.327137,5070200
2022-06-02,GLD,Gold,174.350006,5623100
2022-06-02,SPY,US equities,393.950287,79609600
2022-06-03,AGG,US aggregate bonds,88.833626,6561100
2022-06-03,EEM,Emerging-market equities,38.231365,39337000
2022-06-03,EFA,Developed international equities,60.704712,21327200
2022-06-03,EWC,Canadian equities,34.814350,3648600
2022-06-03,GLD,Gold,172.580002,5519400
2022-06-03,SPY,US equities,387.484955,71874300
2022-06-06,AGG,US aggregate bonds,88.289337,5144500
2022-06-06,EEM,Emerging-market equities,38.438896,43126000
2022-06-06,EFA,Developed international equities,60.948593,15192300
2022-06-06,EWC,Canadian equities,34.942547,2233800
2022-06-06,GLD,Gold,171.820007,3766000
2022-06-06,SPY,US equities,388.664825,57508900
2022-06-07,AGG,US aggregate bonds,88.626305,5620200
2022-06-07,EEM,Emerging-market equities,38.556190,57455300
2022-06-07,EFA,Developed international equities,61.131485,19039600
2022-06-07,EWC,Canadian equities,35.235558,2626900
2022-06-07,GLD,Gold,172.940002,3860000
2022-06-07,SPY,US equities,392.392914,59272400
2022-06-08,AGG,US aggregate bonds,88.263428,4150800
2022-06-08,EEM,Emerging-market equities,38.763733,43591800
2022-06-08,EFA,Developed international equities,60.277962,21219400
2022-06-08,EWC,Canadian equities,34.905914,9586500
2022-06-08,GLD,Gold,172.779999,5140800
2022-06-08,SPY,US equities,388.126801,64350000
2022-06-09,AGG,US aggregate bonds,88.168381,5423500
2022-06-09,EEM,Emerging-market equities,37.846455,53116000
2022-06-09,EFA,Developed international equities,59.012089,25675700
2022-06-09,EWC,Canadian equities,34.145889,5198600
2022-06-09,GLD,Gold,172.229996,4701100
2022-06-09,SPY,US equities,378.895966,86289800
2022-06-10,AGG,US aggregate bonds,87.485825,7830000
2022-06-10,EEM,Emerging-market equities,37.427860,44176700
2022-06-10,EFA,Developed international equities,57.587749,34102000
2022-06-10,EWC,Canadian equities,33.417221,10593500
2022-06-10,GLD,Gold,174.539993,16856100
2022-06-10,SPY,US equities,367.909637,132893900
2022-06-13,AGG,US aggregate bonds,86.051666,9479000
2022-06-13,EEM,Emerging-market equities,36.117477,67647000
2022-06-13,EFA,Developed international equities,55.682697,54218000
2022-06-13,EWC,Canadian equities,32.282711,11794900
2022-06-13,GLD,Gold,169.929993,13265200
2022-06-13,SPY,US equities,353.940735,170004900
2022-06-14,AGG,US aggregate bonds,85.541908,10943400
2022-06-14,EEM,Emerging-market equities,36.617973,58868400
2022-06-14,EFA,Developed international equities,55.157471,38601700
2022-06-14,EWC,Canadian equities,31.895323,5967900
2022-06-14,GLD,Gold,168.570007,7347900
2022-06-14,SPY,US equities,352.874268,104011800
2022-06-15,AGG,US aggregate bonds,86.492287,10979000
2022-06-15,EEM,Emerging-market equities,37.100266,67577900
2022-06-15,EFA,Developed international equities,56.190117,37790700
2022-06-15,EWC,Canadian equities,32.181255,7744600
2022-06-15,GLD,Gold,170.770004,9000300
2022-06-15,SPY,US equities,357.904999,125666800
2022-06-16,AGG,US aggregate bonds,86.699654,9329900
2022-06-16,EEM,Emerging-market equities,35.962780,68035800
2022-06-16,EFA,Developed international equities,54.952721,38025300
2022-06-16,EWC,Canadian equities,31.074421,7373400
2022-06-16,GLD,Gold,172.690002,8823600
2022-06-16,SPY,US equities,346.059723,134473300
2022-06-17,AGG,US aggregate bonds,86.690971,9892200
2022-06-17,EEM,Emerging-market equities,36.099285,63646300
2022-06-17,EFA,Developed international equities,54.730167,43097500
2022-06-17,EWC,Canadian equities,30.723923,5507900
2022-06-17,GLD,Gold,171.270004,7407200
2022-06-17,SPY,US equities,346.805695,111113900
2022-06-21,AGG,US aggregate bonds,86.345398,9022500
2022-06-21,EEM,Emerging-market equities,36.681671,35943900
2022-06-21,EFA,Developed international equities,55.558075,31891400
2022-06-21,EWC,Canadian equities,31.572498,4842900
2022-06-21,GLD,Gold,170.630005,5608500
2022-06-21,SPY,US equities,355.536011,76811900
2022-06-22,AGG,US aggregate bonds,87.079796,9437000
2022-06-22,EEM,Emerging-market equities,36.026482,41337900
2022-06-22,EFA,Developed international equities,55.184177,30368200
2022-06-22,EWC,Canadian equities,31.092865,5588900
2022-06-22,GLD,Gold,171.309998,6558700
2022-06-22,SPY,US equities,354.891510,90059400
2022-06-23,AGG,US aggregate bonds,87.442642,7773900
2022-06-23,EEM,Emerging-market equities,36.135677,44261600
2022-06-23,EFA,Developed international equities,55.121864,26482500
2022-06-23,EWC,Canadian equities,30.493332,9456800
2022-06-23,GLD,Gold,170.259995,6535300
2022-06-23,SPY,US equities,358.370392,79292100
2022-06-24,AGG,US aggregate bonds,87.304413,7389600
2022-06-24,EEM,Emerging-market equities,36.991074,41176300
2022-06-24,EFA,Developed international equities,56.768757,31235000
2022-06-24,EWC,Canadian equities,31.295788,7080600
2022-06-24,GLD,Gold,170.089996,6143100
2022-06-24,SPY,US equities,369.764282,98050300
2022-06-27,AGG,US aggregate bonds,86.915611,8319700
2022-06-27,EEM,Emerging-market equities,37.036572,27076400
2022-06-27,EFA,Developed international equities,56.528397,20987600
2022-06-27,EWC,Canadian equities,31.673958,4911500
2022-06-27,GLD,Gold,169.899994,5719700
2022-06-27,SPY,US equities,368.351959,66009600
2022-06-28,AGG,US aggregate bonds,86.950188,6540000
2022-06-28,EEM,Emerging-market equities,36.809074,31095700
2022-06-28,EFA,Developed international equities,56.145611,19187400
2022-06-28,EWC,Canadian equities,31.627838,4516400
2022-06-28,GLD,Gold,169.619995,2982700
2022-06-28,SPY,US equities,360.825470,86548900
2022-06-29,AGG,US aggregate bonds,87.451309,7326500
2022-06-29,EEM,Emerging-market equities,36.663471,33969200
2022-06-29,EFA,Developed international equities,55.931961,18226800
2022-06-29,EWC,Canadian equities,31.351130,3858900
2022-06-29,GLD,Gold,169.490005,4785600
2022-06-29,SPY,US equities,360.531616,65676000
2022-06-30,AGG,US aggregate bonds,87.848709,7521300
2022-06-30,EEM,Emerging-market equities,36.490574,52233200
2022-06-30,EFA,Developed international equities,55.629288,37316200
2022-06-30,EWC,Canadian equities,31.065199,5817900
2022-06-30,GLD,Gold,168.460007,9144400
2022-06-30,SPY,US equities,357.602509,112508300
2022-07-01,AGG,US aggregate bonds,88.580994,7393100
2022-07-01,EEM,Emerging-market equities,36.263073,44010400
2022-07-01,EFA,Developed international equities,55.762817,26046600
2022-07-01,EWC,Canadian equities,31.397243,6846700
2022-07-01,GLD,Gold,168.320007,11380300
2022-07-01,SPY,US equities,361.384766,74839700
2022-07-05,AGG,US aggregate bonds,88.745453,6813100
2022-07-05,EEM,Emerging-market equities,35.980980,49452600
2022-07-05,EFA,Developed international equities,54.569931,30911300
2022-07-05,EWC,Canadian equities,30.622459,10921800
2022-07-05,GLD,Gold,164.750000,14035400
2022-07-05,SPY,US equities,362.067261,81438000
2022-07-06,AGG,US aggregate bonds,88.148201,6647700
2022-07-06,EEM,Emerging-market equities,35.762585,36060300
2022-07-06,EFA,Developed international equities,54.614437,18030000
2022-07-06,EWC,Canadian equities,30.456436,5765600
2022-07-06,GLD,Gold,162.139999,11861100
2022-07-06,SPY,US equities,363.290100,70426200
2022-07-07,AGG,US aggregate bonds,87.949120,8226500
2022-07-07,EEM,Emerging-market equities,36.481476,56831500
2022-07-07,EFA,Developed international equities,55.442345,17215100
2022-07-07,EWC,Canadian equities,31.138987,8046500
2022-07-07,GLD,Gold,162.229996,4588400
2022-07-07,SPY,US equities,368.731110,64525900
2022-07-08,AGG,US aggregate bonds,87.620216,5270100
2022-07-08,EEM,Emerging-market equities,36.481476,20993400
2022-07-08,EFA,Developed international equities,55.504650,13135200
2022-07-08,EWC,Canadian equities,31.129765,2495800
2022-07-08,GLD,Gold,162.300003,4584100
2022-07-08,SPY,US equities,368.427826,72397800
2022-07-11,AGG,US aggregate bonds,88.027031,5758400
2022-07-11,EEM,Emerging-market equities,35.507790,52682500
2022-07-11,EFA,Developed international equities,54.605545,15757900
2022-07-11,EWC,Canadian equities,30.687029,3873300
2022-07-11,GLD,Gold,161.429993,4321700
2022-07-11,SPY,US equities,364.219055,58366900
2022-07-12,AGG,US aggregate bonds,88.148201,6690500
2022-07-12,EEM,Emerging-market equities,35.371288,24669600
2022-07-12,EFA,Developed international equities,54.596638,16350500
2022-07-12,EWC,Canadian equities,30.437994,5545100
2022-07-12,GLD,Gold,160.830002,5375100
2022-07-12,SPY,US equities,360.996063,62219200
2022-07-13,AGG,US aggregate bonds,88.468445,6534700
2022-07-13,EEM,Emerging-market equities,35.289391,39435300
2022-07-13,EFA,Developed international equities,54.569931,17907500
2022-07-13,EWC,Canadian equities,30.447210,7778700
2022-07-13,GLD,Gold,161.600006,8456600
2022-07-13,SPY,US equities,359.100250,84224600
2022-07-14,AGG,US aggregate bonds,88.156837,6233300
2022-07-14,EEM,Emerging-market equities,34.970894,43245400
2022-07-14,EFA,Developed international equities,53.804348,25329100
2022-07-14,EWC,Canadian equities,29.561745,5545200
2022-07-14,GLD,Gold,159.330002,12213600
2022-07-14,SPY,US equities,358.228119,89704800
2022-07-15,AGG,US aggregate bonds,88.503105,8640400
2022-07-15,EEM,Emerging-market equities,35.152889,44468400
2022-07-15,EFA,Developed international equities,54.658955,28570100
2022-07-15,EWC,Canadian equities,29.875343,3981600
2022-07-15,GLD,Gold,159.009995,6783800
2022-07-15,SPY,US equities,365.072174,79060400
2022-07-18,AGG,US aggregate bonds,88.217445,6006400
2022-07-18,EEM,Emerging-market equities,35.398582,38982900
2022-07-18,EFA,Developed international equities,54.881504,23785600
2022-07-18,EWC,Canadian equities,30.336527,3194100
2022-07-18,GLD,Gold,159.160004,5791800
2022-07-18,SPY,US equities,362.057831,63203600
2022-07-19,AGG,US aggregate bonds,88.096260,5936200
2022-07-19,EEM,Emerging-market equities,35.980980,33006200
2022-07-19,EFA,Developed international equities,56.377068,25474500
2022-07-19,EWC,Canadian equities,31.138987,3336200
2022-07-19,GLD,Gold,159.539993,3796200
2022-07-19,SPY,US equities,371.840302,78506000
2022-07-20,AGG,US aggregate bonds,88.035683,6124000
2022-07-20,EEM,Emerging-market equities,35.826283,38969800
2022-07-20,EFA,Developed international equities,56.003170,18738200
2022-07-20,EWC,Canadian equities,31.258892,3778000
2022-07-20,GLD,Gold,158.039993,4795800
2022-07-20,SPY,US equities,374.210083,71843800
2022-07-21,AGG,US aggregate bonds,88.771400,5920000
2022-07-21,EEM,Emerging-market equities,36.235775,36814900
2022-07-21,EFA,Developed international equities,56.581814,19165500
2022-07-21,EWC,Canadian equities,31.323462,2411600
2022-07-21,GLD,Gold,160.270004,5863300
2022-07-21,SPY,US equities,378.020721,64903900
2022-07-22,AGG,US aggregate bonds,89.463829,7323100
2022-07-22,EEM,Emerging-market equities,35.871780,25611800
2022-07-22,EFA,Developed international equities,56.439381,18771500
2022-07-22,EWC,Canadian equities,31.111313,1943600
2022-07-22,GLD,Gold,160.669998,5733800
2022-07-22,SPY,US equities,374.513428,72197300
2022-07-25,AGG,US aggregate bonds,89.134918,3729500
2022-07-25,EEM,Emerging-market equities,35.999184,21653200
2022-07-25,EFA,Developed international equities,56.875580,17451300
2022-07-25,EWC,Canadian equities,31.535599,3233300
2022-07-25,GLD,Gold,160.229996,3713400
2022-07-25,SPY,US equities,374.968384,53631500
2022-07-26,AGG,US aggregate bonds,89.117622,6312200
2022-07-26,EEM,Emerging-market equities,35.717079,22891400
2022-07-26,EFA,Developed international equities,56.083294,11610000
2022-07-26,EWC,Canadian equities,31.148209,1987600
2022-07-26,GLD,Gold,160.039993,2672800
2022-07-26,SPY,US equities,370.532135,52946400
2022-07-27,AGG,US aggregate bonds,89.429214,5431400
2022-07-27,EEM,Emerging-market equities,36.381374,37678900
2022-07-27,EFA,Developed international equities,57.409706,20945500
2022-07-27,EWC,Canadian equities,31.867649,4735100
2022-07-27,GLD,Gold,161.669998,5766100
2022-07-27,SPY,US equities,380.153595,82342100
2022-07-28,AGG,US aggregate bonds,90.069733,6473800
2022-07-28,EEM,Emerging-market equities,36.536076,37796700
2022-07-28,EFA,Developed international equities,57.703476,19385400
2022-07-28,EWC,Canadian equities,32.153587,2496600
2022-07-28,GLD,Gold,163.639999,5606400
2022-07-28,SPY,US equities,384.921631,73966600
2022-07-29,AGG,US aggregate bonds,90.078384,7674600
2022-07-29,EEM,Emerging-market equities,36.363174,54050700
2022-07-29,EFA,Developed international equities,58.504665,23958000
2022-07-29,EWC,Canadian equities,32.568649,3522300
2022-07-29,GLD,Gold,164.100006,7537300
2022-07-29,SPY,US equities,390.533234,87003700
2022-08-01,AGG,US aggregate bonds,90.390602,7733700
2022-08-01,EEM,Emerging-market equities,36.053772,34808000
2022-08-01,EFA,Developed international equities,58.584789,19450500
2022-08-01,EWC,Canadian equities,32.245819,4159200
2022-08-01,GLD,Gold,165.029999,4666900
2022-08-01,SPY,US equities,389.376770,69997500
2022-08-02,AGG,US aggregate bonds,89.462677,6869400
2022-08-02,EEM,Emerging-market equities,35.880886,41014300
2022-08-02,EFA,Developed international equities,57.650070,17857700
2022-08-02,EWC,Canadian equities,32.061348,2584100
2022-08-02,GLD,Gold,164.050003,5725400
2022-08-02,SPY,US equities,386.807953,63435400
2022-08-03,AGG,US aggregate bonds,89.861626,6261700
2022-08-03,EEM,Emerging-market equities,36.162983,34939500
2022-08-03,EFA,Developed international equities,57.988350,16011100
2022-08-03,EWC,Canadian equities,32.255051,1601200
2022-08-03,GLD,Gold,164.449997,4417800
2022-08-03,SPY,US equities,392.865173,67820600
2022-08-04,AGG,US aggregate bonds,90.078392,5199700
2022-08-04,EEM,Emerging-market equities,36.417778,31865200
2022-08-04,EFA,Developed international equities,58.282116,15153600
2022-08-04,EWC,Canadian equities,32.227371,1315300
2022-08-04,GLD,Gold,167.169998,5502000
2022-08-04,SPY,US equities,392.599762,45656600
2022-08-05,AGG,US aggregate bonds,89.072418,4847100
2022-08-05,EEM,Emerging-market equities,36.454174,28488300
2022-08-05,EFA,Developed international equities,57.872623,15130400
2022-08-05,EWC,Canadian equities,32.061348,2397700
2022-08-05,GLD,Gold,165.289993,6023300
2022-08-05,SPY,US equities,391.936218,56814900
2022-08-08,AGG,US aggregate bonds,89.480011,3425000
2022-08-08,EEM,Emerging-market equities,36.499676,39087300
2022-08-08,EFA,Developed international equities,58.006153,12069100
2022-08-08,EWC,Canadian equities,32.338055,2210500
2022-08-08,GLD,Gold,166.690002,3456300
2022-08-08,SPY,US equities,391.481140,53886100
2022-08-09,AGG,US aggregate bonds,89.280556,3854000
2022-08-09,EEM,Emerging-market equities,36.363174,22828600
2022-08-09,EFA,Developed international equities,57.694576,10867800
2022-08-09,EWC,Canadian equities,32.116688,1550500
2022-08-09,GLD,Gold,167.199997,3205500
2022-08-09,SPY,US equities,389.926605,44931800
2022-08-10,AGG,US aggregate bonds,89.506020,7156200
2022-08-10,EEM,Emerging-market equities,36.818172,27028200
2022-08-10,EFA,Developed international equities,58.994278,16870800
2022-08-10,EWC,Canadian equities,32.919151,3227600
2022-08-10,GLD,Gold,166.779999,4077300
2022-08-10,SPY,US equities,398.116608,68665700
2022-08-11,AGG,US aggregate bonds,89.029045,8518200
2022-08-11,EEM,Emerging-market equities,36.963772,39235300
2022-08-11,EFA,Developed international equities,58.976482,11539400
2022-08-11,EWC,Canadian equities,33.103619,2234700
2022-08-11,GLD,Gold,166.339996,4446000
2022-08-11,SPY,US equities,398.116608,59489700
2022-08-12,AGG,US aggregate bonds,89.427994,3643400
2022-08-12,EEM,Emerging-market equities,37.355068,24877900
2022-08-12,EFA,Developed international equities,59.430489,13680300
2022-08-12,EWC,Canadian equities,33.426449,890700
2022-08-12,GLD,Gold,167.869995,5151700
2022-08-12,SPY,US equities,404.856323,61694500
2022-08-15,AGG,US aggregate bonds,89.540695,3782900
2022-08-15,EEM,Emerging-market equities,37.182167,29734500
2022-08-15,EFA,Developed international equities,59.074402,15733100
2022-08-15,EWC,Canadian equities,33.066723,3512400
2022-08-15,GLD,Gold,165.710007,5236100
2022-08-15,SPY,US equities,406.524689,54048300
2022-08-16,AGG,US aggregate bonds,89.410622,4976100
2022-08-16,EEM,Emerging-market equities,37.173065,20907000
2022-08-16,EFA,Developed international equities,59.056595,13497100
2022-08-16,EWC,Canadian equities,33.444889,2663500
2022-08-16,GLD,Gold,165.419998,4291500
2022-08-16,SPY,US equities,407.320892,59289000
2022-08-17,AGG,US aggregate bonds,88.881622,7222300
2022-08-17,EEM,Emerging-market equities,37.018372,34206700
2022-08-17,EFA,Developed international equities,58.584789,14822100
2022-08-17,EWC,Canadian equities,33.094402,2252900
2022-08-17,GLD,Gold,164.350006,5569100
2022-08-17,SPY,US equities,404.429718,63563400
2022-08-18,AGG,US aggregate bonds,89.072418,4260600
2022-08-18,EEM,Emerging-market equities,36.809074,30611900
2022-08-18,EFA,Developed international equities,58.388939,14303900
2022-08-18,EWC,Canadian equities,33.186626,1345700
2022-08-18,GLD,Gold,163.919998,3646100
2022-08-18,SPY,US equities,405.605194,49023200
2022-08-19,AGG,US aggregate bonds,88.448029,4575500
2022-08-19,EEM,Emerging-market equities,36.308582,36042800
2022-08-19,EFA,Developed international equities,57.587749,20257600
2022-08-19,EWC,Canadian equities,32.771568,2200800
2022-08-19,GLD,Gold,162.720001,8173000
2022-08-19,SPY,US equities,400.154724,68016900
2022-08-22,AGG,US aggregate bonds,88.066444,7133200
2022-08-22,EEM,Emerging-market equities,35.990082,26934100
2022-08-22,EFA,Developed international equities,56.608517,20062200
2022-08-22,EWC,Canadian equities,32.430298,2231000
2022-08-22,GLD,Gold,161.639999,4458100
2022-08-22,SPY,US equities,391.822357,77695600
2022-08-23,AGG,US aggregate bonds,88.031746,7369600
2022-08-23,EEM,Emerging-market equities,36.181179,33028200
2022-08-23,EFA,Developed international equities,56.635227,19101400
2022-08-23,EWC,Canadian equities,32.688557,3160500
2022-08-23,GLD,Gold,162.770004,4425100
2022-08-23,SPY,US equities,390.874542,49105200
2022-08-24,AGG,US aggregate bonds,87.797592,6318900
2022-08-24,EEM,Emerging-market equities,36.172077,23561600
2022-08-24,EFA,Developed international equities,56.706440,12086600
2022-08-24,EWC,Canadian equities,32.660885,1788200
2022-08-24,GLD,Gold,163.250000,3202400
2022-08-24,SPY,US equities,392.125793,49177800
2022-08-25,AGG,US aggregate bonds,88.283257,8217300
2022-08-25,EEM,Emerging-market equities,36.954674,44653100
2022-08-25,EFA,Developed international equities,57.329594,13980500
2022-08-25,EWC,Canadian equities,33.039062,2048700
2022-08-25,GLD,Gold,163.750000,2857500
2022-08-25,SPY,US equities,397.661682,50942300
2022-08-26,AGG,US aggregate bonds,88.118469,5584800
2022-08-26,EEM,Emerging-market equities,36.408676,41080900
2022-08-26,EFA,Developed international equities,55.825127,19338300
2022-08-26,EWC,Canadian equities,32.245819,3299600
2022-08-26,GLD,Gold,161.759995,6689300
2022-08-26,SPY,US equities,384.201141,103087000
2022-08-29,AGG,US aggregate bonds,87.693542,7509000
2022-08-29,EEM,Emerging-market equities,36.181179,22689800
2022-08-29,EFA,Developed international equities,55.700508,16199700
2022-08-29,EWC,Canadian equities,32.264271,2543100
2022-08-29,GLD,Gold,161.860001,4702300
2022-08-29,SPY,US equities,381.660767,65370800
2022-08-30,AGG,US aggregate bonds,87.806267,6573600
2022-08-30,EEM,Emerging-market equities,35.753487,34508600
2022-08-30,EFA,Developed international equities,55.299904,24907400
2022-08-30,EWC,Canadian equities,31.480261,3431600
2022-08-30,GLD,Gold,160.509995,4856600
2022-08-30,SPY,US equities,377.470917,85652400
2022-08-31,AGG,US aggregate bonds,87.337959,6116500
2022-08-31,EEM,Emerging-market equities,35.880886,37142200
2022-08-31,EFA,Developed international equities,54.926022,32178200
2022-08-31,EWC,Canadian equities,31.074421,4984600
2022-08-31,GLD,Gold,159.270004,5438600
2022-08-31,SPY,US equities,374.598694,76029700
2022-09-01,AGG,US aggregate bonds,86.959099,8961600
2022-09-01,EEM,Emerging-market equities,35.598785,38353400
2022-09-01,EFA,Developed international equities,54.187145,33526300
2022-09-01,EWC,Canadian equities,30.770039,4932300
2022-09-01,GLD,Gold,157.869995,7390800
2022-09-01,SPY,US equities,375.774139,78740100
2022-09-02,AGG,US aggregate bonds,87.211082,5966800
2022-09-02,EEM,Emerging-market equities,35.271187,35916900
2022-09-02,EFA,Developed international equities,53.831059,28234000
2022-09-02,EWC,Canadian equities,31.046743,3649100
2022-09-02,GLD,Gold,159.259995,5196900
2022-09-02,SPY,US equities,371.811890,99632100
2022-09-06,AGG,US aggregate bonds,86.394234,5341300
2022-09-06,EEM,Emerging-market equities,34.852592,50091500
2022-09-06,EFA,Developed international equities,53.697525,21862300
2022-09-06,EWC,Canadian equities,30.696249,4016100
2022-09-06,GLD,Gold,158.330002,4863800
2022-09-06,SPY,US equities,370.408966,76637400
2022-09-07,AGG,US aggregate bonds,86.993858,3607100
2022-09-07,EEM,Emerging-market equities,35.161991,39074600
2022-09-07,EFA,Developed international equities,54.169338,21289000
2022-09-07,EWC,Canadian equities,31.055969,4531600
2022-09-07,GLD,Gold,159.940002,3981400
2022-09-07,SPY,US equities,377.063324,70964200
2022-09-08,AGG,US aggregate bonds,86.715797,5546200
2022-09-08,EEM,Emerging-market equities,34.970894,55415100
2022-09-08,EFA,Developed international equities,54.204941,17589900
2022-09-08,EWC,Canadian equities,31.397243,2495700
2022-09-08,GLD,Gold,158.979996,4607100
2022-09-08,SPY,US equities,379.527954,80821700
2022-09-09,AGG,US aggregate bonds,86.707092,7496100
2022-09-09,EEM,Emerging-market equities,35.489590,26119600
2022-09-09,EFA,Developed international equities,55.584774,22655100
2022-09-09,EWC,Canadian equities,32.181255,3552100
2022-09-09,GLD,Gold,159.820007,3927800
2022-09-09,SPY,US equities,385.423950,76706900
2022-09-12,AGG,US aggregate bonds,86.576714,8535500
2022-09-12,EEM,Emerging-market equities,36.017380,41791000
2022-09-12,EFA,Developed international equities,56.359261,22338600
2022-09-12,EWC,Canadian equities,32.633213,2445400
2022-09-12,GLD,Gold,160.630005,4537500
2022-09-12,SPY,US equities,389.566376,69256300
2022-09-13,AGG,US aggregate bonds,86.090141,4957400
2022-09-13,EEM,Emerging-market equities,34.907196,44191300
2022-09-13,EFA,Developed international equities,54.400791,26513900
2022-09-13,EWC,Canadian equities,31.600164,4710400
2022-09-13,GLD,Gold,158.539993,6526400
2022-09-13,SPY,US equities,372.627075,122947100
2022-09-14,AGG,US aggregate bonds,86.203087,7557300
2022-09-14,EEM,Emerging-market equities,35.080093,37146200
2022-09-14,EFA,Developed international equities,54.578838,19052800
2022-09-14,EWC,Canadian equities,31.766193,2963600
2022-09-14,GLD,Gold,157.929993,6091100
2022-09-14,SPY,US equities,374.049011,85023700
2022-09-15,AGG,US aggregate bonds,85.942352,6016600
2022-09-15,EEM,Emerging-market equities,34.706997,47618900
2022-09-15,EFA,Developed international equities,54.098114,23181900
2022-09-15,EWC,Canadian equities,31.341902,2779300
2022-09-15,GLD,Gold,154.979996,13181200
2022-09-15,SPY,US equities,369.802307,87633800
2022-09-16,AGG,US aggregate bonds,85.881561,6965400
2022-09-16,EEM,Emerging-market equities,34.388496,67125000
2022-09-16,EFA,Developed international equities,53.768749,31914300
2022-09-16,EWC,Canadian equities,30.954512,3537300
2022-09-16,GLD,Gold,155.839996,7141200
2022-09-16,SPY,US equities,366.981049,103084800
2022-09-19,AGG,US aggregate bonds,85.751221,5982200
2022-09-19,EEM,Emerging-market equities,34.497696,33531700
2022-09-19,EFA,Developed international equities,53.955685,19597500
2022-09-19,EWC,Canadian equities,31.332680,1315500
2022-09-19,GLD,Gold,155.960007,5582800
2022-09-19,SPY,US equities,369.826996,73278500
2022-09-20,AGG,US aggregate bonds,85.368843,11271700
2022-09-20,EEM,Emerging-market equities,34.306602,36967300
2022-09-20,EFA,Developed international equities,53.038773,23429600
2022-09-20,EWC,Canadian equities,30.742369,2627400
2022-09-20,GLD,Gold,155.070007,5943700
2022-09-20,SPY,US equities,365.581879,77274900
2022-09-21,AGG,US aggregate bonds,85.638237,7094400
2022-09-21,EEM,Emerging-market equities,33.733307,62370500
2022-09-21,EFA,Developed international equities,52.344402,22678800
2022-09-21,EWC,Canadian equities,30.216618,3972300
2022-09-21,GLD,Gold,155.789993,7816100
2022-09-21,SPY,US equities,359.204773,106746600
2022-09-22,AGG,US aggregate bonds,84.725800,7092400
2022-09-22,EEM,Emerging-market equities,33.569508,41989200
2022-09-22,EFA,Developed international equities,52.193073,25400900
2022-09-22,EWC,Canadian equities,29.866123,2096200
2022-09-22,GLD,Gold,155.699997,5975200
2022-09-22,SPY,US equities,356.187531,89472600
2022-09-23,AGG,US aggregate bonds,84.465096,11059300
2022-09-23,EEM,Emerging-market equities,32.741417,49807100
2022-09-23,EFA,Developed international equities,50.528374,33958900
2022-09-23,EWC,Canadian equities,28.869970,5337100
2022-09-23,GLD,Gold,153.009995,9598000
2022-09-23,SPY,US equities,350.219666,122346900
2022-09-26,AGG,US aggregate bonds,83.378876,9009900
2022-09-26,EEM,Emerging-market equities,32.341022,53011900
2022-09-26,EFA,Developed international equities,49.780598,41892400
2022-09-26,EWC,Canadian equities,28.344225,3460000
2022-09-26,GLD,Gold,151.229996,8240500
2022-09-26,SPY,US equities,346.755066,92581200
2022-09-27,AGG,US aggregate bonds,83.022614,11440200
2022-09-27,EEM,Emerging-market equities,32.304623,47114100
2022-09-27,EFA,Developed international equities,49.442314,38742700
2022-09-27,EWC,Canadian equities,28.334999,5023200
2022-09-27,GLD,Gold,151.539993,7151300
2022-09-27,SPY,US equities,345.869843,108294100
2022-09-28,AGG,US aggregate bonds,84.360840,10539800
2022-09-28,EEM,Emerging-market equities,32.586723,49946800
2022-09-28,EFA,Developed international equities,50.635197,35116000
2022-09-28,EWC,Canadian equities,29.091341,3989700
2022-09-28,GLD,Gold,154.690002,8977200
2022-09-28,SPY,US equities,352.675385,110802200
2022-09-29,AGG,US aggregate bonds,83.917625,8666100
2022-09-29,EEM,Emerging-market equities,31.858727,43114100
2022-09-29,EFA,Developed international equities,50.038761,30971600
2022-09-29,EWC,Canadian equities,28.667053,2991700
2022-09-29,GLD,Gold,154.660004,6317000
2022-09-29,SPY,US equities,345.308319,112952300
2022-09-30,AGG,US aggregate bonds,83.717758,14376300
2022-09-30,EEM,Emerging-market equities,31.740427,50082400
2022-09-30,EFA,Developed international equities,49.860714,38527600
2022-09-30,EWC,Canadian equities,28.371897,3950500
2022-09-30,GLD,Gold,154.669998,6832400
2022-09-30,SPY,US equities,339.968628,153711200
2022-10-03,AGG,US aggregate bonds,84.397957,9617900
2022-10-03,EEM,Emerging-market equities,32.259125,41489700
2022-10-03,EFA,Developed international equities,50.848850,37451600
2022-10-03,EWC,Canadian equities,29.441839,5782200
2022-10-03,GLD,Gold,158.429993,10362200
2022-10-03,SPY,US equities,348.944244,89756500
2022-10-04,AGG,US aggregate bonds,84.624374,6964200
2022-10-04,EEM,Emerging-market equities,33.314716,51598600
2022-10-04,EFA,Developed international equities,52.887432,32480200
2022-10-04,EWC,Canadian equities,30.474882,3612900
2022-10-04,GLD,Gold,160.699997,8024500
2022-10-04,SPY,US equities,359.756805,103602800
2022-10-05,AGG,US aggregate bonds,84.180244,9512800
2022-10-05,EEM,Emerging-market equities,33.332912,30037200
2022-10-05,EFA,Developed international equities,52.326599,28550700
2022-10-05,EWC,Canadian equities,30.013699,2157700
2022-10-05,GLD,Gold,159.809998,5296300
2022-10-05,SPY,US equities,358.919189,88065700
2022-10-06,AGG,US aggregate bonds,83.849297,5625100
2022-10-06,EEM,Emerging-market equities,33.132713,29747200
2022-10-06,EFA,Developed international equities,51.409683,28668800
2022-10-06,EWC,Canadian equities,29.312708,2916400
2022-10-06,GLD,Gold,159.630005,5712600
2022-10-06,SPY,US equities,355.216675,82333500
2022-10-07,AGG,US aggregate bonds,83.405144,6149600
2022-10-07,EEM,Emerging-market equities,32.441124,35957400
2022-10-07,EFA,Developed international equities,50.590694,22200000
2022-10-07,EWC,Canadian equities,28.750065,2361900
2022-10-07,GLD,Gold,157.880005,5030000
2022-10-07,SPY,US equities,345.308319,107789500
2022-10-10,AGG,US aggregate bonds,83.030632,4074700
2022-10-10,EEM,Emerging-market equities,31.986130,31109900
2022-10-10,EFA,Developed international equities,50.305824,26510200
2022-10-10,EWC,Canadian equities,28.464130,3665200
2022-10-10,GLD,Gold,155.479996,6110800
2022-10-10,SPY,US equities,342.671753,76042800
2022-10-11,AGG,US aggregate bonds,83.082924,8892800
2022-10-11,EEM,Emerging-market equities,31.476530,46679000
2022-10-11,EFA,Developed international equities,49.753895,26577200
2022-10-11,EWC,Canadian equities,28.076740,2555500
2022-10-11,GLD,Gold,155.160004,5306700
2022-10-11,SPY,US equities,340.501587,92482800
2022-10-12,AGG,US aggregate bonds,83.152603,5651200
2022-10-12,EEM,Emerging-market equities,31.512936,42471500
2022-10-12,EFA,Developed international equities,49.593651,24455800
2022-10-12,EWC,Canadian equities,27.993727,2007300
2022-10-12,GLD,Gold,155.990005,3998500
2022-10-12,SPY,US equities,339.378510,76991800
2022-10-13,AGG,US aggregate bonds,82.891319,6254400
2022-10-13,EEM,Emerging-market equities,31.603937,51431200
2022-10-13,EFA,Developed international equities,50.617397,48010100
2022-10-13,EWC,Canadian equities,28.786959,6093000
2022-10-13,GLD,Gold,154.910004,7083800
2022-10-13,SPY,US equities,348.335083,147254500
2022-10-14,AGG,US aggregate bonds,82.438454,8580700
2022-10-14,EEM,Emerging-market equities,31.130741,33384600
2022-10-14,EFA,Developed international equities,49.860714,28145900
2022-10-14,EWC,Canadian equities,28.104410,3104800
2022-10-14,GLD,Gold,152.979996,5471900
2022-10-14,SPY,US equities,340.396912,123737000
2022-10-17,AGG,US aggregate bonds,82.612625,5460600
2022-10-17,EEM,Emerging-market equities,31.986130,51122100
2022-10-17,EFA,Developed international equities,51.089207,32731000
2022-10-17,EWC,Canadian equities,28.860750,2225900
2022-10-17,GLD,Gold,153.419998,4348000
2022-10-17,SPY,US equities,349.144165,93168200
2022-10-18,AGG,US aggregate bonds,82.751968,6389100
2022-10-18,EEM,Emerging-market equities,31.995230,33911100
2022-10-18,EFA,Developed international equities,51.454189,26876700
2022-10-18,EWC,Canadian equities,29.119009,2561900
2022-10-18,GLD,Gold,153.750000,4528400
2022-10-18,SPY,US equities,353.246460,97162900
2022-10-19,AGG,US aggregate bonds,82.037849,6316100
2022-10-19,EEM,Emerging-market equities,31.412832,31393700
2022-10-19,EFA,Developed international equities,50.822147,22958200
2022-10-19,EWC,Canadian equities,28.897640,3031900
2022-10-19,GLD,Gold,151.690002,8257100
2022-10-19,SPY,US equities,350.743103,79746900
2022-10-20,AGG,US aggregate bonds,81.541405,9012900
2022-10-20,EEM,Emerging-market equities,31.613031,44240000
2022-10-20,EFA,Developed international equities,50.706413,25989700
2022-10-20,EWC,Canadian equities,28.750065,1767800
2022-10-20,GLD,Gold,151.449997,5019800
2022-10-20,SPY,US equities,347.802063,88283100
2022-10-21,AGG,US aggregate bonds,81.663368,8371100
2022-10-21,EEM,Emerging-market equities,32.095325,43879500
2022-10-21,EFA,Developed international equities,51.623337,37761800
2022-10-21,EWC,Canadian equities,29.478735,2593400
2022-10-21,GLD,Gold,154.149994,6898400
2022-10-21,SPY,US equities,356.254181,131038400
2022-10-24,AGG,US aggregate bonds,81.550117,6090400
2022-10-24,EEM,Emerging-market equities,30.875940,55046000
2022-10-24,EFA,Developed international equities,51.632236,20327600
2022-10-24,EWC,Canadian equities,29.414167,2422300
2022-10-24,GLD,Gold,153.649994,4673300
2022-10-24,SPY,US equities,360.613464,85436900
2022-10-25,AGG,US aggregate bonds,82.351357,11710400
2022-10-25,EEM,Emerging-market equities,31.130741,31871500
2022-10-25,EFA,Developed international equities,52.771702,21583300
2022-10-25,EWC,Canadian equities,29.912245,1930700
2022-10-25,GLD,Gold,154.000000,3434100
2022-10-25,SPY,US equities,366.371948,78846300
2022-10-26,AGG,US aggregate bonds,82.717140,7884100
2022-10-26,EEM,Emerging-market equities,31.640331,37973800
2022-10-26,EFA,Developed international equities,53.270226,27095500
2022-10-26,EWC,Canadian equities,30.299635,3582600
2022-10-26,GLD,Gold,154.979996,4448200
2022-10-26,SPY,US equities,363.611664,104087300
2022-10-27,AGG,US aggregate bonds,83.135162,6913500
2022-10-27,EEM,Emerging-market equities,31.394636,34227600
2022-10-27,EFA,Developed international equities,52.771702,20349600
2022-10-27,EWC,Canadian equities,30.428770,3376100
2022-10-27,GLD,Gold,154.740005,3654900
2022-10-27,SPY,US equities,361.670044,81971800
2022-10-28,AGG,US aggregate bonds,82.926125,6229200
2022-10-28,EEM,Emerging-market equities,31.203537,46296700
2022-10-28,EFA,Developed international equities,53.296932,19235500
2022-10-28,EWC,Canadian equities,30.548674,1819900
2022-10-28,GLD,Gold,153.160004,4645400
2022-10-28,SPY,US equities,370.274414,100302000
2022-10-31,AGG,US aggregate bonds,82.647476,10946400
2022-10-31,EEM,Emerging-market equities,31.112537,44107400
2022-10-31,EFA,Developed international equities,52.798416,27032700
2022-10-31,EWC,Canadian equities,30.465656,3183800
2022-10-31,GLD,Gold,151.910004,6097800
2022-10-31,SPY,US equities,367.599792,96631300
2022-11-01,AGG,US aggregate bonds,82.801079,8096800
2022-11-01,EEM,Emerging-market equities,31.685835,50932800
2022-11-01,EFA,Developed international equities,53.216812,42687000
2022-11-01,EWC,Canadian equities,30.585564,4045600
2022-11-01,GLD,Gold,153.460007,4603600
2022-11-01,SPY,US equities,365.991150,85407600
2022-11-02,AGG,US aggregate bonds,82.661415,8584100
2022-11-02,EEM,Emerging-market equities,31.421930,47639100
2022-11-02,EFA,Developed international equities,52.442329,30497700
2022-11-02,EWC,Canadian equities,30.022923,3385600
2022-11-02,GLD,Gold,152.389999,7210900
2022-11-02,SPY,US equities,356.806213,126990400
2022-11-03,AGG,US aggregate bonds,82.355904,9314800
2022-11-03,EEM,Emerging-market equities,31.603937,38319300
2022-11-03,EFA,Developed international equities,51.997227,23604200
2022-11-03,EWC,Canadian equities,29.829227,1970100
2022-11-03,GLD,Gold,151.809998,5378800
2022-11-03,SPY,US equities,353.132202,87100100
2022-11-04,AGG,US aggregate bonds,82.347176,6918300
2022-11-04,EEM,Emerging-market equities,32.941616,70533600
2022-11-04,EFA,Developed international equities,54.080315,33756400
2022-11-04,EWC,Canadian equities,30.760811,3568900
2022-11-04,GLD,Gold,156.470001,7692000
2022-11-04,SPY,US equities,358.214905,103505200
2022-11-07,AGG,US aggregate bonds,82.085327,7597200
2022-11-07,EEM,Emerging-market equities,32.959816,38404800
2022-11-07,EFA,Developed international equities,54.249454,19904600
2022-11-07,EWC,Canadian equities,30.871504,1516600
2022-11-07,GLD,Gold,155.850006,4425700
2022-11-07,SPY,US equities,361.641449,68286900
2022-11-08,AGG,US aggregate bonds,82.434486,5834900
2022-11-08,EEM,Emerging-market equities,33.196415,36282400
2022-11-08,EFA,Developed international equities,54.863705,19882900
2022-11-08,EWC,Canadian equities,31.185108,2841900
2022-11-08,GLD,Gold,159.449997,11299600
2022-11-08,SPY,US equities,363.592590,84641100
2022-11-09,AGG,US aggregate bonds,82.530518,6694200
2022-11-09,EEM,Emerging-market equities,32.623119,34148700
2022-11-09,EFA,Developed international equities,54.098114,22418600
2022-11-09,EWC,Canadian equities,30.456436,9192900
2022-11-09,GLD,Gold,158.649994,6040600
2022-11-09,SPY,US equities,356.101868,78495500
2022-11-10,AGG,US aggregate bonds,84.302429,8494800
2022-11-10,EEM,Emerging-market equities,33.806107,53986900
2022-11-10,EFA,Developed international equities,57.133743,29640900
2022-11-10,EWC,Canadian equities,31.996786,6175300
2022-11-10,GLD,Gold,163.479996,9939900
2022-11-10,SPY,US equities,375.671143,141455800
2022-11-11,AGG,US aggregate bonds,84.241356,4953100
2022-11-11,EEM,Emerging-market equities,34.725201,52270400
2022-11-11,EFA,Developed international equities,58.273209,24071300
2022-11-11,EWC,Canadian equities,32.319611,3355800
2022-11-11,GLD,Gold,164.559998,4622400
2022-11-11,SPY,US equities,379.307068,93839900
2022-11-14,AGG,US aggregate bonds,84.005646,7457600
2022-11-14,EEM,Emerging-market equities,34.515903,42158100
2022-11-14,EFA,Developed international equities,57.658958,21599900
2022-11-14,EWC,Canadian equities,31.886097,2776000
2022-11-14,GLD,Gold,164.919998,6187600
2022-11-14,SPY,US equities,376.080444,71903500
2022-11-15,AGG,US aggregate bonds,84.625389,7962000
2022-11-15,EEM,Emerging-market equities,35.307590,77069300
2022-11-15,EFA,Developed international equities,58.041752,34956600
2022-11-15,EWC,Canadian equities,32.107464,3601100
2022-11-15,GLD,Gold,165.500000,9903500
2022-11-15,SPY,US equities,379.287994,93194500
2022-11-16,AGG,US aggregate bonds,85.149155,11075000
2022-11-16,EEM,Emerging-market equities,34.743401,49376500
2022-11-16,EFA,Developed international equities,57.908226,22730400
2022-11-16,EWC,Canadian equities,31.969116,2186700
2022-11-16,GLD,Gold,165.119995,3645800
2022-11-16,SPY,US equities,376.394501,68508500
2022-11-17,AGG,US aggregate bonds,84.791245,6889000
2022-11-17,EEM,Emerging-market equities,34.807095,56473600
2022-11-17,EFA,Developed international equities,57.881523,21271100
2022-11-17,EWC,Canadian equities,31.867649,2086900
2022-11-17,GLD,Gold,163.919998,4574400
2022-11-17,SPY,US equities,375.242798,74496300
2022-11-18,AGG,US aggregate bonds,84.669022,4714900
2022-11-18,EEM,Emerging-market equities,34.606895,45040200
2022-11-18,EFA,Developed international equities,57.997253,18431100
2022-11-18,EWC,Canadian equities,31.858427,5483100
2022-11-18,GLD,Gold,162.789993,4321100
2022-11-18,SPY,US equities,376.946564,92922500
2022-11-21,AGG,US aggregate bonds,84.616669,6829100
2022-11-21,EEM,Emerging-market equities,34.170101,29250900
2022-11-21,EFA,Developed international equities,57.561050,21877400
2022-11-21,EWC,Canadian equities,31.692402,1880200
2022-11-21,GLD,Gold,161.880005,4766500
2022-11-21,SPY,US equities,375.575989,51243200
2022-11-22,AGG,US aggregate bonds,85.053123,8039000
2022-11-22,EEM,Emerging-market equities,34.251999,33677500
2022-11-22,EFA,Developed international equities,58.362228,14698700
2022-11-22,EWC,Canadian equities,32.328835,3190500
2022-11-22,GLD,Gold,162.070007,3203800
2022-11-22,SPY,US equities,380.630096,60429000
2022-11-23,AGG,US aggregate bonds,85.559387,5885600
2022-11-23,EEM,Emerging-market equities,34.534100,43490300
2022-11-23,EFA,Developed international equities,59.003181,13400800
2022-11-23,EWC,Canadian equities,32.439518,2166800
2022-11-23,GLD,Gold,163.080002,4167000
2022-11-23,SPY,US equities,383.028656,68261600
2022-11-25,AGG,US aggregate bonds,85.576820,2718600
2022-11-25,EEM,Emerging-market equities,34.370296,19986900
2022-11-25,EFA,Developed international equities,59.305862,10934400
2022-11-25,EWC,Canadian equities,32.587097,1133800
2022-11-25,GLD,Gold,163.220001,1436500
2022-11-25,SPY,US equities,382.942963,30545400
2022-11-28,AGG,US aggregate bonds,85.437187,7920700
2022-11-28,EEM,Emerging-market equities,34.215607,45015900
2022-11-28,EFA,Developed international equities,58.540276,18618500
2022-11-28,EWC,Canadian equities,31.996786,2933600
2022-11-28,GLD,Gold,161.929993,4052900
2022-11-28,SPY,US equities,376.832367,67881600
2022-11-29,AGG,US aggregate bonds,85.131676,6643300
2022-11-29,EEM,Emerging-market equities,34.952694,50909500
2022-11-29,EFA,Developed international equities,58.709419,17666900
2022-11-29,EWC,Canadian equities,31.895323,2492500
2022-11-29,GLD,Gold,162.729996,2620600
2022-11-29,SPY,US equities,376.185120,52310000
2022-11-30,AGG,US aggregate bonds,85.795059,8963500
2022-11-30,EEM,Emerging-market equities,35.962780,103403400
2022-11-30,EFA,Developed international equities,59.750961,41966500
2022-11-30,EWC,Canadian equities,32.457966,6565200
2022-11-30,GLD,Gold,164.809998,4874700
2022-11-30,SPY,US equities,388.035156,144566700
2022-12-01,AGG,US aggregate bonds,86.508949,12471300
2022-12-01,EEM,Emerging-market equities,35.844479,50195900
2022-12-01,EFA,Developed international equities,60.329594,24209700
2022-12-01,EWC,Canadian equities,32.660885,4395700
2022-12-01,GLD,Gold,167.839996,8625800
2022-12-01,SPY,US equities,387.749664,76398200
2022-12-02,AGG,US aggregate bonds,86.867653,6368000
2022-12-02,EEM,Emerging-market equities,35.980980,47593700
2022-12-02,EFA,Developed international equities,60.285095,36230700
2022-12-02,EWC,Canadian equities,32.467194,2471800
2022-12-02,GLD,Gold,167.259995,5185900
2022-12-02,SPY,US equities,387.302368,85342700
2022-12-05,AGG,US aggregate bonds,86.185257,8072500
2022-12-05,EEM,Emerging-market equities,35.571484,62268800
2022-12-05,EFA,Developed international equities,59.492805,26304900
2022-12-05,EWC,Canadian equities,31.756968,4064300
2022-12-05,GLD,Gold,164.389999,5436200
2022-12-05,SPY,US equities,380.335052,77289800
2022-12-06,AGG,US aggregate bonds,86.438980,7660100
2022-12-06,EEM,Emerging-market equities,35.525982,31558200
2022-12-06,EFA,Developed international equities,59.225735,25663000
2022-12-06,EWC,Canadian equities,31.258892,3337200
2022-12-06,GLD,Gold,164.839996,3597800
2022-12-06,SPY,US equities,374.852570,77972200
2022-12-07,AGG,US aggregate bonds,87.208839,6752900
2022-12-07,EEM,Emerging-market equities,35.316689,46263200
2022-12-07,EFA,Developed international equities,59.225735,23274300
2022-12-07,EWC,Canadian equities,31.231222,6236200
2022-12-07,GLD,Gold,166.330002,4610700
2022-12-07,SPY,US equities,374.214874,65927900
2022-12-08,AGG,US aggregate bonds,86.946396,6307200
2022-12-08,EEM,Emerging-market equities,35.744381,41138200
2022-12-08,EFA,Developed international equities,59.528412,20080400
2022-12-08,EWC,Canadian equities,31.443369,2388300
2022-12-08,GLD,Gold,166.470001,3217900
2022-12-08,SPY,US equities,377.146393,60737900
2022-12-09,AGG,US aggregate bonds,86.430214,8994400
2022-12-09,EEM,Emerging-market equities,35.507790,48742700
2022-12-09,EFA,Developed international equities,59.564018,25772900
2022-12-09,EWC,Canadian equities,31.221996,2590500
2022-12-09,GLD,Gold,167.059998,5431300
2022-12-09,SPY,US equities,374.329102,81447700
2022-12-12,AGG,US aggregate bonds,86.447731,10384200
2022-12-12,EEM,Emerging-market equities,35.398582,41524600
2022-12-12,EFA,Developed international equities,59.742065,18725400
2022-12-12,EWC,Canadian equities,31.369574,4406300
2022-12-12,GLD,Gold,165.679993,3504400
2022-12-12,SPY,US equities,379.725891,75405800
2022-12-13,AGG,US aggregate bonds,87.025154,9120600
2022-12-13,EEM,Emerging-market equities,35.651733,60886900
2022-12-13,EFA,Developed international equities,60.589359,29377300
2022-12-13,EWC,Canadian equities,31.567045,6226900
2022-12-13,GLD,Gold,168.509995,6750200
2022-12-13,SPY,US equities,382.600342,123782500
2022-12-14,AGG,US aggregate bonds,87.217621,10624000
2022-12-14,EEM,Emerging-market equities,35.670204,62300900
2022-12-14,EFA,Developed international equities,60.535736,23707700
2022-12-14,EWC,Canadian equities,31.407951,5067900
2022-12-14,GLD,Gold,168.100006,5643000
2022-12-14,SPY,US equities,380.154236,108111300
2022-12-15,AGG,US aggregate bonds,87.345650,9423900
2022-12-15,EEM,Emerging-market equities,34.847969,48081300
2022-12-15,EFA,Developed international equities,58.989494,25617500
2022-12-15,EWC,Canadian equities,30.677963,4970800
2022-12-15,GLD,Gold,165.350006,8363000
2022-12-15,SPY,US equities,370.854919,117705900
2022-12-16,AGG,US aggregate bonds,87.117661,7546100
2022-12-16,EEM,Emerging-market equities,34.949600,48065200
2022-12-16,EFA,Developed international equities,58.471111,23998700
2022-12-16,EWC,Canadian equities,30.341047,2883400
2022-12-16,GLD,Gold,166.789993,5372000
2022-12-16,SPY,US equities,366.476593,119858000
2022-12-19,AGG,US aggregate bonds,86.582771,10351000
2022-12-19,EEM,Emerging-market equities,34.977314,22995200
2022-12-19,EFA,Developed international equities,58.328106,21180700
2022-12-19,EWC,Canadian equities,30.088367,3234200
2022-12-19,GLD,Gold,166.320007,3940500
2022-12-19,SPY,US equities,363.368988,79878100
2022-12-20,AGG,US aggregate bonds,85.995232,10282200
2022-12-20,EEM,Emerging-market equities,34.968063,25688000
2022-12-20,EFA,Developed international equities,58.560482,21440600
2022-12-20,EWC,Canadian equities,30.359768,3404000
2022-12-20,GLD,Gold,169.080002,7803100
2022-12-20,SPY,US equities,363.866272,74427200
2022-12-21,AGG,US aggregate bonds,86.232018,8489300
2022-12-21,EEM,Emerging-market equities,35.282181,23607700
2022-12-21,EFA,Developed international equities,59.168251,17112200
2022-12-21,EWC,Canadian equities,30.780910,4323900
2022-12-21,GLD,Gold,168.800003,3990100
2022-12-21,SPY,US equities,369.306946,78167400
2022-12-22,AGG,US aggregate bonds,86.205688,8267800
2022-12-22,EEM,Emerging-market equities,34.968063,27011800
2022-12-22,EFA,Developed international equities,58.685612,21251200
2022-12-22,EWC,Canadian equities,30.359768,1950600
2022-12-22,GLD,Gold,166.759995,5672700
2022-12-22,SPY,US equities,364.038330,100120900
2022-12-23,AGG,US aggregate bonds,85.907578,4823400
2022-12-23,EEM,Emerging-market equities,34.921883,19543300
2022-12-23,EFA,Developed international equities,58.891178,12536600
2022-12-23,EWC,Canadian equities,30.743479,2260600
2022-12-23,GLD,Gold,167.259995,2912300
2022-12-23,SPY,US equities,366.132446,59857300
2022-12-27,AGG,US aggregate bonds,85.284996,7925700
2022-12-27,EEM,Emerging-market equities,35.439243,42338900
2022-12-27,EFA,Developed international equities,58.980560,16247400
2022-12-27,EWC,Canadian equities,30.911932,2971500
2022-12-27,GLD,Gold,168.669998,6885700
2022-12-27,SPY,US equities,364.688538,51638200
2022-12-28,AGG,US aggregate bonds,85.135933,12131200
2022-12-28,EEM,Emerging-market equities,34.921883,31813900
2022-12-28,EFA,Developed international equities,58.354919,14526900
2022-12-28,EWC,Canadian equities,30.322332,2385500
2022-12-28,GLD,Gold,167.910004,3662500
2022-12-28,SPY,US equities,360.156219,70911500
2022-12-29,AGG,US aggregate bonds,85.451591,7763300
2022-12-29,EEM,Emerging-market equities,35.503906,27088700
2022-12-29,EFA,Developed international equities,59.275501,17455400
2022-12-29,EWC,Canadian equities,30.865143,1493400
2022-12-29,GLD,Gold,168.850006,3345900
2022-12-29,SPY,US equities,366.639160,66970900
2022-12-30,AGG,US aggregate bonds,85.048210,8469000
2022-12-30,EEM,Emerging-market equities,35.014267,38297800
2022-12-30,EFA,Developed international equities,58.667740,25629000
2022-12-30,EWC,Canadian equities,30.631174,2552700
2022-12-30,GLD,Gold,169.639999,2864500
2022-12-30,SPY,US equities,365.673370,84022200
2023-01-03,AGG,US aggregate bonds,85.548050,19930800
2023-01-03,EEM,Emerging-market equities,35.309898,35557900
2023-01-03,EFA,Developed international equities,59.186131,25179300
2023-01-03,EWC,Canadian equities,30.453354,3604500
2023-01-03,GLD,Gold,171.059998,7992900
2023-01-03,SPY,US equities,364.133942,74850700
2023-01-04,AGG,US aggregate bonds,86.021561,10080100
2023-01-04,EEM,Emerging-market equities,36.372337,57044200
2023-01-04,EFA,Developed international equities,59.972652,26751400
2023-01-04,EWC,Canadian equities,31.089752,3563800
2023-01-04,GLD,Gold,172.669998,7574600
2023-01-04,SPY,US equities,366.945129,85934100
2023-01-05,AGG,US aggregate bonds,85.951408,9682000
2023-01-05,EEM,Emerging-market equities,36.261471,25175600
2023-01-05,EFA,Developed international equities,59.373817,17376900
2023-01-05,EWC,Canadian equities,30.790272,2263000
2023-01-05,GLD,Gold,170.520004,4692600
2023-01-05,SPY,US equities,362.757111,76970500
2023-01-06,AGG,US aggregate bonds,86.889671,8503000
2023-01-06,EEM,Emerging-market equities,37.019039,49058000
2023-01-06,EFA,Developed international equities,60.893246,17951400
2023-01-06,EWC,Canadian equities,31.576408,3061000
2023-01-06,GLD,Gold,173.710007,7889000
2023-01-06,SPY,US equities,371.075897,104189600
2023-01-09,AGG,US aggregate bonds,87.108856,7849600
2023-01-09,EEM,Emerging-market equities,37.296192,59967500
2023-01-09,EFA,Developed international equities,61.152443,23392800
2023-01-09,EWC,Canadian equities,31.772942,1519600
2023-01-09,GLD,Gold,174.100006,5134500
2023-01-09,SPY,US equities,370.865479,73978100
2023-01-10,AGG,US aggregate bonds,86.775681,7291300
2023-01-10,EEM,Emerging-market equities,37.564114,34936500
2023-01-10,EFA,Developed international equities,61.331200,18811500
2023-01-10,EWC,Canadian equities,31.716785,2529300
2023-01-10,GLD,Gold,174.740005,4398400
2023-01-10,SPY,US equities,373.466309,65358100
2023-01-11,AGG,US aggregate bonds,87.310547,6102900
2023-01-11,EEM,Emerging-market equities,37.721172,41854800
2023-01-11,EFA,Developed international equities,61.795967,17732700
2023-01-11,EWC,Canadian equities,32.053699,1498100
2023-01-11,GLD,Gold,174.619995,3374200
2023-01-11,SPY,US equities,378.189880,68881100
2023-01-12,AGG,US aggregate bonds,87.941910,8342700
2023-01-12,EEM,Emerging-market equities,37.905937,42088800
2023-01-12,EFA,Developed international equities,62.707623,19767100
2023-01-12,EWC,Canadian equities,32.474850,1207900
2023-01-12,GLD,Gold,176.639999,6936900
2023-01-12,SPY,US equities,379.566772,90157700
2023-01-13,AGG,US aggregate bonds,87.617477,6719000
2023-01-13,EEM,Emerging-market equities,38.155380,32838900
2023-01-13,EFA,Developed international equities,63.038322,18092100
2023-01-13,EWC,Canadian equities,32.577789,9078600
2023-01-13,GLD,Gold,178.759995,7468800
2023-01-13,SPY,US equities,381.039307,63903900
2023-01-17,AGG,US aggregate bonds,87.459633,8174700
2023-01-17,EEM,Emerging-market equities,37.942894,41016000
2023-01-17,EFA,Developed international equities,63.234955,25184100
2023-01-17,EWC,Canadian equities,32.708813,1961400
2023-01-17,GLD,Gold,177.589996,6610800
2023-01-17,SPY,US equities,380.341278,62677300
2023-01-18,AGG,US aggregate bonds,88.327744,7779300
2023-01-18,EEM,Emerging-market equities,37.684216,54860300
2023-01-18,EFA,Developed international equities,63.011509,35935300
2023-01-18,EWC,Canadian equities,32.343826,2957200
2023-01-18,GLD,Gold,177.080002,5384700
2023-01-18,SPY,US equities,374.336395,99632300
2023-01-19,AGG,US aggregate bonds,88.126068,8633700
2023-01-19,EEM,Emerging-market equities,37.970608,33834900
2023-01-19,EFA,Developed international equities,62.913193,23519000
2023-01-19,EWC,Canadian equities,32.399975,1844800
2023-01-19,GLD,Gold,179.889999,6678700
2023-01-19,SPY,US equities,371.611267,86958900
2023-01-20,AGG,US aggregate bonds,87.766548,6095800
2023-01-20,EEM,Emerging-market equities,38.552643,42854900
2023-01-20,EFA,Developed international equities,63.467342,28289500
2023-01-20,EWC,Canadian equities,32.849190,2442900
2023-01-20,GLD,Gold,179.289993,5754800
2023-01-20,SPY,US equities,378.534058,91806400
2023-01-23,AGG,US aggregate bonds,87.547325,6573200
2023-01-23,EEM,Emerging-market equities,38.829803,38252700
2023-01-23,EFA,Developed international equities,63.726543,24252900
2023-01-23,EWC,Canadian equities,33.064445,3081700
2023-01-23,GLD,Gold,179.630005,5265500
2023-01-23,SPY,US equities,383.075958,84178800
2023-01-24,AGG,US aggregate bonds,87.933144,6538600
2023-01-24,EEM,Emerging-market equities,38.857517,34713300
2023-01-24,EFA,Developed international equities,63.646095,12996500
2023-01-24,EWC,Canadian equities,33.064445,1219000
2023-01-24,GLD,Gold,180.279999,4604600
2023-01-24,SPY,US equities,382.664825,59524900
2023-01-25,AGG,US aggregate bonds,88.038368,5431000
2023-01-25,EEM,Emerging-market equities,38.894474,30325100
2023-01-25,EFA,Developed international equities,64.066170,14250500
2023-01-25,EWC,Canadian equities,32.970860,4159200
2023-01-25,GLD,Gold,181.110001,6925300
2023-01-25,SPY,US equities,382.808289,84800300
2023-01-26,AGG,US aggregate bonds,87.889305,5399100
2023-01-26,EEM,Emerging-market equities,39.264015,28722100
2023-01-26,EFA,Developed international equities,64.119797,13272300
2023-01-26,EWC,Canadian equities,33.335854,1836600
2023-01-26,GLD,Gold,179.470001,5860100
2023-01-26,SPY,US equities,387.015442,72287400
2023-01-27,AGG,US aggregate bonds,87.757767,5123100
2023-01-27,EEM,Emerging-market equities,39.079243,36989100
2023-01-27,EFA,Developed international equities,63.994656,13986800
2023-01-27,EWC,Canadian equities,33.382641,2705600
2023-01-27,GLD,Gold,179.220001,6052700
2023-01-27,SPY,US equities,387.904694,68346200
2023-01-30,AGG,US aggregate bonds,87.521019,6822000
2023-01-30,EEM,Emerging-market equities,38.293968,38598300
2023-01-30,EFA,Developed international equities,63.583530,14111500
2023-01-30,EWC,Canadian equities,32.942783,1093700
2023-01-30,GLD,Gold,178.759995,4210700
2023-01-30,SPY,US equities,383.037659,74202000
2023-01-31,AGG,US aggregate bonds,87.880547,12083600
2023-01-31,EEM,Emerging-market equities,38.210812,43197800
2023-01-31,EFA,Developed international equities,63.949982,23544400
2023-01-31,EWC,Canadian equities,33.532387,2244000
2023-01-31,GLD,Gold,179.410004,5976900
2023-01-31,SPY,US equities,388.669647,86811800
2023-02-01,AGG,US aggregate bonds,88.500267,11593300
2023-02-01,EEM,Emerging-market equities,38.681984,51809100
2023-02-01,EFA,Developed international equities,64.521996,27861400
2023-02-01,EWC,Canadian equities,33.532387,3173900
2023-02-01,GLD,Gold,181.669998,7996000
2023-02-01,SPY,US equities,392.800385,101459200
2023-02-02,AGG,US aggregate bonds,88.596954,9197800
2023-02-02,EEM,Emerging-market equities,38.451015,45943800
2023-02-02,EFA,Developed international equities,64.432625,15588000
2023-02-02,EWC,Canadian equities,33.438797,2091900
2023-02-02,GLD,Gold,177.899994,8842400
2023-02-02,SPY,US equities,398.518372,101654500
2023-02-03,AGG,US aggregate bonds,87.744286,9083000
2023-02-03,EEM,Emerging-market equities,37.767368,42341000
2023-02-03,EFA,Developed international equities,63.833786,18589800
2023-02-03,EWC,Canadian equities,33.242260,1766900
2023-02-03,GLD,Gold,173.460007,13674400
2023-02-03,SPY,US equities,394.282410,94736800
2023-02-06,AGG,US aggregate bonds,87.260811,9198900
2023-02-06,EEM,Emerging-market equities,37.213047,41471500
2023-02-06,EFA,Developed international equities,63.181328,18409500
2023-02-06,EWC,Canadian equities,32.877270,1295300
2023-02-06,GLD,Gold,173.820007,8957000
2023-02-06,SPY,US equities,391.872833,60295300
2023-02-07,AGG,US aggregate bonds,87.111382,6224800
2023-02-07,EEM,Emerging-market equities,37.360863,31941600
2023-02-07,EFA,Developed international equities,63.717590,19440100
2023-02-07,EWC,Canadian equities,33.242260,2230900
2023-02-07,GLD,Gold,173.979996,6794200
2023-02-07,SPY,US equities,396.998016,90990700
2023-02-08,AGG,US aggregate bonds,87.234451,4900600
2023-02-08,EEM,Emerging-market equities,37.314674,38255400
2023-02-08,EFA,Developed international equities,63.324333,18281400
2023-02-08,EWC,Canadian equities,33.027008,1603000
2023-02-08,GLD,Gold,174.410004,4075600
2023-02-08,SPY,US equities,392.656921,76227500
2023-02-09,AGG,US aggregate bonds,86.891609,5594800
2023-02-09,EEM,Emerging-market equities,37.490204,27083800
2023-02-09,EFA,Developed international equities,63.440529,10875300
2023-02-09,EWC,Canadian equities,32.830475,3759700
2023-02-09,GLD,Gold,173.029999,5361300
2023-02-09,SPY,US equities,389.252930,78694900
2023-02-10,AGG,US aggregate bonds,86.513634,5068200
2023-02-10,EEM,Emerging-market equities,37.129898,34463800
2023-02-10,EFA,Developed international equities,63.163452,16681200
2023-02-10,EWC,Canadian equities,33.214191,947400
2023-02-10,GLD,Gold,173.360001,2971100
2023-02-10,SPY,US equities,390.161316,70769700
2023-02-13,AGG,US aggregate bonds,86.777367,6832700
2023-02-13,EEM,Emerging-market equities,37.434780,20906700
2023-02-13,EFA,Developed international equities,63.798035,11806300
2023-02-13,EWC,Canadian equities,33.438797,1977700
2023-02-13,GLD,Gold,172.479996,3970800
2023-02-13,SPY,US equities,394.741425,64913500
2023-02-14,AGG,US aggregate bonds,86.469711,9559500
2023-02-14,EEM,Emerging-market equities,37.370106,21664300
2023-02-14,EFA,Developed international equities,63.914230,14082900
2023-02-14,EWC,Canadian equities,33.382641,1863900
2023-02-14,GLD,Gold,172.610001,5403100
2023-02-14,SPY,US equities,394.559753,88389300
2023-02-15,AGG,US aggregate bonds,86.302681,6486500
2023-02-15,EEM,Emerging-market equities,37.055992,31114000
2023-02-15,EFA,Developed international equities,63.628212,14031200
2023-02-15,EWC,Canadian equities,33.289047,2173900
2023-02-15,GLD,Gold,170.889999,5423800
2023-02-15,SPY,US equities,395.841034,61555700
2023-02-16,AGG,US aggregate bonds,85.942268,5235600
2023-02-16,EEM,Emerging-market equities,37.065228,30045300
2023-02-16,EFA,Developed international equities,63.315388,13151000
2023-02-16,EWC,Canadian equities,32.914703,2008400
2023-02-16,GLD,Gold,170.750000,4540400
2023-02-16,SPY,US equities,390.390747,76431500
2023-02-17,AGG,US aggregate bonds,86.144463,5956300
2023-02-17,EEM,Emerging-market equities,36.658730,35131700
2023-02-17,EFA,Developed international equities,63.476273,13768200
2023-02-17,EWC,Canadian equities,32.746250,1259900
2023-02-17,GLD,Gold,171.259995,4809800
2023-02-17,SPY,US equities,389.415497,89257800
2023-02-21,AGG,US aggregate bonds,85.335770,8369600
2023-02-21,EEM,Emerging-market equities,36.196804,33984300
2023-02-21,EFA,Developed international equities,62.779125,14419700
2023-02-21,EWC,Canadian equities,32.156647,2371800
2023-02-21,GLD,Gold,170.619995,4035900
2023-02-21,SPY,US equities,381.603455,82655900
2023-02-22,AGG,US aggregate bonds,85.564308,5862300
2023-02-22,EEM,Emerging-market equities,36.021267,37035500
2023-02-22,EFA,Developed international equities,62.430550,12991700
2023-02-22,EWC,Canadian equities,32.006908,3011200
2023-02-22,GLD,Gold,169.660004,4105700
2023-02-22,SPY,US equities,381.077606,83742300
2023-02-23,AGG,US aggregate bonds,85.871994,8527200
2023-02-23,EEM,Emerging-market equities,36.196804,28551700
2023-02-23,EFA,Developed international equities,62.752323,25783700
2023-02-23,EWC,Canadian equities,32.034985,2046800
2023-02-23,GLD,Gold,169.570007,5073500
2023-02-23,SPY,US equities,383.104645,96242400
2023-02-24,AGG,US aggregate bonds,85.379707,4866800
2023-02-24,EEM,Emerging-market equities,35.383801,48596300
2023-02-24,EFA,Developed international equities,61.706593,25120200
2023-02-24,EWC,Canadian equities,31.913319,2481500
2023-02-24,GLD,Gold,168.350006,6496500
2023-02-24,SPY,US equities,379.012177,108194400
2023-02-27,AGG,US aggregate bonds,85.546715,5040000
2023-02-27,EEM,Emerging-market equities,35.568577,24344400
2023-02-27,EFA,Developed international equities,62.439495,19736300
2023-02-27,EWC,Canadian equities,32.081779,1991600
2023-02-27,GLD,Gold,169.009995,4509200
2023-02-27,SPY,US equities,380.303009,80444700
2023-02-28,AGG,US aggregate bonds,85.537926,8575000
2023-02-28,EEM,Emerging-market equities,35.319130,39670600
2023-02-28,EFA,Developed international equities,61.983658,28408000
2023-02-28,EWC,Canadian equities,31.866524,3186600
2023-02-28,GLD,Gold,169.779999,6761600
2023-02-28,SPY,US equities,378.897461,96438600
2023-03-01,AGG,US aggregate bonds,85.048004,9125300
2023-03-01,EEM,Emerging-market equities,36.076702,39597500
2023-03-01,EFA,Developed international equities,62.314354,20961000
2023-03-01,EWC,Canadian equities,32.044342,1834900
2023-03-01,GLD,Gold,170.759995,6590500
2023-03-01,SPY,US equities,377.444031,99706800
2023-03-02,AGG,US aggregate bonds,84.871803,9247400
2023-03-02,EEM,Emerging-market equities,36.206039,28952900
2023-03-02,EFA,Developed international equities,62.439495,20540100
2023-03-02,EWC,Canadian equities,32.175369,1137300
2023-03-02,GLD,Gold,170.660004,3950700
2023-03-02,SPY,US equities,380.379517,85127800
2023-03-03,AGG,US aggregate bonds,85.541451,7267000
2023-03-03,EEM,Emerging-market equities,36.529392,20682400
2023-03-03,EFA,Developed international equities,63.351139,23663300
2023-03-03,EWC,Canadian equities,32.605869,2287800
2023-03-03,GLD,Gold,172.490005,6894500
2023-03-03,SPY,US equities,386.479980,90120000
2023-03-06,AGG,US aggregate bonds,85.329979,4188500
2023-03-06,EEM,Emerging-market equities,36.400055,26014300
2023-03-06,EFA,Developed international equities,63.190258,22289600
2023-03-06,EWC,Canadian equities,32.437416,2277700
2023-03-06,GLD,Gold,171.619995,4264100
2023-03-06,SPY,US equities,386.747742,72795900
2023-03-07,AGG,US aggregate bonds,85.215431,6013200
2023-03-07,EEM,Emerging-market equities,35.790310,36382400
2023-03-07,EFA,Developed international equities,62.135605,26319800
2023-03-07,EWC,Canadian equities,31.726147,2298000
2023-03-07,GLD,Gold,168.619995,8713300
2023-03-07,SPY,US equities,380.819366,108310600
2023-03-08,AGG,US aggregate bonds,85.127327,8044000
2023-03-08,EEM,Emerging-market equities,35.938122,18795900
2023-03-08,EFA,Developed international equities,62.475239,21016200
2023-03-08,EWC,Canadian equities,31.735500,2254900
2023-03-08,GLD,Gold,168.539993,5718600
2023-03-08,SPY,US equities,381.440887,74746600
2023-03-09,AGG,US aggregate bonds,85.435715,7054400
2023-03-09,EEM,Emerging-market equities,35.143604,40118900
2023-03-09,EFA,Developed international equities,62.019413,25914100
2023-03-09,EWC,Canadian equities,31.239492,1749100
2023-03-09,GLD,Gold,170.199997,5583000
2023-03-09,SPY,US equities,374.403381,111945300
2023-03-10,AGG,US aggregate bonds,86.431404,7515700
2023-03-10,EEM,Emerging-market equities,34.958832,49329400
2023-03-10,EFA,Developed international equities,61.358017,31703800
2023-03-10,EWC,Canadian equities,30.762194,4226900
2023-03-10,GLD,Gold,173.869995,13803400
2023-03-10,SPY,US equities,369.000946,189253000
2023-03-13,AGG,US aggregate bonds,87.118698,10343900
2023-03-13,EEM,Emerging-market equities,35.014267,43071400
2023-03-13,EFA,Developed international equities,60.937943,27005100
2023-03-13,EWC,Canadian equities,30.640530,6019300
2023-03-13,GLD,Gold,177.860001,20554400
2023-03-13,SPY,US equities,368.475006,157790000
2023-03-14,AGG,US aggregate bonds,86.607666,8159800
2023-03-14,EEM,Emerging-market equities,35.032745,36333400
2023-03-14,EFA,Developed international equities,61.751270,18054000
2023-03-14,EWC,Canadian equities,30.930651,3014800
2023-03-14,GLD,Gold,176.830002,10019000
2023-03-14,SPY,US equities,374.565979,149752400
2023-03-15,AGG,US aggregate bonds,87.471161,11133700
2023-03-15,EEM,Emerging-market equities,34.432228,53217000
2023-03-15,EFA,Developed international equities,59.838589,37928500
2023-03-15,EWC,Canadian equities,30.247463,4319500
2023-03-15,GLD,Gold,178.210007,14546100
2023-03-15,SPY,US equities,372.223267,172996900
2023-03-16,AGG,US aggregate bonds,87.127510,15217800
2023-03-16,EEM,Emerging-market equities,34.958832,39880200
2023-03-16,EFA,Developed international equities,60.768120,33179100
2023-03-16,EWC,Canadian equities,30.603098,2576200
2023-03-16,GLD,Gold,178.570007,10762200
2023-03-16,SPY,US equities,378.753998,143254200
2023-03-17,AGG,US aggregate bonds,87.673813,8277500
2023-03-17,EEM,Emerging-market equities,34.746346,40165600
2023-03-17,EFA,Developed international equities,60.044163,23846200
2023-03-17,EWC,Canadian equities,30.284901,2905000
2023-03-17,GLD,Gold,183.770004,24156300
2023-03-17,SPY,US equities,374.325348,140553400
2023-03-20,AGG,US aggregate bonds,87.321365,6346400
2023-03-20,EEM,Emerging-market equities,34.875683,28310700
2023-03-20,EFA,Developed international equities,60.982635,24003200
2023-03-20,EWC,Canadian equities,30.706041,1586200
2023-03-20,GLD,Gold,183.839996,11845700
2023-03-20,SPY,US equities,377.924713,93055800
2023-03-21,AGG,US aggregate bonds,87.057014,5499100
2023-03-21,EEM,Emerging-market equities,35.189796,27670600
2023-03-21,EFA,Developed international equities,61.903225,16669400
2023-03-21,EWC,Canadian equities,30.818350,2421600
2023-03-21,GLD,Gold,180.369995,10734500
2023-03-21,SPY,US equities,382.887085,91524200
2023-03-22,AGG,US aggregate bonds,87.894127,7585400
2023-03-22,EEM,Emerging-market equities,35.328381,40375300
2023-03-22,EFA,Developed international equities,61.688717,16277900
2023-03-22,EWC,Canadian equities,30.621819,2133600
2023-03-22,GLD,Gold,183.440002,11969600
2023-03-22,SPY,US equities,376.360138,111746600
2023-03-23,AGG,US aggregate bonds,88.105576,9949700
2023-03-23,EEM,Emerging-market equities,35.818020,39622100
2023-03-23,EFA,Developed international equities,61.697651,23067200
2023-03-23,EWC,Canadian equities,30.481434,4633000
2023-03-23,GLD,Gold,185.740005,11347100
2023-03-23,SPY,US equities,377.377625,119351300
2023-03-24,AGG,US aggregate bonds,88.255363,6217700
2023-03-24,EEM,Emerging-market equities,35.725632,28044500
2023-03-24,EFA,Developed international equities,61.509956,27879000
2023-03-24,EWC,Canadian equities,30.528225,1757000
2023-03-24,GLD,Gold,183.649994,9245900
2023-03-24,SPY,US equities,379.854034,107682400
2023-03-27,AGG,US aggregate bonds,87.303734,6823400
2023-03-27,EEM,Emerging-market equities,35.531620,36646700
2023-03-27,EFA,Developed international equities,62.090916,23269300
2023-03-27,EWC,Canadian equities,30.874506,1483000
2023-03-27,GLD,Gold,181.949997,6925000
2023-03-27,SPY,US equities,380.564240,74010400
2023-03-28,AGG,US aggregate bonds,87.171577,6356200
2023-03-28,EEM,Emerging-market equities,36.039745,43707600
2023-03-28,EFA,Developed international equities,62.117729,20324500
2023-03-28,EWC,Canadian equities,31.061674,1996100
2023-03-28,GLD,Gold,183.440002,6202600
2023-03-28,SPY,US equities,379.709991,62871700
2023-03-29,AGG,US aggregate bonds,87.277306,5111300
2023-03-29,EEM,Emerging-market equities,36.141373,32173100
2023-03-29,EFA,Developed international equities,62.868511,29119300
2023-03-29,EWC,Canadian equities,31.445379,12234700
2023-03-29,GLD,Gold,182.529999,4996500
2023-03-29,SPY,US equities,385.229065,77497900
2023-03-30,AGG,US aggregate bonds,87.374214,4251900
2023-03-30,EEM,Emerging-market equities,36.501675,32982200
2023-03-30,EFA,Developed international equities,63.601410,21615800
2023-03-30,EWC,Canadian equities,31.707428,1546800
2023-03-30,GLD,Gold,184.179993,6360300
2023-03-30,SPY,US equities,387.484650,69840000
2023-03-31,AGG,US aggregate bonds,87.797180,8521600
2023-03-31,EEM,Emerging-market equities,36.455486,36174700
2023-03-31,EFA,Developed international equities,63.923164,28532600
2023-03-31,EWC,Canadian equities,31.988186,1572200
2023-03-31,GLD,Gold,183.220001,8003300
2023-03-31,SPY,US equities,392.946167,112062600
2023-04-03,AGG,US aggregate bonds,88.178802,7567100
2023-04-03,EEM,Emerging-market equities,36.529392,19637700
2023-04-03,EFA,Developed international equities,64.432625,20737100
2023-04-03,EWC,Canadian equities,32.568428,3043000
2023-04-03,GLD,Gold,184.539993,9206600
2023-04-03,SPY,US equities,394.443451,67391100
2023-04-04,AGG,US aggregate bonds,88.505661,8925200
2023-04-04,EEM,Emerging-market equities,36.529392,31518500
2023-04-04,EFA,Developed international equities,64.441551,15364600
2023-04-04,EWC,Canadian equities,32.493565,4123700
2023-04-04,GLD,Gold,187.979996,13765400
2023-04-04,SPY,US equities,392.255066,66601500
2023-04-05,AGG,US aggregate bonds,88.806000,9883500
2023-04-05,EEM,Emerging-market equities,36.242996,35785500
2023-04-05,EFA,Developed international equities,63.994656,16313900
2023-04-05,EWC,Canadian equities,32.297028,2059600
2023-04-05,GLD,Gold,187.830002,11440800
2023-04-05,SPY,US equities,391.227997,65200200
2023-04-06,AGG,US aggregate bonds,88.726494,6105200
2023-04-06,EEM,Emerging-market equities,36.390812,22277700
2023-04-06,EFA,Developed international equities,64.298538,13659900
2023-04-06,EWC,Canadian equities,32.287670,2067100
2023-04-06,GLD,Gold,186.490005,6648400
2023-04-06,SPY,US equities,392.754181,63743300
2023-04-10,AGG,US aggregate bonds,88.116966,4478000
2023-04-10,EEM,Emerging-market equities,36.427769,20271700
2023-04-10,EFA,Developed international equities,64.253860,12854000
2023-04-10,EWC,Canadian equities,32.353180,752100
2023-04-10,GLD,Gold,185.110001,6408100
2023-04-10,SPY,US equities,393.157318,63681000
2023-04-11,AGG,US aggregate bonds,88.169975,4543800
2023-04-11,EEM,Emerging-market equities,36.649494,23177000
2023-04-11,EFA,Developed international equities,64.468369,11264100
2023-04-11,EWC,Canadian equities,32.652660,1352600
2023-04-11,GLD,Gold,186.279999,6031500
2023-04-11,SPY,US equities,393.262878,59297900
2023-04-12,AGG,US aggregate bonds,88.275978,7226000
2023-04-12,EEM,Emerging-market equities,36.390812,30341900
2023-04-12,EFA,Developed international equities,64.879501,13241500
2023-04-12,EWC,Canadian equities,32.783680,1000500
2023-04-12,GLD,Gold,187.190002,10000900
2023-04-12,SPY,US equities,391.659882,86420400
2023-04-13,AGG,US aggregate bonds,88.240631,3964800
2023-04-13,EEM,Emerging-market equities,36.889702,28752600
2023-04-13,EFA,Developed international equities,65.710732,12233000
2023-04-13,EWC,Canadian equities,33.214191,1684900
2023-04-13,GLD,Gold,189.720001,14060100
2023-04-13,SPY,US equities,396.862244,85814800
2023-04-14,AGG,US aggregate bonds,87.807793,4794100
2023-04-14,EEM,Emerging-market equities,36.695686,26673200
2023-04-14,EFA,Developed international equities,65.442581,14209900
2023-04-14,EWC,Canadian equities,33.176750,2001200
2023-04-14,GLD,Gold,186.360001,13272500
2023-04-14,SPY,US equities,395.892853,78161500
2023-04-17,AGG,US aggregate bonds,87.366096,4441300
2023-04-17,EEM,Emerging-market equities,36.852741,26173500
2023-04-17,EFA,Developed international equities,65.326401,17323800
2023-04-17,EWC,Canadian equities,33.232899,1149000
2023-04-17,GLD,Gold,185.529999,7468100
2023-04-17,SPY,US equities,397.313324,66436400
2023-04-18,AGG,US aggregate bonds,87.489769,4753000
2023-04-18,EEM,Emerging-market equities,36.806549,23990600
2023-04-18,EFA,Developed international equities,65.683907,13753400
2023-04-18,EWC,Canadian equities,33.317131,2012400
2023-04-18,GLD,Gold,186.250000,8056900
2023-04-18,SPY,US equities,397.572540,63560000
2023-04-19,AGG,US aggregate bonds,87.357246,3592900
2023-04-19,EEM,Emerging-market equities,36.437008,25851700
2023-04-19,EFA,Developed international equities,65.478348,8840800
2023-04-19,EWC,Canadian equities,33.148674,2662600
2023-04-19,GLD,Gold,185.360001,7373500
2023-04-19,SPY,US equities,397.505341,55227300
2023-04-20,AGG,US aggregate bonds,87.754791,5092400
2023-04-20,EEM,Emerging-market equities,36.381580,29763400
2023-04-20,EFA,Developed international equities,65.478348,12478600
2023-04-20,EWC,Canadian equities,32.998932,3977200
2023-04-20,GLD,Gold,186.089996,5789900
2023-04-20,SPY,US equities,395.336151,75840400
2023-04-21,AGG,US aggregate bonds,87.604607,5367300
2023-04-21,EEM,Emerging-market equities,36.039745,26632600
2023-04-21,EFA,Developed international equities,65.809044,14053000
2023-04-21,EWC,Canadian equities,32.961498,1131500
2023-04-21,GLD,Gold,184.250000,10698700
2023-04-21,SPY,US equities,395.643250,73457400
2023-04-24,AGG,US aggregate bonds,87.949127,3256900
2023-04-24,EEM,Emerging-market equities,35.956600,19963200
2023-04-24,EFA,Developed international equities,65.978859,12864900
2023-04-24,EWC,Canadian equities,32.970860,805900
2023-04-24,GLD,Gold,184.809998,8303400
2023-04-24,SPY,US equities,396.055969,64332100
2023-04-25,AGG,US aggregate bonds,88.496796,5065400
2023-04-25,EEM,Emerging-market equities,35.282181,31095100
2023-04-25,EFA,Developed international equities,65.058266,12582200
2023-04-25,EWC,Canadian equities,32.325108,1270400
2023-04-25,GLD,Gold,185.750000,8451900
2023-04-25,SPY,US equities,389.769104,97766700
2023-04-26,AGG,US aggregate bonds,88.169975,3723600
2023-04-26,EEM,Emerging-market equities,35.485428,45521300
2023-04-26,EFA,Developed international equities,65.013565,16928600
2023-04-26,EWC,Canadian equities,32.231518,1392200
2023-04-26,GLD,Gold,184.740005,8203600
2023-04-26,SPY,US equities,388.118164,80447000
2023-04-27,AGG,US aggregate bonds,87.851959,4018300
2023-04-27,EEM,Emerging-market equities,35.965836,23496200
2023-04-27,EFA,Developed international equities,65.826912,14505700
2023-04-27,EWC,Canadian equities,32.615227,1588300
2023-04-27,GLD,Gold,184.750000,9107400
2023-04-27,SPY,US equities,395.844788,92968400
2023-04-28,AGG,US aggregate bonds,88.302475,5469900
2023-04-28,EEM,Emerging-market equities,36.150608,22481000
2023-04-28,EFA,Developed international equities,65.800110,16936800
2023-04-28,EWC,Canadian equities,32.942783,1873300
2023-04-28,GLD,Gold,184.800003,6700400
2023-04-28,SPY,US equities,399.223480,89433100
2023-05-01,AGG,US aggregate bonds,87.398300,10631600
2023-05-01,EEM,Emerging-market equities,36.030506,16797000
2023-05-01,EFA,Developed international equities,65.701782,24499500
2023-05-01,EWC,Canadian equities,32.886631,1405500
2023-05-01,GLD,Gold,183.970001,7997700
2023-05-01,SPY,US equities,398.820312,62122300
2023-05-02,AGG,US aggregate bonds,88.248459,6085800
2023-05-02,EEM,Emerging-market equities,35.679447,24041500
2023-05-02,EFA,Developed international equities,65.040382,12907200
2023-05-02,EWC,Canadian equities,32.362545,1304700
2023-05-02,GLD,Gold,187.520004,14680600
2023-05-02,SPY,US equities,394.337860,103998500
2023-05-03,AGG,US aggregate bonds,88.638123,5637200
2023-05-03,EEM,Emerging-market equities,35.624012,18827800
2023-05-03,EFA,Developed international equities,65.210205,13977300
2023-05-03,EWC,Canadian equities,32.231518,2749600
2023-05-03,GLD,Gold,189.110001,11133800
2023-05-03,SPY,US equities,391.631165,91531800
2023-05-04,AGG,US aggregate bonds,88.531860,5262200
2023-05-04,EEM,Emerging-market equities,35.910408,29417100
2023-05-04,EFA,Developed international equities,65.076141,17411200
2023-05-04,EWC,Canadian equities,32.287670,1664800
2023-05-04,GLD,Gold,190.440002,14146800
2023-05-04,SPY,US equities,388.857239,94901900
2023-05-05,AGG,US aggregate bonds,88.248459,4003000
2023-05-05,EEM,Emerging-market equities,36.390812,18248200
2023-05-05,EFA,Developed international equities,66.032478,11096900
2023-05-05,EWC,Canadian equities,33.176750,1470400
2023-05-05,GLD,Gold,187.460007,12508100
2023-05-05,SPY,US equities,396.055969,87891800
2023-05-08,AGG,US aggregate bonds,87.761398,5481300
2023-05-08,EEM,Emerging-market equities,36.409298,19721300
2023-05-08,EFA,Developed international equities,66.050362,7533200
2023-05-08,EWC,Canadian equities,33.260979,897300
2023-05-08,GLD,Gold,187.690002,6075400
2023-05-08,SPY,US equities,396.161560,50046800
2023-05-09,AGG,US aggregate bonds,87.681694,5712200
2023-05-09,EEM,Emerging-market equities,36.187565,17294900
2023-05-09,EFA,Developed international equities,65.782227,14835400
2023-05-09,EWC,Canadian equities,33.232899,1193300
2023-05-09,GLD,Gold,189.020004,7098800
2023-05-09,SPY,US equities,394.424255,49220100
2023-05-10,AGG,US aggregate bonds,88.248459,4803000
2023-05-10,EEM,Emerging-market equities,36.169090,22410300
2023-05-10,EFA,Developed international equities,65.648155,14009800
2023-05-10,EWC,Canadian equities,33.092522,2264800
2023-05-10,GLD,Gold,188.750000,9392100
2023-05-10,SPY,US equities,396.267120,96142900
2023-05-11,AGG,US aggregate bonds,88.514137,7703800
2023-05-11,EEM,Emerging-market equities,36.039745,34620300
2023-05-11,EFA,Developed international equities,65.487282,14971700
2023-05-11,EWC,Canadian equities,32.699451,3648200
2023-05-11,GLD,Gold,187.130005,8245500
2023-05-11,SPY,US equities,395.576111,70157100
2023-05-12,AGG,US aggregate bonds,88.018219,4285900
2023-05-12,EEM,Emerging-market equities,35.614765,32789300
2023-05-12,EFA,Developed international equities,65.371094,15823200
2023-05-12,EWC,Canadian equities,32.568428,1165300
2023-05-12,GLD,Gold,186.809998,7087500
2023-05-12,SPY,US equities,395.057739,70481500
2023-05-15,AGG,US aggregate bonds,87.796837,8532600
2023-05-15,EEM,Emerging-market equities,36.270706,28911000
2023-05-15,EFA,Developed international equities,65.871597,10580600
2023-05-15,EWC,Canadian equities,32.980221,1096000
2023-05-15,GLD,Gold,187.210007,5518100
2023-05-15,SPY,US equities,396.420715,54289400
2023-05-16,AGG,US aggregate bonds,87.593140,6728500
2023-05-16,EEM,Emerging-market equities,36.012032,24887200
2023-05-16,EFA,Developed international equities,65.245949,13335700
2023-05-16,EWC,Canadian equities,32.446774,914500
2023-05-16,GLD,Gold,184.869995,9519500
2023-05-16,SPY,US equities,393.771545,57705500
2023-05-17,AGG,US aggregate bonds,87.460304,6318700
2023-05-17,EEM,Emerging-market equities,36.178322,24358200
2023-05-17,EFA,Developed international equities,65.549850,21491300
2023-05-17,EWC,Canadian equities,32.605869,1798300
2023-05-17,GLD,Gold,184.229996,7474300
2023-05-17,SPY,US equities,398.551514,87287000
2023-05-18,AGG,US aggregate bonds,87.052925,4811300
2023-05-18,EEM,Emerging-market equities,35.984318,30378900
2023-05-18,EFA,Developed international equities,65.451530,10657000
2023-05-18,EWC,Canadian equities,32.493565,1098700
2023-05-18,GLD,Gold,181.839996,8812600
2023-05-18,SPY,US equities,402.390900,97177200
2023-05-19,AGG,US aggregate bonds,86.858093,10285900
2023-05-19,EEM,Emerging-market equities,36.012032,26847500
2023-05-19,EFA,Developed international equities,65.835854,15971200
2023-05-19,EWC,Canadian equities,32.549717,946300
2023-05-19,GLD,Gold,183.639999,8435000
2023-05-19,SPY,US equities,401.805359,103793300
2023-05-22,AGG,US aggregate bonds,86.778389,8551100
2023-05-22,EEM,Emerging-market equities,36.307667,30254000
2023-05-22,EFA,Developed international equities,65.853729,12122700
2023-05-22,EWC,Canadian equities,32.596508,1773900
2023-05-22,GLD,Gold,183.210007,4834300
2023-05-22,SPY,US equities,401.968567,60745400
2023-05-23,AGG,US aggregate bonds,86.875801,7641200
2023-05-23,EEM,Emerging-market equities,35.744114,43844500
2023-05-23,EFA,Developed international equities,64.888451,19215100
2023-05-23,EWC,Canadian equities,32.222160,999000
2023-05-23,GLD,Gold,183.429993,6345000
2023-05-23,SPY,US equities,397.457275,86383500
2023-05-24,AGG,US aggregate bonds,86.654411,7719200
2023-05-24,EEM,Emerging-market equities,35.476196,31559600
2023-05-24,EFA,Developed international equities,63.941040,21758100
2023-05-24,EWC,Canadian equities,31.641918,1611300
2023-05-24,GLD,Gold,181.949997,6732900
2023-05-24,SPY,US equities,394.577850,89213700
2023-05-25,AGG,US aggregate bonds,86.335594,5941300
2023-05-25,EEM,Emerging-market equities,35.402283,28492700
2023-05-25,EFA,Developed international equities,63.851662,17393700
2023-05-25,EWC,Canadian equities,31.342438,1776100
2023-05-25,GLD,Gold,180.199997,6919200
2023-05-25,SPY,US equities,397.994812,90961600
2023-05-26,AGG,US aggregate bonds,86.406425,3889800
2023-05-26,EEM,Emerging-market equities,36.030506,24941700
2023-05-26,EFA,Developed international equities,64.477310,11189800
2023-05-26,EWC,Canadian equities,31.613838,1183400
2023-05-26,GLD,Gold,180.919998,5823700
2023-05-26,SPY,US equities,403.149109,93830000
2023-05-30,AGG,US aggregate bonds,86.982079,7349900
2023-05-30,EEM,Emerging-market equities,35.614765,25536900
2023-05-30,EFA,Developed international equities,63.824844,13979800
2023-05-30,EWC,Canadian equities,31.370514,1134100
2023-05-30,GLD,Gold,182.039993,4906100
2023-05-30,SPY,US equities,403.302704,72216000
2023-05-31,AGG,US aggregate bonds,87.292030,10559900
2023-05-31,EEM,Emerging-market equities,35.282181,35917900
2023-05-31,EFA,Developed international equities,63.163452,32754700
2023-05-31,EWC,Canadian equities,31.127186,2433100
2023-05-31,GLD,Gold,182.320007,8497900
2023-05-31,SPY,US equities,401.066284,110811800
2023-06-01,AGG,US aggregate bonds,87.556618,9029800
2023-06-01,EEM,Emerging-market equities,35.910408,32875300
2023-06-01,EFA,Developed international equities,64.101906,29681600
2023-06-01,EWC,Canadian equities,31.567045,2200300
2023-06-01,GLD,Gold,183.759995,7300500
2023-06-01,SPY,US equities,404.876862,88865000
2023-06-02,AGG,US aggregate bonds,87.094910,6877200
2023-06-02,EEM,Emerging-market equities,36.529392,53717000
2023-06-02,EFA,Developed international equities,64.933144,18693500
2023-06-02,EWC,Canadian equities,32.231518,1694800
2023-06-02,GLD,Gold,181.050003,8726100
2023-06-02,SPY,US equities,410.731812,91426200
2023-06-05,AGG,US aggregate bonds,87.086029,7246200
2023-06-05,EEM,Emerging-market equities,36.520153,16947400
2023-06-05,EFA,Developed international equities,64.557747,18029700
2023-06-05,EWC,Canadian equities,32.025627,1107100
2023-06-05,GLD,Gold,182.139999,5748800
2023-06-05,SPY,US equities,409.944794,65460200
2023-06-06,AGG,US aggregate bonds,87.192604,3816000
2023-06-06,EEM,Emerging-market equities,36.843506,35447700
2023-06-06,EFA,Developed international equities,65.094025,17811900
2023-06-06,EWC,Canadian equities,32.315746,674000
2023-06-06,GLD,Gold,182.339996,4967200
2023-06-06,SPY,US equities,410.837433,64022200
2023-06-07,AGG,US aggregate bonds,86.730881,5131500
2023-06-07,EEM,Emerging-market equities,36.685219,44313300
2023-06-07,EFA,Developed international equities,64.521515,29259200
2023-06-07,EWC,Canadian equities,32.283607,2456000
2023-06-07,GLD,Gold,180.149994,9066500
2023-06-07,SPY,US equities,409.416840,85373300
2023-06-08,AGG,US aggregate bonds,87.192604,5041900
2023-06-08,EEM,Emerging-market equities,36.945923,26886800
2023-06-08,EFA,Developed international equities,65.204155,15781000
2023-06-08,EWC,Canadian equities,32.274147,1068600
2023-06-08,GLD,Gold,182.529999,6394100
2023-06-08,SPY,US equities,411.893250,61952800
2023-06-09,AGG,US aggregate bonds,86.988380,7140700
2023-06-09,EEM,Emerging-market equities,37.113522,22199200
2023-06-09,EFA,Developed international equities,65.094933,15419000
2023-06-09,EWC,Canadian equities,32.236340,1434000
2023-06-09,GLD,Gold,182.039993,4379200
2023-06-09,SPY,US equities,412.632263,85742800
2023-06-12,AGG,US aggregate bonds,87.139351,5436300
2023-06-12,EEM,Emerging-market equities,37.188011,25267100
2023-06-12,EFA,Developed international equities,65.377083,15814700
2023-06-12,EWC,Canadian equities,32.255238,2131900
2023-06-12,GLD,Gold,181.880005,4873600
2023-06-12,SPY,US equities,416.375610,76104300
2023-06-13,AGG,US aggregate bonds,86.730881,9568100
2023-06-13,EEM,Emerging-market equities,37.560448,35053100
2023-06-13,EFA,Developed international equities,65.995995,17620600
2023-06-13,EWC,Canadian equities,32.491577,1016600
2023-06-13,GLD,Gold,180.539993,5126700
2023-06-13,SPY,US equities,419.120758,95899700
2023-06-14,AGG,US aggregate bonds,86.810799,8360100
2023-06-14,EEM,Emerging-market equities,37.839775,37898300
2023-06-14,EFA,Developed international equities,66.241730,17305800
2023-06-14,EWC,Canadian equities,32.519939,1505300
2023-06-14,GLD,Gold,180.639999,6807000
2023-06-14,SPY,US equities,419.619873,100612100
2023-06-15,AGG,US aggregate bonds,87.414536,7472000
2023-06-15,EEM,Emerging-market equities,38.193596,36328400
2023-06-15,EFA,Developed international equities,66.942574,14597200
2023-06-15,EWC,Canadian equities,32.869717,1613400
2023-06-15,GLD,Gold,181.910004,6739000
2023-06-15,SPY,US equities,424.822113,110303100
2023-06-16,AGG,US aggregate bonds,87.139351,5653700
2023-06-16,EEM,Emerging-market equities,38.063248,40001900
2023-06-16,EFA,Developed international equities,66.796928,20036200
2023-06-16,EWC,Canadian equities,32.831909,1364200
2023-06-16,GLD,Gold,181.630005,8779100
2023-06-16,SPY,US equities,423.375153,114165800
2023-06-20,AGG,US aggregate bonds,87.299133,6694200
2023-06-20,EEM,Emerging-market equities,37.318363,50477100
2023-06-20,EFA,Developed international equities,65.914070,16873000
2023-06-20,EWC,Canadian equities,32.387585,1086100
2023-06-20,GLD,Gold,179.750000,7584200
2023-06-20,SPY,US equities,421.178589,76160400
2023-06-21,AGG,US aggregate bonds,87.441177,5579900
2023-06-21,EEM,Emerging-market equities,37.141457,20771300
2023-06-21,EFA,Developed international equities,66.014183,11322700
2023-06-21,EWC,Canadian equities,32.472672,1006700
2023-06-21,GLD,Gold,179.490005,6702300
2023-06-21,SPY,US equities,419.020599,76982300
2023-06-22,AGG,US aggregate bonds,86.988380,7147600
2023-06-22,EEM,Emerging-market equities,37.011105,22804200
2023-06-22,EFA,Developed international equities,65.604622,11313300
2023-06-22,EWC,Canadian equities,32.321415,1075200
2023-06-22,GLD,Gold,177.710007,7945000
2023-06-22,SPY,US equities,420.533112,70637200
2023-06-23,AGG,US aggregate bonds,87.245865,4792900
2023-06-23,EEM,Emerging-market equities,36.471066,26321700
2023-06-23,EFA,Developed international equities,64.585236,15929700
2023-06-23,EWC,Canadian equities,31.962187,1153600
2023-06-23,GLD,Gold,178.199997,5419800
2023-06-23,SPY,US equities,417.353882,92074500
2023-06-26,AGG,US aggregate bonds,87.352425,10632300
2023-06-26,EEM,Emerging-market equities,36.592110,18302400
2023-06-26,EFA,Developed international equities,64.667145,12950900
2023-06-26,EWC,Canadian equities,32.359234,1101200
2023-06-26,GLD,Gold,178.509995,3222100
2023-06-26,SPY,US equities,415.648682,72823600
2023-06-27,AGG,US aggregate bonds,87.183716,7803300
2023-06-27,EEM,Emerging-market equities,36.964550,21799500
2023-06-27,EFA,Developed international equities,65.231453,11034100
2023-06-27,EWC,Canadian equities,32.576660,950600
2023-06-27,GLD,Gold,177.690002,5036900
2023-06-27,SPY,US equities,420.205536,72813700
2023-06-28,AGG,US aggregate bonds,87.441177,8622900
2023-06-28,EEM,Emerging-market equities,36.741089,21628400
2023-06-28,EFA,Developed international equities,65.276955,9256500
2023-06-28,EWC,Canadian equities,32.491577,1212500
2023-06-28,GLD,Gold,177.279999,5866700
2023-06-28,SPY,US equities,420.417572,75636000
2023-06-29,AGG,US aggregate bonds,86.766380,8877500
2023-06-29,EEM,Emerging-market equities,36.545551,23278300
2023-06-29,EFA,Developed international equities,65.185959,6736000
2023-06-29,EWC,Canadian equities,32.699558,1075600
2023-06-29,GLD,Gold,177.089996,6862500
2023-06-29,SPY,US equities,422.074585,67882300
2023-06-30,AGG,US aggregate bonds,86.970612,13417300
2023-06-30,EEM,Emerging-market equities,36.834198,23366700
2023-06-30,EFA,Developed international equities,65.986885,28381100
2023-06-30,EWC,Canadian equities,33.077698,1903900
2023-06-30,GLD,Gold,178.270004,6420900
2023-06-30,SPY,US equities,427.055389,104964000
2023-07-03,AGG,US aggregate bonds,86.868240,3691600
2023-07-03,EEM,Emerging-market equities,37.243877,15417000
2023-07-03,EFA,Developed international equities,65.914070,13375500
2023-07-03,EWC,Canadian equities,33.276218,1144400
2023-07-03,GLD,Gold,178.470001,4085700
2023-07-03,SPY,US equities,427.546631,32793400
2023-07-05,AGG,US aggregate bonds,86.476532,6046200
2023-07-05,EEM,Emerging-market equities,37.020412,15853800
2023-07-05,EFA,Developed international equities,65.176849,15971500
2023-07-05,EWC,Canadian equities,32.898075,2598200
2023-07-05,GLD,Gold,177.839996,5650600
2023-07-05,SPY,US equities,426.910797,58418400
2023-07-06,AGG,US aggregate bonds,85.915688,9534200
2023-07-06,EEM,Emerging-market equities,36.266224,36352500
2023-07-06,EFA,Developed international equities,64.048248,17415300
2023-07-06,EWC,Canadian equities,32.217434,1942600
2023-07-06,GLD,Gold,177.309998,5133000
2023-07-06,SPY,US equities,423.567810,80658300
2023-07-07,AGG,US aggregate bonds,85.933464,8311000
2023-07-07,EEM,Emerging-market equities,36.675903,21518600
2023-07-07,EFA,Developed international equities,64.530632,16721300
2023-07-07,EWC,Canadian equities,32.453770,1265100
2023-07-07,GLD,Gold,178.639999,5201100
2023-07-07,SPY,US equities,422.498413,86134200
2023-07-10,AGG,US aggregate bonds,86.173866,8827400
2023-07-10,EEM,Emerging-market equities,36.703838,22273400
2023-07-10,EFA,Developed international equities,64.712654,9486000
2023-07-10,EWC,Canadian equities,32.406498,1043500
2023-07-10,GLD,Gold,178.779999,3320500
2023-07-10,SPY,US equities,423.567810,62443500
2023-07-11,AGG,US aggregate bonds,86.360794,5978500
2023-07-11,EEM,Emerging-market equities,37.076279,19616000
2023-07-11,EFA,Developed international equities,65.295158,12811300
2023-07-11,EWC,Canadian equities,32.567211,795000
2023-07-11,GLD,Gold,179.449997,2818800
2023-07-11,SPY,US equities,426.265350,64463800
2023-07-12,AGG,US aggregate bonds,87.064064,7189100
2023-07-12,EEM,Emerging-market equities,37.904957,61015900
2023-07-12,EFA,Developed international equities,66.542091,16111100
2023-07-12,EWC,Canadian equities,33.030426,1068300
2023-07-12,GLD,Gold,181.880005,7062000
2023-07-12,SPY,US equities,429.695038,91924500
2023-07-13,AGG,US aggregate bonds,87.607101,7458500
2023-07-13,EEM,Emerging-market equities,38.398438,44062400
2023-07-13,EFA,Developed international equities,67.606972,12707500
2023-07-13,EWC,Canadian equities,33.588177,1057300
2023-07-13,GLD,Gold,182.009995,4527900
2023-07-13,SPY,US equities,433.105469,72425200
2023-07-14,AGG,US aggregate bonds,87.188728,7208400
2023-07-14,EEM,Emerging-market equities,38.184280,26724500
2023-07-14,EFA,Developed international equities,67.224709,12549100
2023-07-14,EWC,Canadian equities,33.314037,2712900
2023-07-14,GLD,Gold,181.429993,5390000
2023-07-14,SPY,US equities,432.835693,69815800
2023-07-17,AGG,US aggregate bonds,87.286644,4689500
2023-07-17,EEM,Emerging-market equities,38.230843,25782900
2023-07-17,EFA,Developed international equities,67.142792,15876600
2023-07-17,EWC,Canadian equities,33.361298,571900
2023-07-17,GLD,Gold,181.559998,4152400
2023-07-17,SPY,US equities,434.338654,52680200
2023-07-18,AGG,US aggregate bonds,87.357834,5593200
2023-07-18,EEM,Emerging-market equities,37.951508,29377700
2023-07-18,EFA,Developed international equities,67.579674,11519400
2023-07-18,EWC,Canadian equities,33.635448,656800
2023-07-18,GLD,Gold,183.639999,8238000
2023-07-18,SPY,US equities,437.566010,80668200
2023-07-19,AGG,US aggregate bonds,87.624931,7467900
2023-07-19,EEM,Emerging-market equities,37.877022,26941200
2023-07-19,EFA,Developed international equities,67.543266,11138700
2023-07-19,EWC,Canadian equities,33.852882,1086900
2023-07-19,GLD,Gold,183.669998,3911600
2023-07-19,SPY,US equities,438.539001,65891700
2023-07-20,AGG,US aggregate bonds,87.170898,12562400
2023-07-20,EEM,Emerging-market equities,37.597691,31226700
2023-07-20,EFA,Developed international equities,67.197403,14843900
2023-07-20,EWC,Canadian equities,33.729984,1020100
2023-07-20,GLD,Gold,182.740005,4972900
2023-07-20,SPY,US equities,435.629578,70591600
2023-07-21,AGG,US aggregate bonds,87.233231,7605200
2023-07-21,EEM,Emerging-market equities,37.541824,21620500
2023-07-21,EFA,Developed international equities,67.333939,10318400
2023-07-21,EWC,Canadian equities,33.843426,910500
2023-07-21,GLD,Gold,182.179993,3845400
2023-07-21,SPY,US equities,435.629578,71275600
2023-07-24,AGG,US aggregate bonds,87.072998,6656600
2023-07-24,EEM,Emerging-market equities,38.053928,47123600
2023-07-24,EFA,Developed international equities,67.170105,9421100
2023-07-24,EWC,Canadian equities,34.041946,1314000
2023-07-24,GLD,Gold,181.399994,4370000
2023-07-24,SPY,US equities,437.575623,54023400
2023-07-25,AGG,US aggregate bonds,86.975060,5794800
2023-07-25,EEM,Emerging-market equities,38.370502,32437300
2023-07-25,EFA,Developed international equities,67.242912,9151000
2023-07-25,EWC,Canadian equities,33.937962,678900
2023-07-25,GLD,Gold,182.410004,4090100
2023-07-25,SPY,US equities,438.770264,55191200
2023-07-26,AGG,US aggregate bonds,87.259933,5907400
2023-07-26,EEM,Emerging-market equities,38.593971,34963100
2023-07-26,EFA,Developed international equities,67.424957,12325300
2023-07-26,EWC,Canadian equities,33.919052,894600
2023-07-26,GLD,Gold,183.300003,6158400
2023-07-26,SPY,US equities,438.837708,71052900
2023-07-27,AGG,US aggregate bonds,86.512131,6937900
2023-07-27,EEM,Emerging-market equities,38.119106,37548500
2023-07-27,EFA,Developed international equities,67.270218,12775700
2023-07-27,EWC,Canadian equities,33.607086,1679900
2023-07-27,GLD,Gold,180.419998,7592800
2023-07-27,SPY,US equities,435.928192,92194400
2023-07-28,AGG,US aggregate bonds,86.850403,9233600
2023-07-28,EEM,Emerging-market equities,39.040894,34529000
2023-07-28,EFA,Developed international equities,67.752602,15891100
2023-07-28,EWC,Canadian equities,33.824516,1892600
2023-07-28,GLD,Gold,181.860001,3828800
2023-07-28,SPY,US equities,440.196106,80011800
2023-07-31,AGG,US aggregate bonds,86.957260,11079100
2023-07-31,EEM,Emerging-market equities,39.059513,28029100
2023-07-31,EFA,Developed international equities,67.770813,13797600
2023-07-31,EWC,Canadian equities,34.108124,1075100
2023-07-31,GLD,Gold,182.350006,5494800
2023-07-31,SPY,US equities,441.034241,62040400
2023-08-01,AGG,US aggregate bonds,86.381485,8810400
2023-08-01,EEM,Emerging-market equities,38.566036,34635600
2023-08-01,EFA,Developed international equities,66.924362,16707800
2023-08-01,EWC,Canadian equities,33.673264,1459100
2023-08-01,GLD,Gold,180.460007,6239700
2023-08-01,SPY,US equities,439.772156,55291500
2023-08-02,AGG,US aggregate bonds,86.176193,8551900
2023-08-02,EEM,Emerging-market equities,37.644249,35588700
2023-08-02,EFA,Developed international equities,65.677437,16805400
2023-08-02,EWC,Canadian equities,33.002068,1594800
2023-08-02,GLD,Gold,179.600006,6339700
2023-08-02,SPY,US equities,433.654602,93933400
2023-08-03,AGG,US aggregate bonds,85.595993,7532700
2023-08-03,EEM,Emerging-market equities,37.793228,20893600
2023-08-03,EFA,Developed international equities,65.495407,12745700
2023-08-03,EWC,Canadian equities,32.831909,1258000
2023-08-03,GLD,Gold,179.539993,4636300
2023-08-03,SPY,US equities,432.411835,64276100
2023-08-04,AGG,US aggregate bonds,86.301163,6400400
2023-08-04,EEM,Emerging-market equities,37.746670,29249200
2023-08-04,EFA,Developed international equities,65.677437,14079600
2023-08-04,EWC,Canadian equities,32.916985,1198300
2023-08-04,GLD,Gold,180.190002,5326200
2023-08-04,SPY,US equities,430.456177,100128900
2023-08-07,AGG,US aggregate bonds,86.319016,9732600
2023-08-07,EEM,Emerging-market equities,37.690804,19419100
2023-08-07,EFA,Developed international equities,66.232635,12940600
2023-08-07,EWC,Canadian equities,33.039883,2177600
2023-08-07,GLD,Gold,179.779999,4510400
2023-08-07,SPY,US equities,434.213409,58357500
2023-08-08,AGG,US aggregate bonds,86.524323,6867300
2023-08-08,EEM,Emerging-market equities,37.234570,22600700
2023-08-08,EFA,Developed international equities,65.832169,14144400
2023-08-08,EWC,Canadian equities,32.831909,1392200
2023-08-08,GLD,Gold,178.639999,6162900
2023-08-08,SPY,US equities,432.325165,71361300
2023-08-09,AGG,US aggregate bonds,86.586800,5634700
2023-08-09,EEM,Emerging-market equities,37.327675,27936800
2023-08-09,EFA,Developed international equities,65.813957,12188700
2023-08-09,EWC,Canadian equities,32.907536,1154400
2023-08-09,GLD,Gold,177.789993,4644000
2023-08-09,SPY,US equities,429.434906,78789600
2023-08-10,AGG,US aggregate bonds,86.024452,15516100
2023-08-10,EEM,Emerging-market equities,37.383541,26321200
2023-08-10,EFA,Developed international equities,66.096115,16788900
2023-08-10,EWC,Canadian equities,32.973709,1045300
2023-08-10,GLD,Gold,177.600006,5934600
2023-08-10,SPY,US equities,429.589050,93005500
2023-08-11,AGG,US aggregate bonds,85.756676,9016700
2023-08-11,EEM,Emerging-market equities,36.834198,32303600
2023-08-11,EFA,Developed international equities,65.650124,14863700
2023-08-11,EWC,Canadian equities,33.049335,1044400
2023-08-11,GLD,Gold,177.600006,5289700
2023-08-11,SPY,US equities,429.338593,68690900
2023-08-14,AGG,US aggregate bonds,85.694168,7901300
2023-08-14,EEM,Emerging-market equities,36.657284,25510000
2023-08-14,EFA,Developed international equities,65.358879,9959400
2023-08-14,EWC,Canadian equities,32.850811,734800
2023-08-14,GLD,Gold,177.059998,9554500
2023-08-14,SPY,US equities,431.708496,47867400
2023-08-15,AGG,US aggregate bonds,85.462067,6522500
2023-08-15,EEM,Emerging-market equities,36.238293,31837500
2023-08-15,EFA,Developed international equities,64.548828,13863600
2023-08-15,EWC,Canadian equities,32.141800,2059700
2023-08-15,GLD,Gold,176.589996,7582700
2023-08-15,SPY,US equities,426.679626,75707500
2023-08-16,AGG,US aggregate bonds,85.256767,8964600
2023-08-16,EEM,Emerging-market equities,35.912407,37596400
2023-08-16,EFA,Developed international equities,64.020927,10940100
2023-08-16,EWC,Canadian equities,32.037815,1081100
2023-08-16,GLD,Gold,175.570007,6559400
2023-08-16,SPY,US equities,423.548584,80107200
2023-08-17,AGG,US aggregate bonds,85.167511,8162300
2023-08-17,EEM,Emerging-market equities,35.996201,35544200
2023-08-17,EFA,Developed international equities,63.565845,14730500
2023-08-17,EWC,Canadian equities,31.886557,815400
2023-08-17,GLD,Gold,175.300003,7937700
2023-08-17,SPY,US equities,420.321198,95711300
2023-08-18,AGG,US aggregate bonds,85.354973,6154600
2023-08-18,EEM,Emerging-market equities,35.754124,33913100
2023-08-18,EFA,Developed international equities,63.565845,13617500
2023-08-18,EWC,Canadian equities,31.886557,1355900
2023-08-18,GLD,Gold,175.330002,6253000
2023-08-18,SPY,US equities,420.523468,98852000
2023-08-21,AGG,US aggregate bonds,84.926460,13362300
2023-08-21,EEM,Emerging-market equities,35.837925,24331900
2023-08-21,EFA,Developed international equities,63.802494,15838400
2023-08-21,EWC,Canadian equities,31.839294,777800
2023-08-21,GLD,Gold,175.809998,4206400
2023-08-21,SPY,US equities,423.259521,68719000
2023-08-22,AGG,US aggregate bonds,85.015755,6156200
2023-08-22,EEM,Emerging-market equities,35.763432,26689500
2023-08-22,EFA,Developed international equities,63.684174,10563000
2023-08-22,EWC,Canadian equities,31.650223,1185600
2023-08-22,GLD,Gold,176.100006,5892200
2023-08-22,SPY,US equities,422.113098,64994200
2023-08-23,AGG,US aggregate bonds,85.828049,7831600
2023-08-23,EEM,Emerging-market equities,36.331402,27643300
2023-08-23,EFA,Developed international equities,64.375900,12670000
2023-08-23,EWC,Canadian equities,32.000000,914300
2023-08-23,GLD,Gold,177.889999,7949100
2023-08-23,SPY,US equities,426.814423,68441000
2023-08-24,AGG,US aggregate bonds,85.631676,8247700
2023-08-24,EEM,Emerging-market equities,36.191738,25776700
2023-08-24,EFA,Developed international equities,63.493046,14879000
2023-08-24,EWC,Canadian equities,31.763664,738700
2023-08-24,GLD,Gold,177.850006,5526400
2023-08-24,SPY,US equities,420.899261,88517300
2023-08-25,AGG,US aggregate bonds,85.578094,7917900
2023-08-25,EEM,Emerging-market equities,36.228981,20154800
2023-08-25,EFA,Developed international equities,63.920815,11617700
2023-08-25,EWC,Canadian equities,31.773115,902800
2023-08-25,GLD,Gold,177.619995,6132800
2023-08-25,SPY,US equities,423.866486,102325100
2023-08-28,AGG,US aggregate bonds,85.765564,6544500
2023-08-28,EEM,Emerging-market equities,36.582798,21426800
2023-08-28,EFA,Developed international equities,64.594337,12320400
2023-08-28,EWC,Canadian equities,32.066170,619100
2023-08-28,GLD,Gold,178.130005,4740700
2023-08-28,SPY,US equities,426.554352,61595400
2023-08-29,AGG,US aggregate bonds,86.319016,7386300
2023-08-29,EEM,Emerging-market equities,37.048344,30243400
2023-08-29,EFA,Developed international equities,65.395279,12224400
2023-08-29,EWC,Canadian equities,32.595573,1421100
2023-08-29,GLD,Gold,179.869995,7576600
2023-08-29,SPY,US equities,432.720123,83081900
2023-08-30,AGG,US aggregate bonds,86.283310,8752300
2023-08-30,EEM,Emerging-market equities,36.927307,16164200
2023-08-30,EFA,Developed international equities,65.358879,12235800
2023-08-30,EWC,Canadian equities,32.756279,795900
2023-08-30,GLD,Gold,180.320007,6593700
2023-08-30,SPY,US equities,434.502380,69053900
2023-08-31,AGG,US aggregate bonds,86.408272,7230100
2023-08-31,EEM,Emerging-market equities,36.471066,35424700
2023-08-31,EFA,Developed international equities,65.104027,13375200
2023-08-31,EWC,Canadian equities,32.794094,1151200
2023-08-31,GLD,Gold,180.020004,4795600
2023-08-31,SPY,US equities,433.866608,66084600
2023-09-01,AGG,US aggregate bonds,85.960770,8132400
2023-09-01,EEM,Emerging-market equities,36.899372,26152300
2023-09-01,EFA,Developed international equities,65.067627,17069800
2023-09-01,EWC,Canadian equities,33.020981,733400
2023-09-01,GLD,Gold,180.110001,4970700
2023-09-01,SPY,US equities,434.675812,58944100
2023-09-05,AGG,US aggregate bonds,85.495338,6111400
2023-09-05,EEM,Emerging-market equities,36.601425,23571600
2023-09-05,EFA,Developed international equities,64.503326,12085000
2023-09-05,EWC,Canadian equities,32.709011,855400
2023-09-05,GLD,Gold,178.639999,7056800
2023-09-05,SPY,US equities,432.797150,55166200
2023-09-06,AGG,US aggregate bonds,85.414772,8379200
2023-09-06,EEM,Emerging-market equities,36.396576,29118500
2023-09-06,EFA,Developed international equities,64.366798,11294600
2023-09-06,EWC,Canadian equities,32.406498,805500
2023-09-06,GLD,Gold,177.830002,6427200
2023-09-06,SPY,US equities,429.887756,70758500
2023-09-07,AGG,US aggregate bonds,85.683289,5077800
2023-09-07,EEM,Emerging-market equities,35.968273,23907500
2023-09-07,EFA,Developed international equities,64.157463,13543000
2023-09-07,EWC,Canadian equities,32.151253,685300
2023-09-07,GLD,Gold,178.020004,3257200
2023-09-07,SPY,US equities,428.567841,70355400
2023-09-08,AGG,US aggregate bonds,85.728043,4774200
2023-09-08,EEM,Emerging-market equities,36.042767,15126500
2023-09-08,EFA,Developed international equities,64.066444,11813900
2023-09-08,EWC,Canadian equities,32.151253,880500
2023-09-08,GLD,Gold,178.080002,3292700
2023-09-08,SPY,US equities,429.213348,61659700
2023-09-11,AGG,US aggregate bonds,85.629585,4077200
2023-09-11,EEM,Emerging-market equities,36.489685,20748000
2023-09-11,EFA,Developed international equities,64.730865,11650900
2023-09-11,EWC,Canadian equities,32.491577,538800
2023-09-11,GLD,Gold,178.410004,3689100
2023-09-11,SPY,US equities,432.036133,60180100
2023-09-12,AGG,US aggregate bonds,85.656418,4583400
2023-09-12,EEM,Emerging-market equities,36.377953,26259600
2023-09-12,EFA,Developed international equities,64.466911,7947100
2023-09-12,EWC,Canadian equities,32.595573,613400
2023-09-12,GLD,Gold,177.490005,4445400
2023-09-12,SPY,US equities,429.666199,67565400
2023-09-13,AGG,US aggregate bonds,85.781731,5953600
2023-09-13,EEM,Emerging-market equities,36.331402,20707900
2023-09-13,EFA,Developed international equities,64.266678,10047900
2023-09-13,EWC,Canadian equities,32.709011,1738300
2023-09-13,GLD,Gold,177.080002,3874800
2023-09-13,SPY,US equities,430.167145,60199300
2023-09-14,AGG,US aggregate bonds,85.665359,5952800
2023-09-14,EEM,Emerging-market equities,36.573486,22611200
2023-09-14,EFA,Developed international equities,65.113136,13519800
2023-09-14,EWC,Canadian equities,33.314037,2093700
2023-09-14,GLD,Gold,177.169998,6184400
2023-09-14,SPY,US equities,433.876190,83430800
2023-09-15,AGG,US aggregate bonds,85.468468,5667700
2023-09-15,EEM,Emerging-market equities,36.433823,32981700
2023-09-15,EFA,Developed international equities,64.967506,13678500
2023-09-15,EWC,Canadian equities,33.342392,1222300
2023-09-15,GLD,Gold,178.339996,5620900
2023-09-15,SPY,US equities,428.648712,111848900
2023-09-18,AGG,US aggregate bonds,85.593788,6066200
2023-09-18,EEM,Emerging-market equities,36.387272,22967000
2023-09-18,EFA,Developed international equities,64.739952,9121300
2023-09-18,EWC,Canadian equities,33.247852,873800
2023-09-18,GLD,Gold,179.389999,5049300
2023-09-18,SPY,US equities,428.900055,55752200
2023-09-19,AGG,US aggregate bonds,85.343170,5327900
2023-09-19,EEM,Emerging-market equities,36.173119,17394800
2023-09-19,EFA,Developed international equities,64.794571,10339900
2023-09-19,EWC,Canadian equities,32.945351,2130000
2023-09-19,GLD,Gold,179.220001,4224700
2023-09-19,SPY,US equities,428.010620,66514600
2023-09-20,AGG,US aggregate bonds,85.298416,6282700
2023-09-20,EEM,Emerging-market equities,36.024139,24521800
2023-09-20,EFA,Developed international equities,64.639847,14523400
2023-09-20,EWC,Canadian equities,32.860264,1498900
2023-09-20,GLD,Gold,179.350006,9328000
2023-09-20,SPY,US equities,424.075775,82562600
2023-09-21,AGG,US aggregate bonds,84.716614,8028900
2023-09-21,EEM,Emerging-market equities,35.400307,33915600
2023-09-21,EFA,Developed international equities,63.565845,17619900
2023-09-21,EWC,Canadian equities,32.151253,1199900
2023-09-21,GLD,Gold,178.050003,7571900
2023-09-21,SPY,US equities,417.066467,104095800
2023-09-22,AGG,US aggregate bonds,85.074669,7294200
2023-09-22,EEM,Emerging-market equities,35.819302,40006500
2023-09-22,EFA,Developed international equities,63.620468,14714800
2023-09-22,EWC,Canadian equities,32.094536,1279200
2023-09-22,GLD,Gold,178.619995,3634800
2023-09-22,SPY,US equities,416.128662,100829700
2023-09-25,AGG,US aggregate bonds,84.403358,7485000
2023-09-25,EEM,Emerging-market equities,35.661011,29050100
2023-09-25,EFA,Developed international equities,63.338303,16853100
2023-09-25,EWC,Canadian equities,32.236340,1229500
2023-09-25,GLD,Gold,177.699997,5582100
2023-09-25,SPY,US equities,417.878601,70874500
2023-09-26,AGG,US aggregate bonds,84.295952,15549200
2023-09-26,EEM,Emerging-market equities,35.158218,39426100
2023-09-26,EFA,Developed international equities,62.519157,17756900
2023-09-26,EWC,Canadian equities,31.725849,1609400
2023-09-26,GLD,Gold,176.279999,7181100
2023-09-26,SPY,US equities,411.739441,96168400
2023-09-27,AGG,US aggregate bonds,84.000587,14560500
2023-09-27,EEM,Emerging-market equities,35.214081,27723500
2023-09-27,EFA,Developed international equities,62.400833,16390400
2023-09-27,EWC,Canadian equities,31.565142,1311600
2023-09-27,GLD,Gold,174.100006,10919600
2023-09-27,SPY,US equities,411.903778,104705800
2023-09-28,AGG,US aggregate bonds,84.251198,13334200
2023-09-28,EEM,Emerging-market equities,35.307198,31425500
2023-09-28,EFA,Developed international equities,62.910534,19507400
2023-09-28,EWC,Canadian equities,31.886557,1741100
2023-09-28,GLD,Gold,173.229996,10061900
2023-09-28,SPY,US equities,414.291748,92258300
2023-09-29,AGG,US aggregate bonds,84.170654,13483500
2023-09-29,EEM,Emerging-market equities,35.335129,41783600
2023-09-29,EFA,Developed international equities,62.728504,20292800
2023-09-29,EWC,Canadian equities,31.631311,1799200
2023-09-29,GLD,Gold,171.449997,10427400
2023-09-29,SPY,US equities,413.286316,115111300
2023-10-02,AGG,US aggregate bonds,83.584564,8880000
2023-10-02,EEM,Emerging-market equities,35.158218,30529200
2023-10-02,EFA,Developed international equities,61.809242,23671400
2023-10-02,EWC,Canadian equities,30.903399,2607900
2023-10-02,GLD,Gold,169.649994,12706000
2023-10-02,SPY,US equities,413.121979,83798600
2023-10-03,AGG,US aggregate bonds,82.929382,12058400
2023-10-03,EEM,Emerging-market equities,34.692665,52953900
2023-10-03,EFA,Developed international equities,61.035591,19913200
2023-10-03,EWC,Canadian equities,30.534712,2092300
2023-10-03,GLD,Gold,169.160004,11459800
2023-10-03,SPY,US equities,407.591858,103760600
2023-10-04,AGG,US aggregate bonds,83.512787,14097800
2023-10-04,EEM,Emerging-market equities,34.590248,36174300
2023-10-04,EFA,Developed international equities,61.144821,19586200
2023-10-04,EWC,Canadian equities,30.449629,3200200
2023-10-04,GLD,Gold,169.139999,10034600
2023-10-04,SPY,US equities,410.559967,87453000
2023-10-05,AGG,US aggregate bonds,83.566620,7129400
2023-10-05,EEM,Emerging-market equities,34.720608,27725900
2023-10-05,EFA,Developed international equities,61.681816,18327200
2023-10-05,EWC,Canadian equities,30.704874,1297100
2023-10-05,GLD,Gold,168.830002,6970200
2023-10-05,SPY,US equities,410.405304,70142700
2023-10-06,AGG,US aggregate bonds,83.243530,9569500
2023-10-06,EEM,Emerging-market equities,35.223400,33737600
2023-10-06,EFA,Developed international equities,62.364437,17758900
2023-10-06,EWC,Canadian equities,30.979025,1744300
2023-10-06,GLD,Gold,169.699997,9948400
2023-10-06,SPY,US equities,415.277954,113273300
2023-10-09,AGG,US aggregate bonds,84.105148,4353100
2023-10-09,EEM,Emerging-market equities,35.055801,21799900
2023-10-09,EFA,Developed international equities,62.273415,11015700
2023-10-09,EWC,Canadian equities,31.328804,1619700
2023-10-09,GLD,Gold,172.820007,10201500
2023-10-09,SPY,US equities,417.936615,80374400
2023-10-10,AGG,US aggregate bonds,84.024361,14553600
2023-10-10,EEM,Emerging-market equities,35.558590,35189100
2023-10-10,EFA,Developed international equities,63.128971,23682800
2023-10-10,EWC,Canadian equities,31.584047,1261800
2023-10-10,GLD,Gold,172.529999,5844000
2023-10-10,SPY,US equities,420.111908,78607300
2023-10-11,AGG,US aggregate bonds,84.410286,15347000
2023-10-11,EEM,Emerging-market equities,35.782051,24577700
2023-10-11,EFA,Developed international equities,63.392921,15393600
2023-10-11,EWC,Canadian equities,31.820385,1079700
2023-10-11,GLD,Gold,173.789993,7128000
2023-10-11,SPY,US equities,421.832825,62451700
2023-10-12,AGG,US aggregate bonds,83.683289,11189800
2023-10-12,EEM,Emerging-market equities,35.381680,36022000
2023-10-12,EFA,Developed international equities,62.865021,16764600
2023-10-12,EWC,Canadian equities,31.394976,1148100
2023-10-12,GLD,Gold,173.259995,5912700
2023-10-12,SPY,US equities,419.261139,81154200
2023-10-13,AGG,US aggregate bonds,84.042313,7515500
2023-10-13,EEM,Emerging-market equities,35.251335,26187900
2023-10-13,EFA,Developed international equities,62.282524,19900300
2023-10-13,EWC,Canadian equities,31.366621,1651900
2023-10-13,GLD,Gold,178.830002,18796500
2023-10-13,SPY,US equities,417.172821,95143100
2023-10-16,AGG,US aggregate bonds,83.575592,6332700
2023-10-16,EEM,Emerging-market equities,35.512035,21117700
2023-10-16,EFA,Developed international equities,62.737602,20119600
2023-10-16,EWC,Canadian equities,31.763664,1076300
2023-10-16,GLD,Gold,177.960007,8385400
2023-10-16,SPY,US equities,421.562103,75433200
2023-10-17,AGG,US aggregate bonds,82.974274,8198300
2023-10-17,EEM,Emerging-market equities,35.418930,24251700
2023-10-17,EFA,Developed international equities,62.774006,12155100
2023-10-17,EWC,Canadian equities,31.782566,1422700
2023-10-17,GLD,Gold,178.289993,8231900
2023-10-17,SPY,US equities,421.542786,75324700
2023-10-18,AGG,US aggregate bonds,82.588341,9352700
2023-10-18,EEM,Emerging-market equities,34.878891,29849100
2023-10-18,EFA,Developed international equities,61.681816,16945900
2023-10-18,EWC,Canadian equities,31.196457,1952800
2023-10-18,GLD,Gold,180.869995,13920800
2023-10-18,SPY,US equities,415.925629,93559800
2023-10-19,AGG,US aggregate bonds,82.274231,11552700
2023-10-19,EEM,Emerging-market equities,34.674049,28401800
2023-10-19,EFA,Developed international equities,61.135715,27204100
2023-10-19,EWC,Canadian equities,31.073555,1402700
2023-10-19,GLD,Gold,183.089996,13406600
2023-10-19,SPY,US equities,412.271149,121323000
2023-10-20,AGG,US aggregate bonds,82.570381,6629800
2023-10-20,EEM,Emerging-market equities,34.255054,39070000
2023-10-20,EFA,Developed international equities,60.589619,28251800
2023-10-20,EWC,Canadian equities,30.704874,1596600
2023-10-20,GLD,Gold,183.589996,12785700
2023-10-20,SPY,US equities,407.205170,123919900
2023-10-23,AGG,US aggregate bonds,82.893501,12885800
2023-10-23,EEM,Emerging-market equities,34.227119,34568600
2023-10-23,EFA,Developed international equities,60.635124,18574700
2023-10-23,EWC,Canadian equities,30.638700,1401100
2023-10-23,GLD,Gold,182.970001,9479800
2023-10-23,SPY,US equities,406.499390,92035100
2023-10-24,AGG,US aggregate bonds,83.189674,9165100
2023-10-24,EEM,Emerging-market equities,34.664738,33962200
2023-10-24,EFA,Developed international equities,60.980984,22138700
2023-10-24,EWC,Canadian equities,30.430723,1491200
2023-10-24,GLD,Gold,182.949997,6594000
2023-10-24,SPY,US equities,409.564117,78564200
2023-10-25,AGG,US aggregate bonds,82.570381,8904400
2023-10-25,EEM,Emerging-market equities,34.208504,25267400
2023-10-25,EFA,Developed international equities,60.544109,17400900
2023-10-25,EWC,Canadian equities,30.241653,2598700
2023-10-25,GLD,Gold,183.720001,10087000
2023-10-25,SPY,US equities,403.685974,94223200
2023-10-26,AGG,US aggregate bonds,83.126854,11574400
2023-10-26,EEM,Emerging-market equities,34.040901,28415700
2023-10-26,EFA,Developed international equities,60.107227,22914700
2023-10-26,EWC,Canadian equities,30.080944,2079900
2023-10-26,GLD,Gold,184.009995,7671400
2023-10-26,SPY,US equities,398.852020,115156800
2023-10-27,AGG,US aggregate bonds,83.099899,7650000
2023-10-27,EEM,Emerging-market equities,34.012966,34216900
2023-10-27,EFA,Developed international equities,59.925190,24116300
2023-10-27,EWC,Canadian equities,29.759527,1610800
2023-10-27,GLD,Gold,186.149994,14102800
2023-10-27,SPY,US equities,397.044098,107367700
2023-10-30,AGG,US aggregate bonds,82.902473,8166700
2023-10-30,EEM,Emerging-market equities,34.366791,30506700
2023-10-30,EFA,Developed international equities,60.689728,23954500
2023-10-30,EWC,Canadian equities,30.080944,1543000
2023-10-30,GLD,Gold,185.100006,8756400
2023-10-30,SPY,US equities,401.791077,86562700
2023-10-31,AGG,US aggregate bonds,82.848625,12343600
2023-10-31,EEM,Emerging-market equities,34.171257,37734300
2023-10-31,EFA,Developed international equities,60.908176,18291300
2023-10-31,EWC,Canadian equities,30.005316,1296600
2023-10-31,GLD,Gold,184.089996,10104600
2023-10-31,SPY,US equities,404.314423,79665200
2023-11-01,AGG,US aggregate bonds,83.764137,14404600
2023-11-01,EEM,Emerging-market equities,34.487831,27879300
2023-11-01,EFA,Developed international equities,61.481579,21115000
2023-11-01,EWC,Canadian equities,30.317280,1910000
2023-11-01,GLD,Gold,183.509995,9048600
2023-11-01,SPY,US equities,408.626312,98068100
2023-11-02,AGG,US aggregate bonds,84.268242,11166700
2023-11-02,EEM,Emerging-market equities,35.093040,33661400
2023-11-02,EFA,Developed international equities,62.737602,19669400
2023-11-02,EWC,Canadian equities,31.508427,5494900
2023-11-02,GLD,Gold,184.119995,7343700
2023-11-02,SPY,US equities,416.457428,94938900
2023-11-03,AGG,US aggregate bonds,84.781364,11890300
2023-11-03,EEM,Emerging-market equities,35.809986,41736500
2023-11-03,EFA,Developed international equities,63.402023,20752900
2023-11-03,EWC,Canadian equities,31.952732,2477900
2023-11-03,GLD,Gold,184.789993,8530400
2023-11-03,SPY,US equities,420.256897,100167800
2023-11-06,AGG,US aggregate bonds,84.358276,8521600
2023-11-06,EEM,Emerging-market equities,36.098625,32347100
2023-11-06,EFA,Developed international equities,63.083469,15938000
2023-11-06,EWC,Canadian equities,31.792027,1086000
2023-11-06,GLD,Gold,183.350006,8274700
2023-11-06,SPY,US equities,421.223755,67831700
2023-11-07,AGG,US aggregate bonds,84.808365,7306900
2023-11-07,EEM,Emerging-market equities,36.033455,18218400
2023-11-07,EFA,Developed international equities,62.701199,15747100
2023-11-07,EWC,Canadian equities,31.385529,2075600
2023-11-07,GLD,Gold,182.589996,6795800
2023-11-07,SPY,US equities,422.422577,64256100
2023-11-08,AGG,US aggregate bonds,85.096436,6932200
2023-11-08,EEM,Emerging-market equities,35.791367,18963500
2023-11-08,EFA,Developed international equities,62.619286,10916500
2023-11-08,EWC,Canadian equities,31.281538,3534400
2023-11-08,GLD,Gold,180.770004,6738300
2023-11-08,SPY,US equities,422.731873,61746000
2023-11-09,AGG,US aggregate bonds,84.385269,9163200
2023-11-09,EEM,Emerging-market equities,35.456173,25631100
2023-11-09,EFA,Developed international equities,62.610180,14557600
2023-11-09,EWC,Canadian equities,31.366621,2195700
2023-11-09,GLD,Gold,181.490005,6486300
2023-11-09,SPY,US equities,419.435150,83174400
2023-11-10,AGG,US aggregate bonds,84.583328,6102000
2023-11-10,EEM,Emerging-market equities,35.707565,18540300
2023-11-10,EFA,Developed international equities,62.892323,12518800
2023-11-10,EWC,Canadian equities,31.470606,1017700
2023-11-10,GLD,Gold,179.509995,7606600
2023-11-10,SPY,US equities,425.980316,89462200
2023-11-13,AGG,US aggregate bonds,84.574318,9679500
2023-11-13,EEM,Emerging-market equities,35.698254,23437400
2023-11-13,EFA,Developed international equities,63.056160,11354700
2023-11-13,EWC,Canadian equities,31.631311,1598800
2023-11-13,GLD,Gold,180.509995,5385900
2023-11-13,SPY,US equities,425.574310,52236100
2023-11-14,AGG,US aggregate bonds,85.636559,12149600
2023-11-14,EEM,Emerging-market equities,36.647972,66042500
2023-11-14,EFA,Developed international equities,64.667145,21166800
2023-11-14,EWC,Canadian equities,32.330872,3131100
2023-11-14,GLD,Gold,182.119995,6831600
2023-11-14,SPY,US equities,433.830780,97176900
2023-11-15,AGG,US aggregate bonds,85.105438,10956800
2023-11-15,EEM,Emerging-market equities,36.955238,43281700
2023-11-15,EFA,Developed international equities,64.567039,12980000
2023-11-15,EWC,Canadian equities,32.415955,2075500
2023-11-15,GLD,Gold,181.639999,4909400
2023-11-15,SPY,US equities,434.749207,77327600
2023-11-16,AGG,US aggregate bonds,85.573540,10145400
2023-11-16,EEM,Emerging-market equities,36.601425,22868300
2023-11-16,EFA,Developed international equities,64.521515,13769700
2023-11-16,EWC,Canadian equities,32.226887,1251000
2023-11-16,GLD,Gold,183.690002,8253300
2023-11-16,SPY,US equities,435.280945,66665800
2023-11-17,AGG,US aggregate bonds,85.744591,9244000
2023-11-17,EEM,Emerging-market equities,36.647972,28460900
2023-11-17,EFA,Developed international equities,65.395279,14314300
2023-11-17,EWC,Canadian equities,32.586113,1040200
2023-11-17,GLD,Gold,183.669998,4871100
2023-11-17,SPY,US equities,435.822327,83133200
2023-11-20,AGG,US aggregate bonds,85.879616,10051600
2023-11-20,EEM,Emerging-market equities,37.104210,35801100
2023-11-20,EFA,Developed international equities,65.641037,10334700
2023-11-20,EWC,Canadian equities,32.642834,1552800
2023-11-20,GLD,Gold,183.369995,5389300
2023-11-20,SPY,US equities,439.177185,69936200
2023-11-21,AGG,US aggregate bonds,85.969612,7393800
2023-11-21,EEM,Emerging-market equities,36.871433,20929700
2023-11-21,EFA,Developed international equities,65.386185,12300200
2023-11-21,EWC,Canadian equities,32.519939,1964000
2023-11-21,GLD,Gold,185.350006,7322400
2023-11-21,SPY,US equities,438.220001,49244600
2023-11-22,AGG,US aggregate bonds,86.050652,6329900
2023-11-22,EEM,Emerging-market equities,36.796947,20006500
2023-11-22,EFA,Developed international equities,65.540901,12162900
2023-11-22,EWC,Canadian equities,32.538845,1530200
2023-11-22,GLD,Gold,184.559998,4337700
2023-11-22,SPY,US equities,439.911926,59394900
2023-11-24,AGG,US aggregate bonds,85.654564,2944300
2023-11-24,EEM,Emerging-market equities,36.815571,11365000
2023-11-24,EFA,Developed international equities,66.041496,8083500
2023-11-24,EWC,Canadian equities,32.737373,837000
2023-11-24,GLD,Gold,185.520004,2445100
2023-11-24,SPY,US equities,440.182587,29737400
2023-11-27,AGG,US aggregate bonds,86.140686,8854500
2023-11-27,EEM,Emerging-market equities,36.666595,22925200
2023-11-27,EFA,Developed international equities,65.813957,10365000
2023-11-27,EWC,Canadian equities,32.557755,1185200
2023-11-27,GLD,Gold,186.770004,6320400
2023-11-27,SPY,US equities,439.389771,50506000
2023-11-28,AGG,US aggregate bonds,86.518745,9749400
2023-11-28,EEM,Emerging-market equities,36.973858,35006700
2023-11-28,EFA,Developed international equities,65.832169,11129900
2023-11-28,EWC,Canadian equities,32.671196,4030800
2023-11-28,GLD,Gold,189.259995,10901900
2023-11-28,SPY,US equities,439.824890,62115000
2023-11-29,AGG,US aggregate bonds,86.941864,8006800
2023-11-29,EEM,Emerging-market equities,36.759705,26049200
2023-11-29,EFA,Developed international equities,65.968689,10462200
2023-11-29,EWC,Canadian equities,32.765732,1357600
2023-11-29,GLD,Gold,189.539993,8407300
2023-11-29,SPY,US equities,439.515533,63146000
2023-11-30,AGG,US aggregate bonds,86.653778,8889100
2023-11-30,EEM,Emerging-market equities,36.834198,30482700
2023-11-30,EFA,Developed international equities,65.914070,19444200
2023-11-30,EWC,Canadian equities,33.068245,1808000
2023-11-30,GLD,Gold,188.750000,7558100
2023-11-30,SPY,US equities,441.246094,79752700
2023-12-01,AGG,US aggregate bonds,87.415726,11774300
2023-12-01,EEM,Emerging-market equities,36.992481,27140200
2023-12-01,EFA,Developed international equities,66.605812,21091900
2023-12-01,EWC,Canadian equities,33.550373,1982300
2023-12-01,GLD,Gold,192.009995,16727600
2023-12-01,SPY,US equities,443.856415,89183400
2023-12-04,AGG,US aggregate bonds,87.081703,9440200
2023-12-04,EEM,Emerging-market equities,36.573486,28074900
2023-12-04,EFA,Developed international equities,66.087013,14778700
2023-12-04,EWC,Canadian equities,33.380207,1375000
2023-12-04,GLD,Gold,187.860001,18460500
2023-12-04,SPY,US equities,441.526489,72430900
2023-12-05,AGG,US aggregate bonds,87.659485,8850600
2023-12-05,EEM,Emerging-market equities,36.350025,25462300
2023-12-05,EFA,Developed international equities,65.850357,17529500
2023-12-05,EWC,Canadian equities,33.210045,1283800
2023-12-05,GLD,Gold,187.149994,7027700
2023-12-05,SPY,US equities,441.439453,69793500
2023-12-06,AGG,US aggregate bonds,87.885155,11111200
2023-12-06,EEM,Emerging-market equities,36.303471,23069000
2023-12-06,EFA,Developed international equities,66.050598,16547400
2023-12-06,EWC,Canadian equities,33.030426,2282300
2023-12-06,GLD,Gold,187.839996,5778600
2023-12-06,SPY,US equities,439.660553,69124700
2023-12-07,AGG,US aggregate bonds,87.912270,7157900
2023-12-07,EEM,Emerging-market equities,36.480377,19735000
2023-12-07,EFA,Developed international equities,66.369164,14513200
2023-12-07,EWC,Canadian equities,33.011517,1019700
2023-12-07,GLD,Gold,188.149994,5802000
2023-12-07,SPY,US equities,443.015320,66995400
2023-12-08,AGG,US aggregate bonds,87.469894,6696600
2023-12-08,EEM,Emerging-market equities,36.322090,25195400
2023-12-08,EFA,Developed international equities,66.569389,13323600
2023-12-08,EWC,Canadian equities,33.143871,922200
2023-12-08,GLD,Gold,185.639999,7883200
2023-12-08,SPY,US equities,444.919922,83194400
2023-12-11,AGG,US aggregate bonds,87.478928,15008700
2023-12-11,EEM,Emerging-market equities,36.536243,20426400
2023-12-11,EFA,Developed international equities,66.733215,12372000
2023-12-11,EWC,Canadian equities,33.210045,1538300
2023-12-11,GLD,Gold,183.589996,8519500
2023-12-11,SPY,US equities,446.650482,65002200
2023-12-12,AGG,US aggregate bonds,87.740753,11711400
2023-12-12,EEM,Emerging-market equities,36.545551,20278300
2023-12-12,EFA,Developed international equities,66.851547,13210000
2023-12-12,EWC,Canadian equities,33.011517,2168600
2023-12-12,GLD,Gold,183.490005,5056900
2023-12-12,SPY,US equities,448.690430,68327600
2023-12-13,AGG,US aggregate bonds,88.842117,11194400
2023-12-13,EEM,Emerging-market equities,36.908684,42607800
2023-12-13,EFA,Developed international equities,67.825409,16760700
2023-12-13,EWC,Canadian equities,33.833977,3476700
2023-12-13,GLD,Gold,187.630005,10635500
2023-12-13,SPY,US equities,454.877930,93278000
2023-12-14,AGG,US aggregate bonds,89.559158,12651200
2023-12-14,EEM,Emerging-market equities,37.448715,51998900
2023-12-14,EFA,Developed international equities,68.326004,21959600
2023-12-14,EWC,Canadian equities,34.297188,2878700
2023-12-14,GLD,Gold,188.729996,9107200
2023-12-14,SPY,US equities,456.337799,119026000
2023-12-15,AGG,US aggregate bonds,89.350937,10079100
2023-12-15,EEM,Emerging-market equities,37.225258,37110300
2023-12-15,EFA,Developed international equities,67.661598,22420700
2023-12-15,EWC,Canadian equities,33.985229,2249800
2023-12-15,GLD,Gold,187.000000,8324800
2023-12-15,SPY,US equities,455.586395,141553700
2023-12-18,AGG,US aggregate bonds,89.169884,11521000
2023-12-18,EEM,Emerging-market equities,37.206631,37419400
2023-12-18,EFA,Developed international equities,67.825409,14409900
2023-12-18,EWC,Canadian equities,34.127033,1488600
2023-12-18,GLD,Gold,187.850006,5358000
2023-12-18,SPY,US equities,458.149170,70375300
2023-12-19,AGG,US aggregate bonds,89.278511,13787100
2023-12-19,EEM,Emerging-market equities,37.523209,33688600
2023-12-19,EFA,Developed international equities,68.398827,15551800
2023-12-19,EWC,Canadian equities,34.609158,1398200
2023-12-19,GLD,Gold,189.130005,6025600
2023-12-19,SPY,US equities,460.935028,55761800
2023-12-20,AGG,US aggregate bonds,89.604454,9994100
2023-12-20,EEM,Emerging-market equities,36.847729,44766600
2023-12-20,EFA,Developed international equities,67.708557,23019200
2023-12-20,EWC,Canadian equities,34.164616,2592300
2023-12-20,GLD,Gold,188.100006,6002400
2023-12-20,SPY,US equities,454.547760,102921000
2023-12-21,AGG,US aggregate bonds,89.595383,9099100
2023-12-21,EEM,Emerging-market equities,37.540279,33402800
2023-12-21,EFA,Developed international equities,68.805237,15837400
2023-12-21,EWC,Canadian equities,34.643646,2943200
2023-12-21,GLD,Gold,189.429993,4620000
2023-12-21,SPY,US equities,458.857758,86667500
2023-12-22,AGG,US aggregate bonds,89.477692,13234700
2023-12-22,EEM,Emerging-market equities,37.360027,17082900
2023-12-22,EFA,Developed international equities,68.869751,12184500
2023-12-22,EWC,Canadian equities,34.902325,1632700
2023-12-22,GLD,Gold,190.270004,7176300
2023-12-22,SPY,US equities,459.779938,67160400
2023-12-26,AGG,US aggregate bonds,89.658768,5418500
2023-12-26,EEM,Emerging-market equities,37.654129,16173200
2023-12-26,EFA,Developed international equities,69.183083,8915400
2023-12-26,EWC,Canadian equities,35.285553,1611800
2023-12-26,GLD,Gold,191.720001,4502700
2023-12-26,SPY,US equities,461.721344,55387000
2023-12-27,AGG,US aggregate bonds,90.229172,6919900
2023-12-27,EEM,Emerging-market equities,37.872326,30120600
2023-12-27,EFA,Developed international equities,69.551727,13103800
2023-12-27,EWC,Canadian equities,35.323875,3110900
2023-12-27,GLD,Gold,192.589996,5813300
2023-12-27,SPY,US equities,462.556183,68000300
2023-12-28,AGG,US aggregate bonds,90.029961,7172200
2023-12-28,EEM,Emerging-market equities,38.166428,36660400
2023-12-28,EFA,Developed international equities,69.367401,16832000
2023-12-28,EWC,Canadian equities,35.161007,1685700
2023-12-28,GLD,Gold,191.470001,6171500
2023-12-28,SPY,US equities,462.730927,77158100
2023-12-29,AGG,US aggregate bonds,89.857925,7327600
2023-12-29,EEM,Emerging-market equities,38.147457,48758200
2023-12-29,EFA,Developed international equities,69.441132,21346400
2023-12-29,EWC,Canadian equities,35.141838,1606700
2023-12-29,GLD,Gold,191.169998,4612300
2023-12-29,SPY,US equities,461.391357,122283100
2024-01-02,AGG,US aggregate bonds,89.432419,9754400
2024-01-02,EEM,Emerging-market equities,37.701565,20839200
2024-01-02,EFA,Developed international equities,68.667007,18177600
2024-01-02,EWC,Canadian equities,34.777779,2249300
2024-01-02,GLD,Gold,190.720001,6025600
2024-01-02,SPY,US equities,458.809204,123623700
2024-01-03,AGG,US aggregate bonds,89.477692,10002100
2024-01-03,EEM,Emerging-market equities,37.492847,32220700
2024-01-03,EFA,Developed international equities,68.150917,18637700
2024-01-03,EWC,Canadian equities,34.662811,9582000
2024-01-03,GLD,Gold,189.130005,8661600
2024-01-03,SPY,US equities,455.062286,103585900
2024-01-04,AGG,US aggregate bonds,89.115547,9896600
2024-01-04,EEM,Emerging-market equities,37.369511,20922700
2024-01-04,EFA,Developed international equities,68.307587,11977100
2024-01-04,EWC,Canadian equities,34.720303,4039600
2024-01-04,GLD,Gold,189.320007,4416700
2024-01-04,SPY,US equities,453.596436,84232200
2024-01-05,AGG,US aggregate bonds,88.907310,9038700
2024-01-05,EEM,Emerging-market equities,37.416946,21875600
2024-01-05,EFA,Developed international equities,68.353661,20636700
2024-01-05,EWC,Canadian equities,34.844841,5759200
2024-01-05,GLD,Gold,189.350006,7481900
2024-01-05,SPY,US equities,454.217743,86118900
2024-01-08,AGG,US aggregate bonds,89.242264,7946500
2024-01-08,EEM,Emerging-market equities,37.521305,16208600
2024-01-08,EFA,Developed international equities,69.081711,16250100
2024-01-08,EWC,Canadian equities,35.113102,1096200
2024-01-08,GLD,Gold,187.869995,6215000
2024-01-08,SPY,US equities,460.702148,74879100
2024-01-09,AGG,US aggregate bonds,89.224205,7157400
2024-01-09,EEM,Emerging-market equities,36.990032,31344300
2024-01-09,EFA,Developed international equities,68.464256,10218300
2024-01-09,EWC,Canadian equities,34.825680,1733000
2024-01-09,GLD,Gold,187.929993,4437300
2024-01-09,SPY,US equities,460.003174,65931400
2024-01-10,AGG,US aggregate bonds,89.052177,7679400
2024-01-10,EEM,Emerging-market equities,36.904644,20149400
2024-01-10,EFA,Developed international equities,68.906616,12191300
2024-01-10,EWC,Canadian equities,34.902325,876600
2024-01-10,GLD,Gold,187.500000,4504700
2024-01-10,SPY,US equities,462.604675,67310600
2024-01-11,AGG,US aggregate bonds,89.559158,7275900
2024-01-11,EEM,Emerging-market equities,37.056446,24682100
2024-01-11,EFA,Developed international equities,68.897392,16434300
2024-01-11,EWC,Canadian equities,34.739452,1651800
2024-01-11,GLD,Gold,187.869995,6831100
2024-01-11,SPY,US equities,462.400909,77940700
2024-01-12,AGG,US aggregate bonds,89.722153,6359400
2024-01-12,EEM,Emerging-market equities,37.189266,21605800
2024-01-12,EFA,Developed international equities,69.183083,11329300
2024-01-12,EWC,Canadian equities,34.787361,1274700
2024-01-12,GLD,Gold,189.710007,6833700
2024-01-12,SPY,US equities,462.721191,58026400
2024-01-16,AGG,US aggregate bonds,89.052177,14489800
2024-01-16,EEM,Emerging-market equities,36.287994,44484400
2024-01-16,EFA,Developed international equities,68.021904,19802700
2024-01-16,EWC,Canadian equities,34.461620,1884600
2024-01-16,GLD,Gold,187.910004,6548100
2024-01-16,SPY,US equities,461.022400,85014900
2024-01-17,AGG,US aggregate bonds,88.807716,8977500
2024-01-17,EEM,Emerging-market equities,35.747227,50591600
2024-01-17,EFA,Developed international equities,67.376793,16381400
2024-01-17,EWC,Canadian equities,34.011322,2536700
2024-01-17,GLD,Gold,185.839996,8643200
2024-01-17,SPY,US equities,458.459717,68843900
2024-01-18,AGG,US aggregate bonds,88.726242,10575100
2024-01-18,EEM,Emerging-market equities,36.041325,31884600
2024-01-18,EFA,Developed international equities,67.975822,16391400
2024-01-18,EWC,Canadian equities,34.174194,2348600
2024-01-18,GLD,Gold,187.369995,4685200
2024-01-18,SPY,US equities,462.536774,91856200
2024-01-19,AGG,US aggregate bonds,88.744301,9126000
2024-01-19,EEM,Emerging-market equities,36.420807,31372000
2024-01-19,EFA,Developed international equities,68.132484,15792200
2024-01-19,EWC,Canadian equities,34.576588,4033400
2024-01-19,GLD,Gold,187.929993,5719700
2024-01-19,SPY,US equities,468.302795,110834500
2024-01-22,AGG,US aggregate bonds,88.907310,8712600
2024-01-22,EEM,Emerging-market equities,36.098248,25753700
2024-01-22,EFA,Developed international equities,68.344452,15424800
2024-01-22,EWC,Canadian equities,34.490360,2413800
2024-01-22,GLD,Gold,187.220001,4397500
2024-01-22,SPY,US equities,469.292938,75844900
2024-01-23,AGG,US aggregate bonds,88.690002,5642800
2024-01-23,EEM,Emerging-market equities,36.411320,34710400
2024-01-23,EFA,Developed international equities,68.150917,13575400
2024-01-23,EWC,Canadian equities,34.672390,7107100
2024-01-23,GLD,Gold,187.949997,5040800
2024-01-23,SPY,US equities,470.661682,49945300
2024-01-24,AGG,US aggregate bonds,88.490837,11278500
2024-01-24,EEM,Emerging-market equities,36.819267,38215800
2024-01-24,EFA,Developed international equities,68.667007,16314600
2024-01-24,EWC,Canadian equities,34.576588,2349400
2024-01-24,GLD,Gold,186.399994,6085400
2024-01-24,SPY,US equities,471.176147,81765000
2024-01-25,AGG,US aggregate bonds,88.889198,16521600
2024-01-25,EEM,Emerging-market equities,36.866703,23157000
2024-01-25,EFA,Developed international equities,68.860527,15268800
2024-01-25,EWC,Canadian equities,34.835266,1263800
2024-01-25,GLD,Gold,187.139999,4651000
2024-01-25,SPY,US equities,473.738861,72525000
2024-01-26,AGG,US aggregate bonds,88.789604,5022800
2024-01-26,EEM,Emerging-market equities,36.895161,21031500
2024-01-26,EFA,Developed international equities,69.164650,16478600
2024-01-26,EWC,Canadian equities,34.940647,1242600
2024-01-26,GLD,Gold,187.009995,5064800
2024-01-26,SPY,US equities,473.137024,76641600
2024-01-29,AGG,US aggregate bonds,89.142715,6423600
2024-01-29,EEM,Emerging-market equities,36.914135,24133600
2024-01-29,EFA,Developed international equities,69.570145,13341500
2024-01-29,EWC,Canadian equities,35.161007,3194500
2024-01-29,GLD,Gold,188.330002,5629700
2024-01-29,SPY,US equities,476.883942,61322800
2024-01-30,AGG,US aggregate bonds,89.314713,6740000
2024-01-30,EEM,Emerging-market equities,36.620037,22928200
2024-01-30,EFA,Developed international equities,69.477989,11708400
2024-01-30,EWC,Canadian equities,35.266392,2471800
2024-01-30,GLD,Gold,188.589996,4976500
2024-01-30,SPY,US equities,476.515106,58618400
2024-01-31,AGG,US aggregate bonds,89.722153,10829000
2024-01-31,EEM,Emerging-market equities,36.420807,37689700
2024-01-31,EFA,Developed international equities,69.127792,23907300
2024-01-31,EWC,Canadian equities,34.825680,3085800
2024-01-31,GLD,Gold,188.449997,7886100
2024-01-31,SPY,US equities,468.739685,126011100
2024-02-01,AGG,US aggregate bonds,90.233383,11937400
2024-02-01,EEM,Emerging-market equities,36.771832,22048300
2024-02-01,EFA,Developed international equities,69.809761,17189400
2024-02-01,EWC,Canadian equities,35.065197,2344100
2024-02-01,GLD,Gold,190.410004,10278100
2024-02-01,SPY,US equities,474.874603,91891600
2024-02-02,AGG,US aggregate bonds,89.407059,8422500
2024-02-02,EEM,Emerging-market equities,36.667473,29803500
2024-02-02,EFA,Developed international equities,69.256813,15579800
2024-02-02,EWC,Canadian equities,34.864002,2745300
2024-02-02,GLD,Gold,188.610001,7337600
2024-02-02,SPY,US equities,479.873840,99228200
2024-02-05,AGG,US aggregate bonds,88.671516,7656800
2024-02-05,EEM,Emerging-market equities,36.714912,26934900
2024-02-05,EFA,Developed international equities,68.888191,15617900
2024-02-05,EWC,Canadian equities,34.317909,4122300
2024-02-05,GLD,Gold,187.570007,5436100
2024-02-05,SPY,US equities,478.126465,75757100
2024-02-06,AGG,US aggregate bonds,89.134628,6608400
2024-02-06,EEM,Emerging-market equities,37.549770,41288400
2024-02-06,EFA,Developed international equities,69.312111,13886600
2024-02-06,EWC,Canadian equities,34.595749,1829300
2024-02-06,GLD,Gold,188.550003,4866100
2024-02-06,SPY,US equities,479.514557,55918600
2024-02-07,AGG,US aggregate bonds,88.953018,8785200
2024-02-07,EEM,Emerging-market equities,37.597206,22270000
2024-02-07,EFA,Developed international equities,69.275238,10485100
2024-02-07,EWC,Canadian equities,34.691551,1274500
2024-02-07,GLD,Gold,188.500000,6276900
2024-02-07,SPY,US equities,483.513916,70556500
2024-02-08,AGG,US aggregate bonds,88.680595,12446900
2024-02-08,EEM,Emerging-market equities,37.388485,23485800
2024-02-08,EFA,Developed international equities,69.155434,9578500
2024-02-08,EWC,Canadian equities,34.681973,1485300
2024-02-08,GLD,Gold,188.330002,3873300
2024-02-08,SPY,US equities,483.727478,52343600
2024-02-09,AGG,US aggregate bonds,88.653358,7120500
2024-02-09,EEM,Emerging-market equities,37.549770,22416400
2024-02-09,EFA,Developed international equities,69.395050,11001100
2024-02-09,EWC,Canadian equities,34.816101,1478800
2024-02-09,GLD,Gold,187.600006,4412600
2024-02-09,SPY,US equities,486.523163,63979400
2024-02-12,AGG,US aggregate bonds,88.671516,5696300
2024-02-12,EEM,Emerging-market equities,37.843864,33026500
2024-02-12,EFA,Developed international equities,69.514862,6911500
2024-02-12,EWC,Canadian equities,34.921494,4366100
2024-02-12,GLD,Gold,187.110001,4706300
2024-02-12,SPY,US equities,486.309631,56502300
2024-02-13,AGG,US aggregate bonds,87.854263,15872600
2024-02-13,EEM,Emerging-market equities,37.132336,42252400
2024-02-13,EFA,Developed international equities,68.445824,14942500
2024-02-13,EWC,Canadian equities,33.810131,2569600
2024-02-13,GLD,Gold,184.529999,9525800
2024-02-13,SPY,US equities,479.611664,113099200
2024-02-14,AGG,US aggregate bonds,88.244751,8776900
2024-02-14,EEM,Emerging-market equities,37.663616,28923100
2024-02-14,EFA,Developed international equities,69.210732,13248000
2024-02-14,EWC,Canadian equities,34.413708,2917000
2024-02-14,GLD,Gold,184.419998,7031600
2024-02-14,SPY,US equities,483.970215,68387800
2024-02-15,AGG,US aggregate bonds,88.453575,7194500
2024-02-15,EEM,Emerging-market equities,37.843864,27273300
2024-02-15,EFA,Developed international equities,69.994072,14128600
2024-02-15,EWC,Canadian equities,35.161007,2306400
2024-02-15,GLD,Gold,185.660004,6228900
2024-02-15,SPY,US equities,487.309479,61683000
2024-02-16,AGG,US aggregate bonds,88.172096,7723700
2024-02-16,EEM,Emerging-market equities,38.024124,36729000
2024-02-16,EFA,Developed international equities,70.104668,13381600
2024-02-16,EWC,Canadian equities,35.141838,1931100
2024-02-16,GLD,Gold,186.339996,6518500
2024-02-16,SPY,US equities,484.882629,75532900
2024-02-20,AGG,US aggregate bonds,88.253838,8735700
2024-02-20,EEM,Emerging-market equities,38.081043,32493800
2024-02-20,EFA,Developed international equities,70.390350,15285800
2024-02-20,EWC,Canadian equities,35.007713,1961100
2024-02-20,GLD,Gold,187.470001,5531200
2024-02-20,SPY,US equities,482.213196,71736700
2024-02-21,AGG,US aggregate bonds,87.990494,7785100
2024-02-21,EEM,Emerging-market equities,38.147457,29069400
2024-02-21,EFA,Developed international equities,70.445656,11433700
2024-02-21,EWC,Canadian equities,34.959816,1898200
2024-02-21,GLD,Gold,187.479996,5789200
2024-02-21,SPY,US equities,482.649963,59293400
2024-02-22,AGG,US aggregate bonds,88.063103,7538200
2024-02-22,EEM,Emerging-market equities,38.536423,32548100
2024-02-22,EFA,Developed international equities,71.238213,15476000
2024-02-22,EWC,Canadian equities,35.295135,1538900
2024-02-22,GLD,Gold,187.559998,4550800
2024-02-22,SPY,US equities,492.638672,76402500
2024-02-23,AGG,US aggregate bonds,88.390015,7737900
2024-02-23,EEM,Emerging-market equities,38.517448,37973600
2024-02-23,EFA,Developed international equities,71.330376,11400000
2024-02-23,EWC,Canadian equities,35.438847,1397100
2024-02-23,GLD,Gold,188.619995,6827300
2024-02-23,SPY,US equities,492.978394,61321800
2024-02-26,AGG,US aggregate bonds,88.199333,9374600
2024-02-26,EEM,Emerging-market equities,38.346680,23804700
2024-02-26,EFA,Developed international equities,71.228996,15015200
2024-02-26,EWC,Canadian equities,35.304718,3126700
2024-02-26,GLD,Gold,188.199997,4491900
2024-02-26,SPY,US equities,491.172943,50386700
2024-02-27,AGG,US aggregate bonds,88.081291,9065300
2024-02-27,EEM,Emerging-market equities,38.422577,21206300
2024-02-27,EFA,Developed international equities,71.422531,11110900
2024-02-27,EWC,Canadian equities,35.218491,1503800
2024-02-27,GLD,Gold,188.000000,5165400
2024-02-27,SPY,US equities,492.085327,48854500
2024-02-28,AGG,US aggregate bonds,88.253838,7942500
2024-02-28,EEM,Emerging-market equities,37.919765,31288900
2024-02-28,EFA,Developed international equities,71.007820,12196600
2024-02-28,EWC,Canadian equities,35.007713,1900000
2024-02-28,GLD,Gold,188.339996,2824100
2024-02-28,SPY,US equities,491.435059,56506600
2024-02-29,AGG,US aggregate bonds,88.399101,16774100
2024-02-29,EEM,Emerging-market equities,37.938740,43973800
2024-02-29,EFA,Developed international equities,71.192131,17221700
2024-02-29,EWC,Canadian equities,35.228065,3016200
2024-02-29,GLD,Gold,189.309998,6848600
2024-02-29,SPY,US equities,493.201721,83924800
2024-03-01,AGG,US aggregate bonds,88.823502,8994800
2024-03-01,EEM,Emerging-market equities,38.403603,35477300
2024-03-01,EFA,Developed international equities,71.883324,18930500
2024-03-01,EWC,Canadian equities,35.553814,1978800
2024-03-01,GLD,Gold,192.889999,13411000
2024-03-01,SPY,US equities,497.831970,76844800
2024-03-04,AGG,US aggregate bonds,88.604958,7428200
2024-03-04,EEM,Emerging-market equities,38.318218,38144500
2024-03-04,EFA,Developed international equities,71.699005,13961000
2024-03-04,EWC,Canadian equities,35.467583,1700800
2024-03-04,GLD,Gold,196.009995,12216300
2024-03-04,SPY,US equities,497.298096,49799300
2024-03-05,AGG,US aggregate bonds,89.087601,6815500
2024-03-05,EEM,Emerging-market equities,37.976688,32915100
2024-03-05,EFA,Developed international equities,71.569977,12874400
2024-03-05,EWC,Canadian equities,35.429260,1731400
2024-03-05,GLD,Gold,197.190002,9672200
2024-03-05,SPY,US equities,492.328064,72855600
2024-03-06,AGG,US aggregate bonds,89.224228,16536100
2024-03-06,EEM,Emerging-market equities,38.526939,45875000
2024-03-06,EFA,Developed international equities,72.417839,24098100
2024-03-06,EWC,Canadian equities,35.707108,2501300
2024-03-06,GLD,Gold,198.809998,10459300
2024-03-06,SPY,US equities,494.822784,68382400
2024-03-07,AGG,US aggregate bonds,89.415466,7726600
2024-03-07,EEM,Emerging-market equities,38.764114,26916100
2024-03-07,EFA,Developed international equities,73.274910,18279100
2024-03-07,EWC,Canadian equities,36.205296,2717000
2024-03-07,GLD,Gold,199.940002,8403700
2024-03-07,SPY,US equities,499.734650,58652100
2024-03-08,AGG,US aggregate bonds,89.497459,7168700
2024-03-08,EEM,Emerging-market equities,38.726162,30341400
2024-03-08,EFA,Developed international equities,73.035301,14926900
2024-03-08,EWC,Canadian equities,36.032848,1528200
2024-03-08,GLD,Gold,201.630005,13540100
2024-03-08,SPY,US equities,496.735077,86532500
2024-03-11,AGG,US aggregate bonds,89.397263,11354600
2024-03-11,EEM,Emerging-market equities,38.811546,22761600
2024-03-11,EFA,Developed international equities,72.620590,10496000
2024-03-11,EWC,Canadian equities,36.138233,1195800
2024-03-11,GLD,Gold,202.000000,7329600
2024-03-11,SPY,US equities,496.307983,62557200
2024-03-12,AGG,US aggregate bonds,89.169571,7471900
2024-03-12,EEM,Emerging-market equities,39.238468,37392400
2024-03-12,EFA,Developed international equities,73.201180,15296000
2024-03-12,EWC,Canadian equities,36.234039,2641300
2024-03-12,GLD,Gold,199.789993,9436600
2024-03-12,SPY,US equities,501.647003,73114400
2024-03-13,AGG,US aggregate bonds,89.005638,5846600
2024-03-13,EEM,Emerging-market equities,39.115131,25742900
2024-03-13,EFA,Developed international equities,73.210403,14166600
2024-03-13,EWC,Canadian equities,36.550205,1311700
2024-03-13,GLD,Gold,201.190002,5930000
2024-03-13,SPY,US equities,500.860596,55104100
2024-03-14,AGG,US aggregate bonds,88.440994,10541000
2024-03-14,EEM,Emerging-market equities,38.915909,31566200
2024-03-14,EFA,Developed international equities,72.675880,25572000
2024-03-14,EWC,Canadian equities,36.186138,1593000
2024-03-14,GLD,Gold,200.350006,6865000
2024-03-14,SPY,US equities,499.870514,110171800
2024-03-15,AGG,US aggregate bonds,88.431877,5756800
2024-03-15,EEM,Emerging-market equities,38.678730,32816600
2024-03-15,EFA,Developed international equities,72.703522,17529100
2024-03-15,EWC,Canadian equities,36.147812,1500100
2024-03-15,GLD,Gold,199.710007,4556700
2024-03-15,SPY,US equities,496.438141,107646300
2024-03-18,AGG,US aggregate bonds,88.340828,5227200
2024-03-18,EEM,Emerging-market equities,38.745136,23107900
2024-03-18,EFA,Developed international equities,72.685097,13472200
2024-03-18,EWC,Canadian equities,36.138233,2401700
2024-03-18,GLD,Gold,200.029999,7206800
2024-03-18,SPY,US equities,499.388519,88893300
2024-03-19,AGG,US aggregate bonds,88.559372,5076600
2024-03-19,EEM,Emerging-market equities,38.555401,23851800
2024-03-19,EFA,Developed international equities,72.814117,13222100
2024-03-19,EWC,Canadian equities,36.138233,1459300
2024-03-19,GLD,Gold,199.800003,4657500
2024-03-19,SPY,US equities,502.163696,60755300
2024-03-20,AGG,US aggregate bonds,88.741524,8681200
2024-03-20,EEM,Emerging-market equities,38.991798,32308000
2024-03-20,EFA,Developed international equities,73.588234,18834900
2024-03-20,EWC,Canadian equities,36.655586,3620800
2024-03-20,GLD,Gold,202.179993,9593800
2024-03-20,SPY,US equities,506.808350,69594600
2024-03-21,AGG,US aggregate bonds,88.805298,10100300
2024-03-21,EEM,Emerging-market equities,39.039238,27655700
2024-03-21,EFA,Developed international equities,73.551384,13021000
2024-03-21,EWC,Canadian equities,36.598103,1118600
2024-03-21,GLD,Gold,201.970001,7396500
2024-03-21,SPY,US equities,508.483246,60256100
2024-03-22,AGG,US aggregate bonds,89.087601,8359200
2024-03-22,EEM,Emerging-market equities,38.764114,30355600
2024-03-22,EFA,Developed international equities,73.394714,12832800
2024-03-22,EWC,Canadian equities,36.224461,1275000
2024-03-22,GLD,Gold,200.350006,6918500
2024-03-22,SPY,US equities,507.519165,79070800
2024-03-25,AGG,US aggregate bonds,88.923691,11037700
2024-03-25,EEM,Emerging-market equities,38.792572,12894800
2024-03-25,EFA,Developed international equities,73.238052,9418000
2024-03-25,EWC,Canadian equities,36.214874,994700
2024-03-25,GLD,Gold,200.990005,4034800
2024-03-25,SPY,US equities,506.117035,48512100
2024-03-26,AGG,US aggregate bonds,89.014771,8830500
2024-03-26,EEM,Emerging-market equities,38.764114,15363300
2024-03-26,EFA,Developed international equities,73.320984,12343100
2024-03-26,EWC,Canadian equities,36.138233,1039100
2024-03-26,GLD,Gold,201.639999,5752700
2024-03-26,SPY,US equities,505.182220,65463700
2024-03-27,AGG,US aggregate bonds,89.306190,9366800
2024-03-27,EEM,Emerging-market equities,38.830521,21819500
2024-03-27,EFA,Developed international equities,73.763344,12337200
2024-03-27,EWC,Canadian equities,36.473553,1487400
2024-03-27,GLD,Gold,203.100006,6041000
2024-03-27,SPY,US equities,509.427643,82999800
2024-03-28,AGG,US aggregate bonds,89.196915,8863300
2024-03-28,EEM,Emerging-market equities,38.972828,28296300
2024-03-28,EFA,Developed international equities,73.597466,17180400
2024-03-28,EWC,Canadian equities,36.674751,1274300
2024-03-28,GLD,Gold,205.720001,9194500
2024-03-28,SPY,US equities,509.330353,96294900
2024-04-01,AGG,US aggregate bonds,88.548370,8667400
2024-04-01,EEM,Emerging-market equities,39.039238,20857100
2024-04-01,EFA,Developed international equities,73.284119,15419500
2024-04-01,EWC,Canadian equities,36.617264,1968900
2024-04-01,GLD,Gold,207.820007,13677100
2024-04-01,SPY,US equities,508.444275,62477500
2024-04-02,AGG,US aggregate bonds,88.484436,10624600
2024-04-02,EEM,Emerging-market equities,39.162567,22346100
2024-04-02,EFA,Developed international equities,72.768036,17414900
2024-04-02,EWC,Canadian equities,36.444809,1868600
2024-04-02,GLD,Gold,210.889999,13421100
2024-04-02,SPY,US equities,505.211487,74230300
2024-04-03,AGG,US aggregate bonds,88.539230,6919300
2024-04-03,EEM,Emerging-market equities,39.191032,33272500
2024-04-03,EFA,Developed international equities,73.173531,15898300
2024-04-03,EWC,Canadian equities,36.598103,2247000
2024-04-03,GLD,Gold,212.740005,11416200
2024-04-03,SPY,US equities,505.766418,59155800
2024-04-04,AGG,US aggregate bonds,88.749321,9327500
2024-04-04,EEM,Emerging-market equities,39.048721,33317700
2024-04-04,EFA,Developed international equities,72.546860,19950400
2024-04-04,EWC,Canadian equities,36.435230,1805300
2024-04-04,GLD,Gold,211.520004,12307300
2024-04-04,SPY,US equities,499.593018,96858100
2024-04-05,AGG,US aggregate bonds,88.310867,12343600
2024-04-05,EEM,Emerging-market equities,39.134106,31564000
2024-04-05,EFA,Developed international equities,72.777252,21091800
2024-04-05,EWC,Canadian equities,36.684326,2177100
2024-04-05,GLD,Gold,215.139999,13382700
2024-04-05,SPY,US equities,504.812195,74546500
2024-04-08,AGG,US aggregate bonds,88.228676,11457100
2024-04-08,EEM,Emerging-market equities,39.390263,18452500
2024-04-08,EFA,Developed international equities,73.136665,12350900
2024-04-08,EWC,Canadian equities,36.732231,1364200
2024-04-08,GLD,Gold,216.479996,10331400
2024-04-08,SPY,US equities,505.094604,48401800
2024-04-09,AGG,US aggregate bonds,88.530106,5736500
2024-04-09,EEM,Emerging-market equities,39.655891,23963700
2024-04-09,EFA,Developed international equities,73.127457,12469100
2024-04-09,EWC,Canadian equities,36.904690,1380800
2024-04-09,GLD,Gold,217.669998,13069900
2024-04-09,SPY,US equities,505.678864,68049200
2024-04-10,AGG,US aggregate bonds,87.470490,11248700
2024-04-10,EEM,Emerging-market equities,39.115131,37281800
2024-04-10,EFA,Developed international equities,72.159790,21567300
2024-04-10,EWC,Canadian equities,36.368168,2656100
2024-04-10,GLD,Gold,215.610001,13317500
2024-04-10,SPY,US equities,500.615448,82652800
2024-04-11,AGG,US aggregate bonds,87.488792,16217600
2024-04-11,EEM,Emerging-market equities,39.352310,23648600
2024-04-11,EFA,Developed international equities,72.353333,11967000
2024-04-11,EWC,Canadian equities,36.176556,2025900
2024-04-11,GLD,Gold,219.800003,11415200
2024-04-11,SPY,US equities,504.393555,70099000
2024-04-12,AGG,US aggregate bonds,87.653175,17284600
2024-04-12,EEM,Emerging-market equities,38.451038,50234600
2024-04-12,EFA,Developed international equities,71.182915,17934600
2024-04-12,EWC,Canadian equities,35.592133,1663900
2024-04-12,GLD,Gold,216.889999,30898800
2024-04-12,SPY,US equities,497.431305,92561100
2024-04-15,AGG,US aggregate bonds,87.123405,11705300
2024-04-15,EEM,Emerging-market equities,38.204372,31290100
2024-04-15,EFA,Developed international equities,70.970955,21610100
2024-04-15,EWC,Canadian equities,35.333458,2561600
2024-04-15,GLD,Gold,220.949997,13239000
2024-04-15,SPY,US equities,491.199463,92101400
2024-04-16,AGG,US aggregate bonds,86.876785,17565900
2024-04-16,EEM,Emerging-market equities,37.701565,43707900
2024-04-16,EFA,Developed international equities,70.270561,24161800
2024-04-16,EWC,Canadian equities,35.084358,2453600
2024-04-16,GLD,Gold,221.220001,10746100
2024-04-16,SPY,US equities,490.303589,73484000
2024-04-17,AGG,US aggregate bonds,87.278694,7567800
2024-04-17,EEM,Emerging-market equities,37.673096,26019400
2024-04-17,EFA,Developed international equities,70.316628,15748000
2024-04-17,EWC,Canadian equities,35.228065,3014300
2024-04-17,GLD,Gold,219.589996,11521100
2024-04-17,SPY,US equities,487.401855,75910300
2024-04-18,AGG,US aggregate bonds,87.032051,7717500
2024-04-18,EEM,Emerging-market equities,37.824894,20581900
2024-04-18,EFA,Developed international equities,70.123100,12884200
2024-04-18,EWC,Canadian equities,35.304718,3198100
2024-04-18,GLD,Gold,220.339996,6496900
2024-04-18,SPY,US equities,486.398956,74548100
2024-04-19,AGG,US aggregate bonds,87.123405,9121700
2024-04-19,EEM,Emerging-market equities,37.673096,29537400
2024-04-19,EFA,Developed international equities,70.150757,16925000
2024-04-19,EWC,Canadian equities,35.553814,1403100
2024-04-19,GLD,Gold,221.029999,8689000
2024-04-19,SPY,US equities,482.153442,102212600
2024-04-22,AGG,US aggregate bonds,87.178200,9029000
2024-04-22,EEM,Emerging-market equities,38.081043,25738800
2024-04-22,EFA,Developed international equities,70.970955,17314200
2024-04-22,EWC,Canadian equities,35.793327,1485700
2024-04-22,GLD,Gold,215.570007,13404300
2024-04-22,SPY,US equities,486.593750,67961000
2024-04-23,AGG,US aggregate bonds,87.360909,10837100
2024-04-23,EEM,Emerging-market equities,38.394119,21907100
2024-04-23,EFA,Developed international equities,71.745079,13466000
2024-04-23,EWC,Canadian equities,36.119076,1294100
2024-04-23,GLD,Gold,215.039993,10730300
2024-04-23,SPY,US equities,492.367889,64633600
2024-04-24,AGG,US aggregate bonds,87.132523,7961000
2024-04-24,EEM,Emerging-market equities,38.526939,18118100
2024-04-24,EFA,Developed international equities,71.606834,8530000
2024-04-24,EWC,Canadian equities,35.793327,2819900
2024-04-24,GLD,Gold,214.639999,5741100
2024-04-24,SPY,US equities,492.134247,55928100
2024-04-25,AGG,US aggregate bonds,86.885933,6758100
2024-04-25,EEM,Emerging-market equities,38.612320,21962500
2024-04-25,EFA,Developed international equities,71.275078,11479600
2024-04-25,EWC,Canadian equities,35.927456,1844000
2024-04-25,GLD,Gold,215.919998,6606500
2024-04-25,SPY,US equities,490.264618,69122400
2024-04-26,AGG,US aggregate bonds,87.077736,8442500
2024-04-26,EEM,Emerging-market equities,39.058201,24407700
2024-04-26,EFA,Developed international equities,71.846458,12676400
2024-04-26,EWC,Canadian equities,36.052010,1522900
2024-04-26,GLD,Gold,216.619995,6268500
2024-04-26,SPY,US equities,494.909424,64306100
2024-04-29,AGG,US aggregate bonds,87.342628,7384600
2024-04-29,EEM,Emerging-market equities,39.437695,31041200
2024-04-29,EFA,Developed international equities,72.122925,10560000
2024-04-29,EWC,Canadian equities,36.099907,1393400
2024-04-29,GLD,Gold,216.179993,6409900
2024-04-29,SPY,US equities,496.662109,46415400
2024-04-30,AGG,US aggregate bonds,86.986412,11228300
2024-04-30,EEM,Emerging-market equities,38.887444,32748700
2024-04-30,EFA,Developed international equities,71.210564,18994300
2024-04-30,EWC,Canadian equities,35.371777,3439900
2024-04-30,GLD,Gold,211.869995,11248600
2024-04-30,SPY,US equities,488.794373,77483600
2024-05-01,AGG,US aggregate bonds,87.293335,11017700
2024-05-01,EEM,Emerging-market equities,38.925392,34489500
2024-05-01,EFA,Developed international equities,71.053894,17900300
2024-05-01,EWC,Canadian equities,35.390938,2728200
2024-05-01,GLD,Gold,213.789993,10373900
2024-05-01,SPY,US equities,487.207123,80242800
2024-05-02,AGG,US aggregate bonds,87.687340,7607300
2024-05-02,EEM,Emerging-market equities,39.931015,48855700
2024-05-02,EFA,Developed international equities,72.012337,14993300
2024-05-02,EWC,Canadian equities,35.774166,1861000
2024-05-02,GLD,Gold,213.130005,6287000
2024-05-02,SPY,US equities,491.764191,62550200
2024-05-03,AGG,US aggregate bonds,88.136292,9146700
2024-05-03,EEM,Emerging-market equities,40.291531,31815100
2024-05-03,EFA,Developed international equities,72.731171,15055600
2024-05-03,EWC,Canadian equities,35.994518,1974900
2024-05-03,GLD,Gold,212.960007,8679900
2024-05-03,SPY,US equities,497.859772,72756700
2024-05-06,AGG,US aggregate bonds,88.200462,10155500
2024-05-06,EEM,Emerging-market equities,40.329475,19706300
2024-05-06,EFA,Developed international equities,73.228828,9411400
2024-05-06,EWC,Canadian equities,36.521458,953900
2024-05-06,GLD,Gold,215.199997,6840500
2024-05-06,SPY,US equities,503.001068,47264700
2024-05-07,AGG,US aggregate bonds,88.383713,7687000
2024-05-07,EEM,Emerging-market equities,40.101788,21316800
2024-05-07,EFA,Developed international equities,73.422363,9065800
2024-05-07,EWC,Canadian equities,36.416069,1499700
2024-05-07,GLD,Gold,214.210007,5660700
2024-05-07,SPY,US equities,503.556091,52561300
2024-05-08,AGG,US aggregate bonds,88.200462,4587200
2024-05-08,EEM,Emerging-market equities,40.111275,18933700
2024-05-08,EFA,Developed international equities,73.339409,6667500
2024-05-08,EWC,Canadian equities,36.310688,1332200
2024-05-08,GLD,Gold,213.580002,4462700
2024-05-08,SPY,US equities,503.604828,42047200
2024-05-09,AGG,US aggregate bonds,88.365387,6732500
2024-05-09,EEM,Emerging-market equities,40.234608,22204400
2024-05-09,EFA,Developed international equities,73.901581,13256000
2024-05-09,EWC,Canadian equities,36.674751,1692400
2024-05-09,GLD,Gold,216.949997,7732500
2024-05-09,SPY,US equities,506.506531,43643700
2024-05-10,AGG,US aggregate bonds,88.182098,5326400
2024-05-10,EEM,Emerging-market equities,40.319992,28056400
2024-05-10,EFA,Developed international equities,74.039825,8022000
2024-05-10,EWC,Canadian equities,36.588516,1240400
2024-05-10,GLD,Gold,218.710007,8700900
2024-05-10,SPY,US equities,507.158966,52233200
2024-05-13,AGG,US aggregate bonds,88.227951,5263200
2024-05-13,EEM,Emerging-market equities,40.623577,22233800
2024-05-13,EFA,Developed international equities,74.039825,6990500
2024-05-13,EWC,Canadian equities,36.511879,879200
2024-05-13,GLD,Gold,216.259995,4896300
2024-05-13,SPY,US equities,507.227020,36716400
2024-05-14,AGG,US aggregate bonds,88.466164,5243300
2024-05-14,EEM,Emerging-market equities,40.841774,24295800
2024-05-14,EFA,Developed international equities,74.592773,15228300
2024-05-14,EWC,Canadian equities,36.540619,1159700
2024-05-14,GLD,Gold,218.089996,4662700
2024-05-14,SPY,US equities,509.554352,57535900
2024-05-15,AGG,US aggregate bonds,89.052589,5846300
2024-05-15,EEM,Emerging-market equities,41.278179,30011900
2024-05-15,EFA,Developed international equities,75.385330,10823700
2024-05-15,EWC,Canadian equities,36.693909,2857200
2024-05-15,GLD,Gold,220.889999,9297700
2024-05-15,SPY,US equities,515.864258,59504900
2024-05-16,AGG,US aggregate bonds,88.951790,7894400
2024-05-16,EEM,Emerging-market equities,41.363564,27395100
2024-05-16,EFA,Developed international equities,74.979828,13042100
2024-05-16,EWC,Canadian equities,36.693909,1708400
2024-05-16,GLD,Gold,220.029999,4301700
2024-05-16,SPY,US equities,514.802795,50244800
2024-05-17,AGG,US aggregate bonds,88.667755,5267100
2024-05-17,EEM,Emerging-market equities,41.543823,30865100
2024-05-17,EFA,Developed international equities,75.237877,10219600
2024-05-17,EWC,Canadian equities,36.971748,857900
2024-05-17,GLD,Gold,223.660004,10481900
2024-05-17,SPY,US equities,515.542664,59187600
2024-05-20,AGG,US aggregate bonds,88.585274,5263000
2024-05-20,EEM,Emerging-market equities,41.392029,24234000
2024-05-20,EFA,Developed international equities,75.293159,5836800
2024-05-20,EWC,Canadian equities,37.000488,615500
2024-05-20,GLD,Gold,224.559998,5990900
2024-05-20,SPY,US equities,516.136780,37764200
2024-05-21,AGG,US aggregate bonds,88.750229,5227900
2024-05-21,EEM,Emerging-market equities,41.135880,18470000
2024-05-21,EFA,Developed international equities,75.173363,6222000
2024-05-21,EWC,Canadian equities,36.904690,1219300
2024-05-21,GLD,Gold,224.229996,4002600
2024-05-21,SPY,US equities,517.402649,33437000
2024-05-22,AGG,US aggregate bonds,88.640266,3823600
2024-05-22,EEM,Emerging-market equities,41.003059,23030800
2024-05-22,EFA,Developed international equities,74.463745,10721200
2024-05-22,EWC,Canadian equities,36.578941,1358300
2024-05-22,GLD,Gold,220.110001,8903100
2024-05-22,SPY,US equities,515.912720,48390000
2024-05-23,AGG,US aggregate bonds,88.392868,5094900
2024-05-23,EEM,Emerging-market equities,40.699471,28607000
2024-05-23,EFA,Developed international equities,74.085899,8805800
2024-05-23,EWC,Canadian equities,36.243618,4341700
2024-05-23,GLD,Gold,215.720001,9537900
2024-05-23,SPY,US equities,512.144409,57211200
2024-05-24,AGG,US aggregate bonds,88.493690,3072100
2024-05-24,EEM,Emerging-market equities,40.813313,20986300
2024-05-24,EFA,Developed international equities,74.694138,9289500
2024-05-24,EWC,Canadian equities,36.626842,958600
2024-05-24,GLD,Gold,215.919998,4212400
2024-05-24,SPY,US equities,515.533142,41291100
2024-05-28,AGG,US aggregate bonds,88.081329,6046100
2024-05-28,EEM,Emerging-market equities,40.756397,21179400
2024-05-28,EFA,Developed international equities,74.666496,13036500
2024-05-28,EWC,Canadian equities,36.540619,1358700
2024-05-28,GLD,Gold,218.190002,3809700
2024-05-28,SPY,US equities,515.893188,36269600
2024-05-29,AGG,US aggregate bonds,87.742310,8249100
2024-05-29,EEM,Emerging-market equities,40.149220,30803500
2024-05-29,EFA,Developed international equities,73.486862,13662100
2024-05-29,EWC,Canadian equities,35.745422,4019400
2024-05-29,GLD,Gold,216.160004,4185000
2024-05-29,SPY,US equities,512.280640,45190300
2024-05-30,AGG,US aggregate bonds,88.154633,5568800
2024-05-30,EEM,Emerging-market equities,40.035378,20741500
2024-05-30,EFA,Developed international equities,74.104332,7456100
2024-05-30,EWC,Canadian equities,36.119076,2473000
2024-05-30,GLD,Gold,216.570007,3068800
2024-05-30,SPY,US equities,508.882446,46377600
2024-05-31,AGG,US aggregate bonds,88.438683,8762900
2024-05-31,EEM,Emerging-market equities,39.646412,49609100
2024-05-31,EFA,Developed international equities,74.813950,19932400
2024-05-31,EWC,Canadian equities,36.655586,2309100
2024-05-31,GLD,Gold,215.300003,5617200
2024-05-31,SPY,US equities,513.517395,90785800
2024-06-03,AGG,US aggregate bonds,88.973633,6095500
2024-06-03,EEM,Emerging-market equities,40.063839,33839300
2024-06-03,EFA,Developed international equities,75.025909,17127700
2024-06-03,EWC,Canadian equities,36.349003,2238500
2024-06-03,GLD,Gold,217.220001,6172600
2024-06-03,SPY,US equities,513.936157,46835700
2024-06-04,AGG,US aggregate bonds,89.295334,3979100
2024-06-04,EEM,Emerging-market equities,39.504101,38401100
2024-06-04,EFA,Developed international equities,74.933739,12565500
2024-06-04,EWC,Canadian equities,36.032848,3478900
2024-06-04,GLD,Gold,215.270004,5509400
2024-06-04,SPY,US equities,514.510620,34632700
2024-06-05,AGG,US aggregate bonds,89.571068,4602500
2024-06-05,EEM,Emerging-market equities,40.139736,28092300
2024-06-05,EFA,Developed international equities,75.459053,8661500
2024-06-05,EWC,Canadian equities,36.253201,1804200
2024-06-05,GLD,Gold,217.820007,5479200
2024-06-05,SPY,US equities,520.625671,47610400
2024-06-06,AGG,US aggregate bonds,89.598656,6568700
2024-06-06,EEM,Emerging-market equities,40.338963,26450400
2024-06-06,EFA,Developed international equities,75.717110,13195600
2024-06-06,EWC,Canadian equities,36.396908,1221900
2024-06-06,GLD,Gold,219.429993,5283900
2024-06-06,SPY,US equities,520.615845,30808500
2024-06-07,AGG,US aggregate bonds,88.808189,5365000
2024-06-07,EEM,Emerging-market equities,39.883587,37626400
2024-06-07,EFA,Developed international equities,74.896889,21589700
2024-06-07,EWC,Canadian equities,35.889137,1372900
2024-06-07,GLD,Gold,211.600006,12195100
2024-06-07,SPY,US equities,519.982910,43224500
2024-06-10,AGG,US aggregate bonds,88.734634,8235900
2024-06-10,EEM,Emerging-market equities,40.120762,30846300
2024-06-10,EFA,Developed international equities,74.841599,8995400
2024-06-10,EWC,Canadian equities,35.956196,1195900
2024-06-10,GLD,Gold,213.539993,4215300
2024-06-10,SPY,US equities,521.589661,35686100
2024-06-11,AGG,US aggregate bonds,89.037964,4650200
2024-06-11,EEM,Emerging-market equities,39.987026,35763000
2024-06-11,EFA,Developed international equities,73.991142,17004600
2024-06-11,EWC,Canadian equities,35.674786,1480100
2024-06-11,GLD,Gold,214.149994,4004100
2024-06-11,SPY,US equities,522.845886,36383400
2024-06-12,AGG,US aggregate bonds,89.460777,7627000
2024-06-12,EEM,Emerging-market equities,40.388233,34679600
2024-06-12,EFA,Developed international equities,74.863159,15188900
2024-06-12,EWC,Canadian equities,35.887539,2572000
2024-06-12,GLD,Gold,214.720001,5911900
2024-06-12,SPY,US equities,527.139954,63251300
2024-06-13,AGG,US aggregate bonds,89.911148,7094800
2024-06-13,EEM,Emerging-market equities,40.292702,21553600
2024-06-13,EFA,Developed international equities,73.794220,12784200
2024-06-13,EWC,Canadian equities,35.394337,2417200
2024-06-13,GLD,Gold,212.970001,5861100
2024-06-13,SPY,US equities,528.201294,44760900
2024-06-14,AGG,US aggregate bonds,90.003059,6239500
2024-06-14,EEM,Emerging-market equities,40.340469,18813600
2024-06-14,EFA,Developed international equities,72.978455,17500000
2024-06-14,EWC,Canadian equities,35.336315,1737700
2024-06-14,GLD,Gold,215.729996,7076500
2024-06-14,SPY,US equities,528.522644,40089900
2024-06-17,AGG,US aggregate bonds,89.681351,5265000
2024-06-17,EEM,Emerging-market equities,40.598389,21037700
2024-06-17,EFA,Developed international equities,73.269127,13582700
2024-06-17,EWC,Canadian equities,35.278290,1089600
2024-06-17,GLD,Gold,214.610001,3877700
2024-06-17,SPY,US equities,532.729126,55839500
2024-06-18,AGG,US aggregate bonds,90.003059,7030700
2024-06-18,EEM,Emerging-market equities,40.970940,35675300
2024-06-18,EFA,Developed international equities,73.559807,16057100
2024-06-18,EWC,Canadian equities,35.316975,1072000
2024-06-18,GLD,Gold,215.470001,4921400
2024-06-18,SPY,US equities,534.082581,41376400
2024-06-20,AGG,US aggregate bonds,89.846809,5621600
2024-06-20,EEM,Emerging-market equities,40.904072,43438100
2024-06-20,EFA,Developed international equities,73.606689,10942900
2024-06-20,EWC,Canadian equities,35.336315,1243900
2024-06-20,GLD,Gold,218.160004,7290500
2024-06-20,SPY,US equities,532.631714,70328200
2024-06-21,AGG,US aggregate bonds,89.856010,4715000
2024-06-21,EEM,Emerging-market equities,40.760777,20232900
2024-06-21,EFA,Developed international equities,73.090973,14237600
2024-06-21,EWC,Canadian equities,35.287968,1378300
2024-06-21,GLD,Gold,214.779999,8865600
2024-06-21,SPY,US equities,531.917664,64338600
2024-06-24,AGG,US aggregate bonds,89.929558,5017300
2024-06-24,EEM,Emerging-market equities,40.760777,19840000
2024-06-24,EFA,Developed international equities,73.672325,12193700
2024-06-24,EWC,Canadian equities,35.858524,2153800
2024-06-24,GLD,Gold,215.630005,4626900
2024-06-24,SPY,US equities,530.188599,45528700
2024-06-25,AGG,US aggregate bonds,89.920364,5701300
2024-06-25,EEM,Emerging-market equities,40.665257,25337500
2024-06-25,EFA,Developed international equities,73.850479,8751700
2024-06-25,EWC,Canadian equities,35.800499,1072800
2024-06-25,GLD,Gold,214.559998,3820900
2024-06-25,SPY,US equities,532.230286,37936200
2024-06-26,AGG,US aggregate bonds,89.515930,4964100
2024-06-26,EEM,Emerging-market equities,40.579285,18961900
2024-06-26,EFA,Developed international equities,73.306633,10509700
2024-06-26,EWC,Canadian equities,35.713467,1061200
2024-06-26,GLD,Gold,212.580002,4690300
2024-06-26,SPY,US equities,532.894531,38550600
2024-06-27,AGG,US aggregate bonds,89.662979,5276500
2024-06-27,EEM,Emerging-market equities,40.607941,24041500
2024-06-27,EFA,Developed international equities,73.362900,14156000
2024-06-27,EWC,Canadian equities,35.993912,1190300
2024-06-27,GLD,Gold,214.990005,4977800
2024-06-27,SPY,US equities,533.734619,35041500
2024-06-28,AGG,US aggregate bonds,89.221809,12781500
2024-06-28,EEM,Emerging-market equities,40.684361,22614500
2024-06-28,EFA,Developed international equities,73.447296,17425000
2024-06-28,EWC,Canadian equities,35.868195,1927800
2024-06-28,GLD,Gold,215.009995,3955100
2024-06-28,SPY,US equities,531.634399,76144500
2024-07-01,AGG,US aggregate bonds,88.743309,12238900
2024-07-01,EEM,Emerging-market equities,40.779888,18805300
2024-07-01,EFA,Developed international equities,73.578560,19845700
2024-07-01,EWC,Canadian equities,35.713467,1453300
2024-07-01,GLD,Gold,215.570007,3797900
2024-07-01,SPY,US equities,532.728455,40297800
2024-07-02,AGG,US aggregate bonds,89.038330,5441900
2024-07-02,EEM,Emerging-market equities,40.904072,21593200
2024-07-02,EFA,Developed international equities,73.756721,10331700
2024-07-02,EWC,Canadian equities,36.090618,1536600
2024-07-02,GLD,Gold,215.559998,4921700
2024-07-02,SPY,US equities,536.313599,40434800
2024-07-03,AGG,US aggregate bonds,89.517761,4061100
2024-07-03,EEM,Emerging-market equities,41.505886,27233300
2024-07-03,EFA,Developed international equities,74.600609,8107900
2024-07-03,EWC,Canadian equities,36.583820,2293300
2024-07-03,GLD,Gold,217.990005,5055300
2024-07-03,SPY,US equities,538.706970,32789900
2024-07-05,AGG,US aggregate bonds,89.969551,3489900
2024-07-05,EEM,Emerging-market equities,41.677830,21337800
2024-07-05,EFA,Developed international equities,75.097572,8408800
2024-07-05,EWC,Canadian equities,36.380737,992400
2024-07-05,GLD,Gold,220.929993,5950600
2024-07-05,SPY,US equities,541.813538,41488400
2024-07-08,AGG,US aggregate bonds,89.997208,4602900
2024-07-08,EEM,Emerging-market equities,41.687378,18685200
2024-07-08,EFA,Developed international equities,74.722519,6031700
2024-07-08,EWC,Canadian equities,36.419418,1224900
2024-07-08,GLD,Gold,218.190002,5790800
2024-07-08,SPY,US equities,542.438599,36110500
2024-07-09,AGG,US aggregate bonds,89.914230,5004600
2024-07-09,EEM,Emerging-market equities,41.859325,19364300
2024-07-09,EFA,Developed international equities,74.422462,8069800
2024-07-09,EWC,Canadian equities,36.303371,2050700
2024-07-09,GLD,Gold,218.559998,3901500
2024-07-09,SPY,US equities,542.966125,27289700
2024-07-10,AGG,US aggregate bonds,90.006454,4586000
2024-07-10,EEM,Emerging-market equities,42.098137,15332700
2024-07-10,EFA,Developed international equities,75.472649,8189200
2024-07-10,EWC,Canadian equities,36.864265,2390100
2024-07-10,GLD,Gold,219.360001,5556200
2024-07-10,SPY,US equities,548.338867,38701200
2024-07-11,AGG,US aggregate bonds,90.467445,3789000
2024-07-11,EEM,Emerging-market equities,42.346508,35650400
2024-07-11,EFA,Developed international equities,75.688309,8930000
2024-07-11,EWC,Canadian equities,37.115704,2214700
2024-07-11,GLD,Gold,223.250000,9322000
2024-07-11,SPY,US equities,543.610840,53054200
2024-07-12,AGG,US aggregate bonds,90.716377,6329000
2024-07-12,EEM,Emerging-market equities,42.518448,24799300
2024-07-12,EFA,Developed international equities,76.494705,9289700
2024-07-12,EWC,Canadian equities,37.338127,2912000
2024-07-12,GLD,Gold,223.110001,5179300
2024-07-12,SPY,US equities,547.039673,53084400
2024-07-15,AGG,US aggregate bonds,90.402901,6984700
2024-07-15,EEM,Emerging-market equities,42.069485,24174900
2024-07-15,EFA,Developed international equities,75.819572,7418700
2024-07-15,EWC,Canadian equities,37.328453,1774500
2024-07-15,GLD,Gold,223.830002,5719300
2024-07-15,SPY,US equities,548.544128,40584300
2024-07-16,AGG,US aggregate bonds,90.771690,8936100
2024-07-16,EEM,Emerging-market equities,42.308300,19234300
2024-07-16,EFA,Developed international equities,76.185272,10902900
2024-07-16,EWC,Canadian equities,37.744289,957700
2024-07-16,GLD,Gold,228.289993,11070700
2024-07-16,SPY,US equities,551.797058,36475300
2024-07-17,AGG,US aggregate bonds,90.836220,5680400
2024-07-17,EEM,Emerging-market equities,41.620510,42630900
2024-07-17,EFA,Developed international equities,75.782074,11634200
2024-07-17,EWC,Canadian equities,37.473511,1470000
2024-07-17,GLD,Gold,227.229996,8620500
2024-07-17,SPY,US equities,544.060242,57119000
2024-07-18,AGG,US aggregate bonds,90.587273,10584200
2024-07-18,EEM,Emerging-market equities,41.228855,42400100
2024-07-18,EFA,Developed international equities,75.031944,16481500
2024-07-18,EWC,Canadian equities,37.183399,1581600
2024-07-18,GLD,Gold,225.779999,5485500
2024-07-18,SPY,US equities,539.879211,56270400
2024-07-19,AGG,US aggregate bonds,90.402901,7735700
2024-07-19,EEM,Emerging-market equities,40.827648,34590700
2024-07-19,EFA,Developed international equities,74.572487,15570300
2024-07-19,EWC,Canadian equities,37.115704,1283200
2024-07-19,GLD,Gold,221.729996,8666000
2024-07-19,SPY,US equities,536.294006,65509100
2024-07-22,AGG,US aggregate bonds,90.366013,11657500
2024-07-22,EEM,Emerging-market equities,41.171535,17057500
2024-07-22,EFA,Developed international equities,75.360130,13762800
2024-07-22,EWC,Canadian equities,37.376808,1136900
2024-07-22,GLD,Gold,221.800003,5334100
2024-07-22,SPY,US equities,541.823181,43346700
2024-07-23,AGG,US aggregate bonds,90.356789,7225900
2024-07-23,EEM,Emerging-market equities,40.808544,22891900
2024-07-23,EFA,Developed international equities,74.938171,12043000
2024-07-23,EWC,Canadian equities,37.125374,837700
2024-07-23,GLD,Gold,222.580002,4435700
2024-07-23,SPY,US equities,540.973328,34439600
2024-07-24,AGG,US aggregate bonds,90.080185,6578500
2024-07-24,EEM,Emerging-market equities,40.216282,28113700
2024-07-24,EFA,Developed international equities,73.991142,10698000
2024-07-24,EWC,Canadian equities,36.796570,1629100
2024-07-24,GLD,Gold,221.800003,6838800
2024-07-24,SPY,US equities,528.713501,74515300
2024-07-25,AGG,US aggregate bonds,90.329124,12766200
2024-07-25,EEM,Emerging-market equities,40.053890,27940500
2024-07-25,EFA,Developed international equities,73.522308,17719800
2024-07-25,EWC,Canadian equities,36.748222,3117800
2024-07-25,GLD,Gold,218.330002,9777100
2024-07-25,SPY,US equities,525.958679,61158300
2024-07-26,AGG,US aggregate bonds,90.651833,4243800
2024-07-26,EEM,Emerging-market equities,40.464653,21393700
2024-07-26,EFA,Developed international equities,74.459976,10574700
2024-07-26,EWC,Canadian equities,37.067348,1415200
2024-07-26,GLD,Gold,220.630005,6328800
2024-07-26,SPY,US equities,531.849304,53763800
2024-07-29,AGG,US aggregate bonds,90.799355,6822600
2024-07-29,EEM,Emerging-market equities,40.330917,14299200
2024-07-29,EFA,Developed international equities,74.131790,9305600
2024-07-29,EWC,Canadian equities,36.960972,1516800
2024-07-29,GLD,Gold,220.320007,4665100
2024-07-29,SPY,US equities,532.161865,39515800
2024-07-30,AGG,US aggregate bonds,90.891556,5845800
2024-07-30,EEM,Emerging-market equities,40.149422,19193600
2024-07-30,EFA,Developed international equities,74.300560,8551600
2024-07-30,EWC,Canadian equities,37.086689,1616000
2024-07-30,GLD,Gold,222.520004,4939500
2024-07-30,SPY,US equities,529.465820,46853600
2024-07-31,AGG,US aggregate bonds,91.380234,11725100
2024-07-31,EEM,Emerging-market equities,41.028259,38600400
2024-07-31,EFA,Developed international equities,75.350746,20969400
2024-07-31,EWC,Canadian equities,37.637909,2687700
2024-07-31,GLD,Gold,226.550003,7316600
2024-07-31,SPY,US equities,538.071960,65663400
2024-08-01,AGG,US aggregate bonds,91.763100,9642700
2024-08-01,EEM,Emerging-market equities,40.311813,35497100
2024-08-01,EFA,Developed international equities,73.353523,18129800
2024-08-01,EWC,Canadian equities,36.796570,3618100
2024-08-01,GLD,Gold,225.770004,7217200
2024-08-01,SPY,US equities,530.452332,76428700
2024-08-02,AGG,US aggregate bonds,92.789688,9397500
2024-08-02,EEM,Emerging-market equities,39.738663,36857000
2024-08-02,EFA,Developed international equities,72.200195,25136200
2024-08-02,EWC,Canadian equities,35.974575,4664200
2024-08-02,GLD,Gold,225.339996,11109400
2024-08-02,SPY,US equities,520.576172,82789100
2024-08-05,AGG,US aggregate bonds,92.715691,12066100
2024-08-05,EEM,Emerging-market equities,38.611450,60439500
2024-08-05,EFA,Developed international equities,70.624916,28088800
2024-08-05,EWC,Canadian equities,35.316975,6610400
2024-08-05,GLD,Gold,222.479996,8939000
2024-08-05,SPY,US equities,505.415100,146267400
2024-08-06,AGG,US aggregate bonds,92.160789,10945200
2024-08-06,EEM,Emerging-market equities,38.831165,32540200
2024-08-06,EFA,Developed international equities,70.746811,22307500
2024-08-06,EWC,Canadian equities,35.819839,4040800
2024-08-06,GLD,Gold,220.699997,14362300
2024-08-06,SPY,US equities,510.074829,84826300
2024-08-07,AGG,US aggregate bonds,91.883331,8085200
2024-08-07,EEM,Emerging-market equities,39.069977,36654400
2024-08-07,EFA,Developed international equities,71.084373,24592600
2024-08-07,EWC,Canadian equities,35.800499,2203900
2024-08-07,GLD,Gold,220.550003,5287800
2024-08-07,SPY,US equities,506.665497,70698300
2024-08-08,AGG,US aggregate bonds,91.744621,5558000
2024-08-08,EEM,Emerging-market equities,39.958366,30021900
2024-08-08,EFA,Developed international equities,72.275215,14824700
2024-08-08,EWC,Canadian equities,36.419418,1863700
2024-08-08,GLD,Gold,224.009995,6327100
2024-08-08,SPY,US equities,518.378296,63276600
2024-08-09,AGG,US aggregate bonds,92.068314,3879200
2024-08-09,EEM,Emerging-market equities,40.178078,21142800
2024-08-09,EFA,Developed international equities,72.556496,11022700
2024-08-09,EWC,Canadian equities,36.583820,1372500
2024-08-09,GLD,Gold,224.559998,4441000
2024-08-09,SPY,US equities,520.664062,45619600
2024-08-12,AGG,US aggregate bonds,92.225540,7300600
2024-08-12,EEM,Emerging-market equities,40.311813,15042300
2024-08-12,EFA,Developed international equities,72.490868,7988700
2024-08-12,EWC,Canadian equities,36.651520,1663800
2024-08-12,GLD,Gold,228.410004,5561300
2024-08-12,SPY,US equities,520.937683,42542100
2024-08-13,AGG,US aggregate bonds,92.595467,3925500
2024-08-13,EEM,Emerging-market equities,40.760777,21073600
2024-08-13,EFA,Developed international equities,73.737968,11927500
2024-08-13,EWC,Canadian equities,37.164055,2054500
2024-08-13,GLD,Gold,228.059998,6740200
2024-08-13,SPY,US equities,529.504822,52333100
2024-08-14,AGG,US aggregate bonds,92.761940,9871500
2024-08-14,EEM,Emerging-market equities,40.541073,17537100
2024-08-14,EFA,Developed international equities,74.009895,7127600
2024-08-14,EWC,Canadian equities,37.386482,1917300
2024-08-14,GLD,Gold,226.199997,5462500
2024-08-14,SPY,US equities,531.175232,42446900
2024-08-15,AGG,US aggregate bonds,92.373512,8628400
2024-08-15,EEM,Emerging-market equities,40.990044,26914000
2024-08-15,EFA,Developed international equities,74.910049,10364200
2024-08-15,EWC,Canadian equities,37.811977,3394800
2024-08-15,GLD,Gold,226.910004,5273300
2024-08-15,SPY,US equities,540.279724,60846800
2024-08-16,AGG,US aggregate bonds,92.595467,6507900
2024-08-16,EEM,Emerging-market equities,41.467670,31457900
2024-08-16,EFA,Developed international equities,75.322617,10287800
2024-08-16,EWC,Canadian equities,37.976387,1509600
2024-08-16,GLD,Gold,231.990005,11924500
2024-08-16,SPY,US equities,541.491089,44430700
2024-08-19,AGG,US aggregate bonds,92.697212,4690300
2024-08-19,EEM,Emerging-market equities,41.868881,26716600
2024-08-19,EFA,Developed international equities,76.241524,6741000
2024-08-19,EWC,Canadian equities,38.247158,1559400
2024-08-19,GLD,Gold,231.610001,5164800
2024-08-19,SPY,US equities,546.668457,39121800
2024-08-20,AGG,US aggregate bonds,92.974663,5516700
2024-08-20,EEM,Emerging-market equities,41.544094,19230800
2024-08-20,EFA,Developed international equities,76.007111,5177900
2024-08-20,EWC,Canadian equities,38.150452,1338000
2024-08-20,GLD,Gold,232.460007,9073600
2024-08-20,SPY,US equities,545.779602,33732300
2024-08-21,AGG,US aggregate bonds,93.150375,6366700
2024-08-21,EEM,Emerging-market equities,41.706482,14644400
2024-08-21,EFA,Developed international equities,76.710358,10653500
2024-08-21,EWC,Canadian equities,38.334194,1475900
2024-08-21,GLD,Gold,232.149994,5337400
2024-08-21,SPY,US equities,547.655151,41514600
2024-08-22,AGG,US aggregate bonds,92.771179,7893700
2024-08-22,EEM,Emerging-market equities,41.190647,22515000
2024-08-22,EFA,Developed international equities,76.260284,7290700
2024-08-22,EWC,Canadian equities,38.160126,1085700
2024-08-22,GLD,Gold,229.369995,5765400
2024-08-22,SPY,US equities,543.356812,56121500
2024-08-23,AGG,US aggregate bonds,93.196617,6179500
2024-08-23,EEM,Emerging-market equities,41.878429,27848700
2024-08-23,EFA,Developed international equities,77.657402,10779000
2024-08-23,EWC,Canadian equities,38.885418,3141800
2024-08-23,GLD,Gold,232.020004,5418200
2024-08-23,SPY,US equities,549.130249,50639400
2024-08-26,AGG,US aggregate bonds,93.113403,6653200
2024-08-26,EEM,Emerging-market equities,41.524990,18429300
2024-08-26,EFA,Developed international equities,77.310463,6719900
2024-08-26,EWC,Canadian equities,39.040150,1202400
2024-08-26,GLD,Gold,232.759995,3151400
2024-08-26,SPY,US equities,547.821228,35788600
2024-08-27,AGG,US aggregate bonds,93.141121,7965400
2024-08-27,EEM,Emerging-market equities,41.582298,14424700
2024-08-27,EFA,Developed international equities,77.666786,9597100
2024-08-27,EWC,Canadian equities,39.020802,829500
2024-08-27,GLD,Gold,233.389999,4435600
2024-08-27,SPY,US equities,548.573425,32693900
2024-08-28,AGG,US aggregate bonds,93.057899,6960300
2024-08-28,EEM,Emerging-market equities,41.324379,15443000
2024-08-28,EFA,Developed international equities,77.394859,7883900
2024-08-28,EWC,Canadian equities,38.730690,1337100
2024-08-28,GLD,Gold,231.750000,4961500
2024-08-28,SPY,US equities,545.388794,41066000
2024-08-29,AGG,US aggregate bonds,92.937660,6912700
2024-08-29,EEM,Emerging-market equities,41.343487,15497600
2024-08-29,EFA,Developed international equities,77.685539,9112100
2024-08-29,EWC,Canadian equities,38.904758,1603400
2024-08-29,GLD,Gold,232.949997,5524200
2024-08-29,SPY,US equities,545.437622,38715200
2024-08-30,AGG,US aggregate bonds,92.715691,7213200
2024-08-30,EEM,Emerging-market equities,41.429462,29450400
2024-08-30,EFA,Developed international equities,77.807426,15627600
2024-08-30,EWC,Canadian equities,39.156197,1730900
2024-08-30,GLD,Gold,231.289993,5743000
2024-08-30,SPY,US equities,550.644409,62700100
2024-09-03,AGG,US aggregate bonds,93.107216,6837200
2024-09-03,EEM,Emerging-market equities,40.607941,35293700
2024-09-03,EFA,Developed international equities,76.579086,9886700
2024-09-03,EWC,Canadian equities,38.479256,3124700
2024-09-03,GLD,Gold,230.289993,6417900
2024-09-03,SPY,US equities,539.312683,60600100
2024-09-04,AGG,US aggregate bonds,93.515388,10867700
2024-09-04,EEM,Emerging-market equities,40.598389,24895900
2024-09-04,EFA,Developed international equities,76.241524,10324400
2024-09-04,EWC,Canadian equities,38.575958,3693600
2024-09-04,GLD,Gold,230.429993,4696000
2024-09-04,SPY,US equities,538.208801,47224900
2024-09-05,AGG,US aggregate bonds,93.756599,11921900
2024-09-05,EEM,Emerging-market equities,40.655701,22513900
2024-09-05,EFA,Developed international equities,76.260284,12147400
2024-09-05,EWC,Canadian equities,38.469582,1690100
2024-09-05,GLD,Gold,232.350006,4838100
2024-09-05,SPY,US equities,536.899719,44264300
2024-09-06,AGG,US aggregate bonds,93.877228,8830200
2024-09-06,EEM,Emerging-market equities,39.910606,32436800
2024-09-06,EFA,Developed international equities,74.825661,12344400
2024-09-06,EWC,Canadian equities,38.015068,2416800
2024-09-06,GLD,Gold,230.630005,6315800
2024-09-06,SPY,US equities,527.863586,68493800
2024-09-09,AGG,US aggregate bonds,94.016388,7569300
2024-09-09,EEM,Emerging-market equities,40.244942,19917400
2024-09-09,EFA,Developed international equities,75.575790,10635000
2024-09-09,EWC,Canadian equities,38.440571,1724500
2024-09-09,GLD,Gold,231.600006,3548800
2024-09-09,SPY,US equities,533.773743,40445800
2024-09-10,AGG,US aggregate bonds,94.303970,5979300
2024-09-10,EEM,Emerging-market equities,40.092106,19700400
2024-09-10,EFA,Developed international equities,75.200722,9742900
2024-09-10,EWC,Canadian equities,38.247158,1503000
2024-09-10,GLD,Gold,232.619995,4378300
2024-09-10,SPY,US equities,536.098694,36394600
2024-09-11,AGG,US aggregate bonds,94.276131,4184400
2024-09-11,EEM,Emerging-market equities,40.388233,26253300
2024-09-11,EFA,Developed international equities,75.650803,12999100
2024-09-11,EWC,Canadian equities,38.730690,3081500
2024-09-11,GLD,Gold,232.250000,4637300
2024-09-11,SPY,US equities,541.598511,75248600
2024-09-12,AGG,US aggregate bonds,94.192657,6419400
2024-09-12,EEM,Emerging-market equities,40.722572,19993200
2024-09-12,EFA,Developed international equities,76.269661,11685600
2024-09-12,EWC,Canadian equities,39.069160,1375500
2024-09-12,GLD,Gold,236.330002,9930200
2024-09-12,SPY,US equities,546.160461,51819600
2024-09-13,AGG,US aggregate bonds,94.387466,5330600
2024-09-13,EEM,Emerging-market equities,40.913624,16882300
2024-09-13,EFA,Developed international equities,76.447815,7340500
2024-09-13,EWC,Canadian equities,39.204548,848600
2024-09-13,GLD,Gold,238.679993,7455100
2024-09-13,SPY,US equities,549.013062,39310500
2024-09-16,AGG,US aggregate bonds,94.610146,8425900
2024-09-16,EEM,Emerging-market equities,41.047359,14733000
2024-09-16,EFA,Developed international equities,77.066681,9869500
2024-09-16,EWC,Canadian equities,39.455982,1499000
2024-09-16,GLD,Gold,238.660004,4713500
2024-09-16,SPY,US equities,549.823792,36656100
2024-09-17,AGG,US aggregate bonds,94.517365,9256000
2024-09-17,EEM,Emerging-market equities,41.095119,20623700
2024-09-17,EFA,Developed international equities,76.635345,7307300
2024-09-17,EWC,Canadian equities,39.339935,1540300
2024-09-17,GLD,Gold,237.339996,5257100
2024-09-17,SPY,US equities,550.048462,49321000
2024-09-18,AGG,US aggregate bonds,94.220467,6280000
2024-09-18,EEM,Emerging-market equities,40.951836,26010500
2024-09-18,EFA,Developed international equities,76.391556,8454200
2024-09-18,EWC,Canadian equities,39.156197,1543900
2024-09-18,GLD,Gold,235.509995,11081100
2024-09-18,SPY,US equities,548.417175,59044900
2024-09-19,AGG,US aggregate bonds,94.229752,5079800
2024-09-19,EEM,Emerging-market equities,41.821117,41025500
2024-09-19,EFA,Developed international equities,77.901192,9974100
2024-09-19,EWC,Canadian equities,39.794456,2236500
2024-09-19,GLD,Gold,239.169998,6108200
2024-09-19,SPY,US equities,557.775574,75315500
2024-09-20,AGG,US aggregate bonds,94.146255,8464900
2024-09-20,EEM,Emerging-market equities,41.735142,33038100
2024-09-20,EFA,Developed international equities,77.132309,7892400
2024-09-20,EWC,Canadian equities,39.755768,887500
2024-09-20,GLD,Gold,242.210007,7737400
2024-09-20,SPY,US equities,556.811340,77503100
2024-09-23,AGG,US aggregate bonds,94.109138,8428100
2024-09-23,EEM,Emerging-market equities,42.059933,24891700
2024-09-23,EFA,Developed international equities,77.422989,6997700
2024-09-23,EWC,Canadian equities,39.987862,1548500
2024-09-23,GLD,Gold,242.679993,5426200
2024-09-23,SPY,US equities,558.202698,44116900
2024-09-24,AGG,US aggregate bonds,94.239037,5803600
2024-09-24,EEM,Emerging-market equities,43.492809,64472700
2024-09-24,EFA,Developed international equities,77.882431,6855800
2024-09-24,EWC,Canadian equities,40.287651,1962000
2024-09-24,GLD,Gold,246.070007,8386300
2024-09-24,SPY,US equities,559.799927,46805700
2024-09-25,AGG,US aggregate bonds,93.877228,9259100
2024-09-25,EEM,Emerging-market equities,43.034290,41967800
2024-09-25,EFA,Developed international equities,77.460495,11869000
2024-09-25,EWC,Canadian equities,40.055561,2062900
2024-09-25,GLD,Gold,245.729996,7393400
2024-09-25,SPY,US equities,558.565247,38428600
2024-09-26,AGG,US aggregate bonds,93.895790,8124400
2024-09-26,EEM,Emerging-market equities,44.610462,80876300
2024-09-26,EFA,Developed international equities,79.167046,12875000
2024-09-26,EWC,Canadian equities,40.287651,1037000
2024-09-26,GLD,Gold,246.979996,7041100
2024-09-26,SPY,US equities,560.779785,48336000
2024-09-27,AGG,US aggregate bonds,94.164818,5033300
2024-09-27,EEM,Emerging-market equities,44.524490,51540100
2024-09-27,EFA,Developed international equities,78.688835,10690700
2024-09-27,EWC,Canadian equities,40.084568,2191900
2024-09-27,GLD,Gold,245.020004,8329600
2024-09-27,SPY,US equities,559.966553,42100900
2024-09-30,AGG,US aggregate bonds,93.951447,9105400
2024-09-30,EEM,Emerging-market equities,43.808048,61400400
2024-09-30,EFA,Developed international equities,78.416916,13424400
2024-09-30,EWC,Canadian equities,40.152267,2472700
2024-09-30,GLD,Gold,243.059998,6916700
2024-09-30,SPY,US equities,562.210510,63557400
2024-10-01,AGG,US aggregate bonds,94.199875,8811400
2024-10-01,EEM,Emerging-market equities,44.123283,38648900
2024-10-01,EFA,Developed international equities,77.835564,18430900
2024-10-01,EWC,Canadian equities,40.268314,3591600
2024-10-01,GLD,Gold,245.610001,10605500
2024-10-01,SPY,US equities,557.173950,72668800
2024-10-02,AGG,US aggregate bonds,94.004478,11700900
2024-10-02,EEM,Emerging-market equities,44.992565,55790400
2024-10-02,EFA,Developed international equities,77.676147,8335200
2024-10-02,EWC,Canadian equities,40.229626,1557200
2024-10-02,GLD,Gold,245.660004,6798800
2024-10-02,SPY,US equities,557.409058,38097800
2024-10-03,AGG,US aggregate bonds,93.622948,8751200
2024-10-03,EEM,Emerging-market equities,44.457623,31198300
2024-10-03,EFA,Developed international equities,76.954155,9890500
2024-10-03,EWC,Canadian equities,40.055561,3424400
2024-10-03,GLD,Gold,245.490005,5674500
2024-10-03,SPY,US equities,556.389954,40846500
2024-10-04,AGG,US aggregate bonds,93.018097,9639700
2024-10-04,EEM,Emerging-market equities,44.868385,29476800
2024-10-04,EFA,Developed international equities,77.404228,8536100
2024-10-04,EWC,Canadian equities,40.297325,2289400
2024-10-04,GLD,Gold,245.000000,5947800
2024-10-04,SPY,US equities,561.446167,42939100
2024-10-07,AGG,US aggregate bonds,92.701691,6382100
2024-10-07,EEM,Emerging-market equities,45.240932,42198000
2024-10-07,EFA,Developed international equities,76.972908,7365100
2024-10-07,EWC,Canadian equities,40.065235,1371100
2024-10-07,GLD,Gold,244.169998,3849000
2024-10-07,SPY,US equities,556.370361,49964700
2024-10-08,AGG,US aggregate bonds,92.859909,7340100
2024-10-08,EEM,Emerging-market equities,44.123283,47817300
2024-10-08,EFA,Developed international equities,76.851013,6339100
2024-10-08,EWC,Canadian equities,39.784782,2761700
2024-10-08,GLD,Gold,242.369995,7669800
2024-10-08,SPY,US equities,561.632263,37398700
2024-10-09,AGG,US aggregate bonds,92.617958,8218300
2024-10-09,EEM,Emerging-market equities,43.884468,35395800
2024-10-09,EFA,Developed international equities,76.869766,5370800
2024-10-09,EWC,Canadian equities,39.997536,1705600
2024-10-09,GLD,Gold,241.050003,4120500
2024-10-09,SPY,US equities,565.522339,37912200
2024-10-10,AGG,US aggregate bonds,92.562126,5757700
2024-10-10,EEM,Emerging-market equities,43.970440,18052400
2024-10-10,EFA,Developed international equities,76.775993,5794400
2024-10-10,EWC,Canadian equities,40.036221,839400
2024-10-10,GLD,Gold,242.820007,4792700
2024-10-10,SPY,US equities,564.532715,44138100
2024-10-11,AGG,US aggregate bonds,92.590019,4878600
2024-10-11,EEM,Emerging-market equities,44.285675,28389200
2024-10-11,EFA,Developed international equities,77.169815,6914900
2024-10-11,EWC,Canadian equities,40.229626,1576200
2024-10-11,GLD,Gold,245.470001,5789500
2024-10-11,SPY,US equities,567.913269,42268000
2024-10-14,AGG,US aggregate bonds,92.506294,3512600
2024-10-14,EEM,Emerging-market equities,44.104179,20415200
2024-10-14,EFA,Developed international equities,77.394859,6646200
2024-10-14,EWC,Canadian equities,40.239300,1212900
2024-10-14,GLD,Gold,245.070007,3922900
2024-10-14,SPY,US equities,572.557861,36217200
2024-10-15,AGG,US aggregate bonds,92.878494,7158700
2024-10-15,EEM,Emerging-market equities,43.168026,31270700
2024-10-15,EFA,Developed international equities,76.110252,17667300
2024-10-15,EWC,Canadian equities,40.113583,1326200
2024-10-15,GLD,Gold,245.919998,5640800
2024-10-15,SPY,US equities,568.109253,54203600
2024-10-16,AGG,US aggregate bonds,92.999481,4741300
2024-10-16,EEM,Emerging-market equities,43.502369,25111200
2024-10-16,EFA,Developed international equities,76.307167,5931800
2024-10-16,EWC,Canadian equities,40.490734,1642700
2024-10-16,GLD,Gold,247.149994,5431900
2024-10-16,SPY,US equities,570.578552,30725400
2024-10-17,AGG,US aggregate bonds,92.543526,5306300
2024-10-17,EEM,Emerging-market equities,43.435501,36885700
2024-10-17,EFA,Developed international equities,76.316536,8904600
2024-10-17,EWC,Canadian equities,40.500408,1428600
2024-10-17,GLD,Gold,248.630005,5176200
2024-10-17,SPY,US equities,570.627502,34393700
2024-10-18,AGG,US aggregate bonds,92.608635,4973000
2024-10-18,EEM,Emerging-market equities,43.865364,30391600
2024-10-18,EFA,Developed international equities,76.832268,5863100
2024-10-18,EWC,Canadian equities,40.655140,1070100
2024-10-18,GLD,Gold,251.270004,7833600
2024-10-18,SPY,US equities,572.822449,37416800
2024-10-21,AGG,US aggregate bonds,91.966553,6873900
2024-10-21,EEM,Emerging-market equities,43.559677,19614900
2024-10-21,EFA,Developed international equities,75.922729,8009100
2024-10-21,EWC,Canadian equities,40.394035,1386600
2024-10-21,GLD,Gold,251.220001,9258600
2024-10-21,SPY,US equities,571.881775,36439000
2024-10-22,AGG,US aggregate bonds,91.985176,11401800
2024-10-22,EEM,Emerging-market equities,43.464157,19243400
2024-10-22,EFA,Developed international equities,75.491394,5844200
2024-10-22,EWC,Canadian equities,40.442387,1309900
2024-10-22,GLD,Gold,253.929993,5756300
2024-10-22,SPY,US equities,571.577942,34183800
2024-10-23,AGG,US aggregate bonds,91.752533,19659700
2024-10-23,EEM,Emerging-market equities,43.206238,19822000
2024-10-23,EFA,Developed international equities,74.731888,7556000
2024-10-23,EWC,Canadian equities,40.152267,2359100
2024-10-23,GLD,Gold,250.869995,8081000
2024-10-23,SPY,US equities,566.355286,49314600
2024-10-24,AGG,US aggregate bonds,91.929337,7559300
2024-10-24,EEM,Emerging-market equities,43.139370,16257100
2024-10-24,EFA,Developed international equities,75.153847,6522400
2024-10-24,EWC,Canadian equities,40.074898,2100600
2024-10-24,GLD,Gold,252.800003,5962200
2024-10-24,SPY,US equities,567.580139,34979900
2024-10-25,AGG,US aggregate bonds,91.743233,9028500
2024-10-25,EEM,Emerging-market equities,43.101158,21428500
2024-10-25,EFA,Developed international equities,74.900673,9288100
2024-10-25,EWC,Canadian equities,39.804123,1765900
2024-10-25,GLD,Gold,253.320007,4424500
2024-10-25,SPY,US equities,567.384155,47268200
2024-10-28,AGG,US aggregate bonds,91.594337,7362900
2024-10-28,EEM,Emerging-market equities,43.292213,15169300
2024-10-28,EFA,Developed international equities,75.500771,6985000
2024-10-28,EWC,Canadian equities,40.065235,979500
2024-10-28,GLD,Gold,253.330002,4029100
2024-10-28,SPY,US equities,569.138062,30174700
2024-10-29,AGG,US aggregate bonds,91.696716,5421700
2024-10-29,EEM,Emerging-market equities,43.158474,15439300
2024-10-29,EFA,Developed international equities,75.228851,8778400
2024-10-29,EWC,Canadian equities,39.910503,2360300
2024-10-29,GLD,Gold,256.089996,8875500
2024-10-29,SPY,US equities,570.059204,42899700
2024-10-30,AGG,US aggregate bonds,91.603630,11188400
2024-10-30,EEM,Emerging-market equities,42.738163,24149900
2024-10-30,EFA,Developed international equities,74.741264,8828100
2024-10-30,EWC,Canadian equities,39.871815,1914800
2024-10-30,GLD,Gold,257.500000,6386200
2024-10-30,SPY,US equities,568.334595,41435800
2024-10-31,AGG,US aggregate bonds,91.585037,12754500
2024-10-31,EEM,Emerging-market equities,42.461136,43988700
2024-10-31,EFA,Developed international equities,74.281822,19247600
2024-10-31,EWC,Canadian equities,39.291584,2073000
2024-10-31,GLD,Gold,253.509995,9930800
2024-10-31,SPY,US equities,557.193604,60182500
2024-11-01,AGG,US aggregate bonds,91.220963,10387300
2024-11-01,EEM,Emerging-market equities,42.499348,17525900
2024-11-01,EFA,Developed international equities,74.431839,9951300
2024-11-01,EWC,Canadian equities,39.330269,1644200
2024-11-01,GLD,Gold,252.470001,6473000
2024-11-01,SPY,US equities,559.545166,45667500
2024-11-04,AGG,US aggregate bonds,91.603691,6629800
2024-11-04,EEM,Emerging-market equities,42.738163,24674200
2024-11-04,EFA,Developed international equities,74.488106,10280100
2024-11-04,EWC,Canadian equities,39.552689,1622500
2024-11-04,GLD,Gold,252.830002,4581400
2024-11-04,SPY,US equities,558.339905,38217000
2024-11-05,AGG,US aggregate bonds,91.818390,6663000
2024-11-05,EEM,Emerging-market equities,43.320862,21398300
2024-11-05,EFA,Developed international equities,75.228851,9596400
2024-11-05,EWC,Canadian equities,39.997536,1705800
2024-11-05,GLD,Gold,253.399994,6029900
2024-11-05,SPY,US equities,565.091309,39478300
2024-11-06,AGG,US aggregate bonds,91.099609,9158100
2024-11-06,EEM,Emerging-market equities,42.785927,37143300
2024-11-06,EFA,Developed international equities,74.141151,11746200
2024-11-06,EWC,Canadian equities,40.210289,1523900
2024-11-06,GLD,Gold,245.699997,14600200
2024-11-06,SPY,US equities,579.142578,68182000
2024-11-07,AGG,US aggregate bonds,91.790413,17402300
2024-11-07,EEM,Emerging-market equities,43.731625,39247600
2024-11-07,EFA,Developed international equities,75.266357,11634100
2024-11-07,EWC,Canadian equities,40.771183,3051500
2024-11-07,GLD,Gold,249.649994,8821400
2024-11-07,SPY,US equities,583.620605,47233200
2024-11-08,AGG,US aggregate bonds,91.949097,6199800
2024-11-08,EEM,Emerging-market equities,42.652191,44833800
2024-11-08,EFA,Developed international equities,74.225555,11540300
2024-11-08,EWC,Canadian equities,40.316666,1819900
2024-11-08,GLD,Gold,247.960007,6267900
2024-11-08,SPY,US equities,586.148743,46444900
2024-11-11,AGG,US aggregate bonds,91.743729,4501200
2024-11-11,EEM,Emerging-market equities,42.327404,21342300
2024-11-11,EFA,Developed international equities,74.244301,5839600
2024-11-11,EWC,Canadian equities,40.490734,1165600
2024-11-11,GLD,Gold,242.139999,11653800
2024-11-11,SPY,US equities,586.707214,37586800
2024-11-12,AGG,US aggregate bonds,91.211639,16775400
2024-11-12,EEM,Emerging-market equities,41.524990,33946300
2024-11-12,EFA,Developed international equities,72.865936,16613700
2024-11-12,EWC,Canadian equities,40.858219,2800600
2024-11-12,GLD,Gold,240.050003,10145500
2024-11-12,SPY,US equities,584.884583,43006100
2024-11-13,AGG,US aggregate bonds,91.192963,15834900
2024-11-13,EEM,Emerging-market equities,41.257515,26586800
2024-11-13,EFA,Developed international equities,72.434608,14828900
2024-11-13,EWC,Canadian equities,40.751839,1733600
2024-11-13,GLD,Gold,237.630005,8431700
2024-11-13,SPY,US equities,585.168762,47388600
2024-11-14,AGG,US aggregate bonds,91.155632,7312000
2024-11-14,EEM,Emerging-market equities,41.028259,34443200
2024-11-14,EFA,Developed international equities,72.584633,19039000
2024-11-14,EWC,Canadian equities,40.693817,1252500
2024-11-14,GLD,Gold,237.009995,8262400
2024-11-14,SPY,US equities,581.406128,38904100
2024-11-15,AGG,US aggregate bonds,91.164970,11844300
2024-11-15,EEM,Emerging-market equities,41.028259,29127800
2024-11-15,EFA,Developed international equities,72.322083,15433500
2024-11-15,EWC,Canadian equities,40.345676,1819700
2024-11-15,GLD,Gold,236.589996,7299500
2024-11-15,SPY,US equities,573.958984,75988800
2024-11-18,AGG,US aggregate bonds,91.248978,5260600
2024-11-18,EEM,Emerging-market equities,41.496326,27765000
2024-11-18,EFA,Developed international equities,72.715919,7772600
2024-11-18,EWC,Canadian equities,40.645466,1622300
2024-11-18,GLD,Gold,241.089996,6323400
2024-11-18,SPY,US equities,576.310852,37001700
2024-11-19,AGG,US aggregate bonds,91.379662,4735900
2024-11-19,EEM,Emerging-market equities,41.467670,16624500
2024-11-19,EFA,Developed international equities,72.622139,13402300
2024-11-19,EWC,Canadian equities,40.887230,1535600
2024-11-19,GLD,Gold,243.250000,6579100
2024-11-19,SPY,US equities,578.417419,49412000
2024-11-20,AGG,US aggregate bonds,91.286316,5551100
2024-11-20,EEM,Emerging-market equities,41.419914,18358000
2024-11-20,EFA,Developed international equities,72.425232,12442000
2024-11-20,EWC,Canadian equities,40.819530,1369100
2024-11-20,GLD,Gold,244.619995,6630700
2024-11-20,SPY,US equities,578.613525,50032600
2024-11-21,AGG,US aggregate bonds,91.239647,6348500
2024-11-21,EEM,Emerging-market equities,41.333935,16086900
2024-11-21,EFA,Developed international equities,72.443993,9161200
2024-11-21,EWC,Canadian equities,41.525490,5089400
2024-11-21,GLD,Gold,246.660004,7646400
2024-11-21,SPY,US equities,581.719727,46750300
2024-11-22,AGG,US aggregate bonds,91.304985,4989600
2024-11-22,EEM,Emerging-market equities,41.343487,14104100
2024-11-22,EFA,Developed international equities,72.725288,16809800
2024-11-22,EWC,Canadian equities,41.554497,1201100
2024-11-22,GLD,Gold,249.839996,7503000
2024-11-22,SPY,US equities,583.522583,38226400
2024-11-25,AGG,US aggregate bonds,92.126472,9246200
2024-11-25,EEM,Emerging-market equities,41.372150,18855100
2024-11-25,EFA,Developed international equities,73.100349,24934100
2024-11-25,EWC,Canadian equities,41.477135,1618300
2024-11-25,GLD,Gold,242.479996,10733100
2024-11-25,SPY,US equities,585.501892,42441400
2024-11-26,AGG,US aggregate bonds,91.986450,11303100
2024-11-26,EEM,Emerging-market equities,41.200203,19119700
2024-11-26,EFA,Developed international equities,72.678398,9360800
2024-11-26,EWC,Canadian equities,41.196686,2821400
2024-11-26,GLD,Gold,242.949997,4945900
2024-11-26,SPY,US equities,588.559204,45621300
2024-11-27,AGG,US aggregate bonds,92.238464,8749800
2024-11-27,EEM,Emerging-market equities,41.257515,17922000
2024-11-27,EFA,Developed international equities,73.072220,7477900
2024-11-27,EWC,Canadian equities,41.419117,1780300
2024-11-27,GLD,Gold,243.490005,6930600
2024-11-27,SPY,US equities,586.775757,34000200
2024-11-29,AGG,US aggregate bonds,92.602547,9623200
2024-11-29,EEM,Emerging-market equities,41.324379,17372200
2024-11-29,EFA,Developed international equities,74.047394,11643900
2024-11-29,EWC,Canadian equities,41.825275,1586800
2024-11-29,GLD,Gold,245.589996,2708500
2024-11-29,SPY,US equities,590.420837,30177400
2024-12-02,AGG,US aggregate bonds,92.613777,18397600
2024-12-02,EEM,Emerging-market equities,41.486778,16508700
2024-12-02,EFA,Developed international equities,74.253685,15721100
2024-12-02,EWC,Canadian equities,41.680214,2396100
2024-12-02,GLD,Gold,243.440002,4765000
2024-12-02,SPY,US equities,591.479126,31746000
2024-12-03,AGG,US aggregate bonds,92.435860,6889800
2024-12-03,EEM,Emerging-market equities,41.572746,49462500
2024-12-03,EFA,Developed international equities,74.675629,13289900
2024-12-03,EWC,Canadian equities,41.583511,2075000
2024-12-03,GLD,Gold,243.929993,3557800
2024-12-03,SPY,US equities,591.753601,26906600
2024-12-04,AGG,US aggregate bonds,92.735512,7448900
2024-12-04,EEM,Emerging-market equities,41.677830,21339100
2024-12-04,EFA,Developed international equities,74.731888,10434400
2024-12-04,EWC,Canadian equities,41.544827,1056200
2024-12-04,GLD,Gold,244.669998,4608600
2024-12-04,SPY,US equities,595.427979,42787600
2024-12-05,AGG,US aggregate bonds,92.754250,8786700
2024-12-05,EEM,Emerging-market equities,41.954853,23736100
2024-12-05,EFA,Developed international equities,75.097572,11910800
2024-12-05,EWC,Canadian equities,41.854290,1498000
2024-12-05,GLD,Gold,242.860001,4806200
2024-12-05,SPY,US equities,594.448120,28762200
2024-12-06,AGG,US aggregate bonds,93.016457,12890600
2024-12-06,EEM,Emerging-market equities,41.887985,13142400
2024-12-06,EFA,Developed international equities,75.088203,7072500
2024-12-06,EWC,Canadian equities,41.467468,1524700
2024-12-06,GLD,Gold,242.949997,3540700
2024-12-06,SPY,US equities,595.575073,31241500
2024-12-09,AGG,US aggregate bonds,92.744896,10689000
2024-12-09,EEM,Emerging-market equities,42.747715,34841300
2024-12-09,EFA,Developed international equities,75.041313,7801100
2024-12-09,EWC,Canadian equities,41.293396,2008900
2024-12-09,GLD,Gold,245.360001,4711500
2024-12-09,SPY,US equities,592.507996,34742700
2024-12-10,AGG,US aggregate bonds,92.632507,5984500
2024-12-10,EEM,Emerging-market equities,42.059933,26979800
2024-12-10,EFA,Developed international equities,74.366203,10662800
2024-12-10,EWC,Canadian equities,41.128994,1153700
2024-12-10,GLD,Gold,248.589996,4642000
2024-12-10,SPY,US equities,590.665894,37234500
2024-12-11,AGG,US aggregate bonds,92.417145,8095800
2024-12-11,EEM,Emerging-market equities,42.231876,20405600
2024-12-11,EFA,Developed international equities,74.835030,11858900
2024-12-11,EWC,Canadian equities,41.351414,1733200
2024-12-11,GLD,Gold,250.960007,11033800
2024-12-11,SPY,US equities,595.232056,28677700
2024-12-12,AGG,US aggregate bonds,92.042549,12353100
2024-12-12,EEM,Emerging-market equities,42.021721,17662900
2024-12-12,EFA,Developed international equities,74.178665,8623800
2024-12-12,EWC,Canadian equities,40.761513,2225500
2024-12-12,GLD,Gold,247.279999,10149600
2024-12-12,SPY,US equities,592.165100,31543800
2024-12-13,AGG,US aggregate bonds,91.696060,6566300
2024-12-13,EEM,Emerging-market equities,42.059933,19381200
2024-12-13,EFA,Developed international equities,73.972374,10116600
2024-12-13,EWC,Canadian equities,40.626122,2286000
2024-12-13,GLD,Gold,244.289993,6602600
2024-12-13,SPY,US equities,592.047546,35904700
2024-12-16,AGG,US aggregate bonds,91.780342,7124100
2024-12-16,EEM,Emerging-market equities,41.830673,32259800
2024-12-16,EFA,Developed international equities,73.728577,25547700
2024-12-16,EWC,Canadian equities,40.423042,3024900
2024-12-16,GLD,Gold,244.880005,3310000
2024-12-16,SPY,US equities,594.575439,43695200
2024-12-17,AGG,US aggregate bonds,91.780342,7239200
2024-12-17,EEM,Emerging-market equities,41.730618,30224000
2024-12-17,EFA,Developed international equities,73.611679,13934900
2024-12-17,EWC,Canadian equities,40.178055,2645700
2024-12-17,GLD,Gold,243.940002,4421300
2024-12-17,SPY,US equities,592.125916,55773500
2024-12-18,AGG,US aggregate bonds,91.081383,14261400
2024-12-18,EEM,Emerging-market equities,40.759235,33249500
2024-12-18,EFA,Developed international equities,71.805847,16470400
2024-12-18,EWC,Canadian equities,39.051105,5405100
2024-12-18,GLD,Gold,239.259995,8015800
2024-12-18,SPY,US equities,574.478455,108248700
2024-12-19,AGG,US aggregate bonds,90.846512,15490100
2024-12-19,EEM,Emerging-market equities,40.895226,31146900
2024-12-19,EFA,Developed international equities,71.577736,17486600
2024-12-19,EWC,Canadian equities,38.845318,5617700
2024-12-19,GLD,Gold,239.600006,8111400
2024-12-19,SPY,US equities,574.302002,85919500
2024-12-20,AGG,US aggregate bonds,91.090767,8657700
2024-12-20,EEM,Emerging-market equities,41.060360,25512200
2024-12-20,EFA,Developed international equities,71.378143,20878200
2024-12-20,EWC,Canadian equities,39.129501,3835700
2024-12-20,GLD,Gold,242.100006,9527800
2024-12-20,SPY,US equities,581.200012,125716700
2024-12-23,AGG,US aggregate bonds,90.808945,10540800
2024-12-23,EEM,Emerging-market equities,41.293495,17955400
2024-12-23,EFA,Developed international equities,71.843857,10491200
2024-12-23,EWC,Canadian equities,39.345097,1532300
2024-12-23,GLD,Gold,240.960007,5835500
2024-12-23,SPY,US equities,584.680420,57635800
2024-12-24,AGG,US aggregate bonds,90.912285,4739300
2024-12-24,EEM,Emerging-market equities,41.419773,7066800
2024-12-24,EFA,Developed international equities,72.100479,5585200
2024-12-24,EWC,Canadian equities,39.648880,639400
2024-12-24,GLD,Gold,241.440002,2421000
2024-12-24,SPY,US equities,591.179077,33160100
2024-12-26,AGG,US aggregate bonds,90.978050,10620200
2024-12-26,EEM,Emerging-market equities,41.274071,16152200
2024-12-26,EFA,Developed international equities,72.442642,10784900
2024-12-26,EWC,Canadian equities,39.609680,912800
2024-12-26,GLD,Gold,243.070007,4645100
2024-12-26,SPY,US equities,591.218445,41219100
2024-12-27,AGG,US aggregate bonds,90.790138,8601300
2024-12-27,EEM,Emerging-market equities,41.089504,22672400
2024-12-27,EFA,Developed international equities,72.338089,15819700
2024-12-27,EWC,Canadian equities,39.413692,2959400
2024-12-27,GLD,Gold,241.399994,4728100
2024-12-27,SPY,US equities,584.994934,64969300
2024-12-30,AGG,US aggregate bonds,91.147141,10154500
2024-12-30,EEM,Emerging-market equities,40.759235,25055000
2024-12-30,EFA,Developed international equities,71.862877,16427600
2024-12-30,EWC,Canadian equities,39.286297,1126800
2024-12-30,GLD,Gold,240.630005,3522500
2024-12-30,SPY,US equities,578.319275,56578800
2024-12-31,AGG,US aggregate bonds,91.034416,12276700
2024-12-31,EEM,Emerging-market equities,40.623238,40524000
2024-12-31,EFA,Developed international equities,71.862877,21393500
2024-12-31,EWC,Canadian equities,39.492088,3154600
2024-12-31,GLD,Gold,242.130005,2522100
2024-12-31,SPY,US equities,576.215332,57052700
2025-01-02,AGG,US aggregate bonds,91.043816,5547700
2025-01-02,EEM,Emerging-market equities,40.564957,25287200
2025-01-02,EFA,Developed international equities,71.615753,12756600
2025-01-02,EWC,Canadian equities,39.541080,2282700
2025-01-02,GLD,Gold,245.419998,6241900
2025-01-02,SPY,US equities,574.799500,50204000
2025-01-03,AGG,US aggregate bonds,90.949867,5331000
2025-01-03,EEM,Emerging-market equities,40.943798,17706000
2025-01-03,EFA,Developed international equities,71.929398,12548800
2025-01-03,EWC,Canadian equities,39.776272,1381200
2025-01-03,GLD,Gold,243.490005,4872100
2025-01-03,SPY,US equities,581.986511,37888500
2025-01-06,AGG,US aggregate bonds,90.855919,9248300
2025-01-06,EEM,Emerging-market equities,41.089504,26200900
2025-01-06,EFA,Developed international equities,72.613716,16201800
2025-01-06,EWC,Canadian equities,40.001659,3114300
2025-01-06,GLD,Gold,243.190002,3758900
2025-01-06,SPY,US equities,585.339111,47679400
2025-01-07,AGG,US aggregate bonds,90.536484,9153300
2025-01-07,EEM,Emerging-market equities,40.798088,30912500
2025-01-07,EFA,Developed international equities,72.556694,9393200
2025-01-07,EWC,Canadian equities,39.766476,3594100
2025-01-07,GLD,Gold,244.559998,5090300
2025-01-07,SPY,US equities,578.722412,60393100
2025-01-08,AGG,US aggregate bonds,90.639847,7444500
2025-01-08,EEM,Emerging-market equities,40.603809,20257500
2025-01-08,EFA,Developed international equities,72.442642,7894800
2025-01-08,EWC,Canadian equities,39.982063,3077300
2025-01-08,GLD,Gold,245.860001,6303300
2025-01-08,SPY,US equities,579.567810,47304700
2025-01-10,AGG,US aggregate bonds,90.132530,9822000
2025-01-10,EEM,Emerging-market equities,39.914131,42204300
2025-01-10,EFA,Developed international equities,71.340126,12021900
2025-01-10,EWC,Canadian equities,39.217701,2555600
2025-01-10,GLD,Gold,248.210007,12380100
2025-01-10,SPY,US equities,570.719299,73105000
2025-01-13,AGG,US aggregate bonds,90.047966,10420700
2025-01-13,EEM,Emerging-market equities,39.642143,28154900
2025-01-13,EFA,Developed international equities,71.140526,12019700
2025-01-13,EWC,Canadian equities,39.041309,2767200
2025-01-13,GLD,Gold,245.740005,8448600
2025-01-13,SPY,US equities,571.604187,47910100
2025-01-14,AGG,US aggregate bonds,90.076149,5487600
2025-01-14,EEM,Emerging-market equities,40.088978,23438600
2025-01-14,EFA,Developed international equities,71.397156,9963200
2025-01-14,EWC,Canadian equities,39.266697,1524800
2025-01-14,GLD,Gold,247.029999,4914800
2025-01-14,SPY,US equities,572.390747,48420600
2025-01-15,AGG,US aggregate bonds,90.855919,9563000
2025-01-15,EEM,Emerging-market equities,40.613529,22557000
2025-01-15,EFA,Developed international equities,72.309578,12144700
2025-01-15,EWC,Canadian equities,39.688076,2436400
2025-01-15,GLD,Gold,248.880005,6345000
2025-01-15,SPY,US equities,582.802490,56900200
2025-01-16,AGG,US aggregate bonds,91.053185,9810800
2025-01-16,EEM,Emerging-market equities,40.564957,17711400
2025-01-16,EFA,Developed international equities,72.680252,17925700
2025-01-16,EWC,Canadian equities,39.599880,2747900
2025-01-16,GLD,Gold,250.600006,9236000
2025-01-16,SPY,US equities,581.681702,43319700
2025-01-17,AGG,US aggregate bonds,91.053185,5360200
2025-01-17,EEM,Emerging-market equities,40.885509,30692300
2025-01-17,EFA,Developed international equities,72.974884,10667100
2025-01-17,EWC,Canadian equities,39.737076,1313300
2025-01-17,GLD,Gold,249.270004,8312900
2025-01-17,SPY,US equities,587.521729,58070600
2025-01-21,AGG,US aggregate bonds,91.353821,7725900
2025-01-21,EEM,Emerging-market equities,41.322636,16728200
2025-01-21,EFA,Developed international equities,74.448074,13169100
2025-01-21,EWC,Canadian equities,40.403439,3397500
2025-01-21,GLD,Gold,253.130005,7668100
2025-01-21,SPY,US equities,592.899597,42532900
2025-01-22,AGG,US aggregate bonds,91.137756,7283400
2025-01-22,EEM,Emerging-market equities,41.351776,16894600
2025-01-22,EFA,Developed international equities,74.276993,8666700
2025-01-22,EWC,Canadian equities,40.236855,1080400
2025-01-22,GLD,Gold,254.429993,5213800
2025-01-22,SPY,US equities,596.232605,48196000
2025-01-23,AGG,US aggregate bonds,90.987427,7707000
2025-01-23,EEM,Emerging-market equities,41.448914,15212800
2025-01-23,EFA,Developed international equities,74.885277,10977200
2025-01-23,EWC,Canadian equities,40.619030,2123100
2025-01-23,GLD,Gold,254.070007,6511500
2025-01-23,SPY,US equities,599.486877,41152100
2025-01-24,AGG,US aggregate bonds,91.137756,6459400
2025-01-24,EEM,Emerging-market equities,41.720905,20962800
2025-01-24,EFA,Developed international equities,75.303474,7578400
2025-01-24,EWC,Canadian equities,40.815022,1405200
2025-01-24,GLD,Gold,255.649994,7341300
2025-01-24,SPY,US equities,597.736755,34604700
2025-01-27,AGG,US aggregate bonds,91.645073,7602000
2025-01-27,EEM,Emerging-market equities,40.963223,25964200
2025-01-27,EFA,Developed international equities,75.303474,13559100
2025-01-27,EWC,Canadian equities,40.481842,1966900
2025-01-27,GLD,Gold,252.990005,5799800
2025-01-27,SPY,US equities,589.281616,70361100
2025-01-28,AGG,US aggregate bonds,91.616867,5730300
2025-01-28,EEM,Emerging-market equities,41.264355,22438200
2025-01-28,EFA,Developed international equities,75.208420,9458300
2025-01-28,EWC,Canadian equities,40.530838,2084600
2025-01-28,GLD,Gold,255.179993,5332000
2025-01-28,SPY,US equities,594.344910,44433300
2025-01-29,AGG,US aggregate bonds,91.560516,5912800
2025-01-29,EEM,Emerging-market equities,41.274071,24922400
2025-01-29,EFA,Developed international equities,75.198921,7875400
2025-01-29,EWC,Canadian equities,40.658234,1887200
2025-01-29,GLD,Gold,254.199997,5671800
2025-01-29,SPY,US equities,591.680542,37177400
2025-01-30,AGG,US aggregate bonds,91.692047,6802900
2025-01-30,EEM,Emerging-market equities,41.973461,30450300
2025-01-30,EFA,Developed international equities,76.025803,13792100
2025-01-30,EWC,Canadian equities,40.942413,3062500
2025-01-30,GLD,Gold,258.049988,12981200
2025-01-30,SPY,US equities,594.856140,39281300
2025-01-31,AGG,US aggregate bonds,91.504143,10750100
2025-01-31,EEM,Emerging-market equities,41.497486,29974700
2025-01-31,EFA,Developed international equities,75.312973,14935000
2025-01-31,EWC,Canadian equities,40.393646,7129400
2025-01-31,GLD,Gold,258.559998,8961100
2025-01-31,SPY,US equities,591.690369,66566900
2025-02-03,AGG,US aggregate bonds,91.590874,9977100
2025-02-03,EEM,Emerging-market equities,41.196358,37505700
2025-02-03,EFA,Developed international equities,74.429054,14997600
2025-02-03,EWC,Canadian equities,39.766476,10942800
2025-02-03,GLD,Gold,259.940002,11521100
2025-02-03,SPY,US equities,587.708496,65857200
2025-02-04,AGG,US aggregate bonds,91.760521,8483500
2025-02-04,EEM,Emerging-market equities,41.934605,26992900
2025-02-04,EFA,Developed international equities,75.293968,10608300
2025-02-04,EWC,Canadian equities,40.491638,2522600
2025-02-04,GLD,Gold,262.500000,9850400
2025-02-04,SPY,US equities,591.651001,33457800
2025-02-05,AGG,US aggregate bonds,92.250679,9716700
2025-02-05,EEM,Emerging-market equities,41.827755,21829200
2025-02-05,EFA,Developed international equities,76.025803,7857000
2025-02-05,EWC,Canadian equities,40.903217,1753600
2025-02-05,GLD,Gold,264.130005,12681100
2025-02-05,SPY,US equities,594.049927,30653100
2025-02-06,AGG,US aggregate bonds,92.156410,6629400
2025-02-06,EEM,Emerging-market equities,42.002609,19365700
2025-02-06,EFA,Developed international equities,76.386978,7806500
2025-02-06,EWC,Canadian equities,40.962017,2147800
2025-02-06,GLD,Gold,263.429993,8731400
2025-02-06,SPY,US equities,596.114563,35771500
2025-02-07,AGG,US aggregate bonds,91.864212,6422300
2025-02-07,EEM,Emerging-market equities,41.963749,32804300
2025-02-07,EFA,Developed international equities,75.664627,13110800
2025-02-07,EWC,Canadian equities,40.815022,2056900
2025-02-07,GLD,Gold,263.899994,9154000
2025-02-07,SPY,US equities,590.658081,50788500
2025-02-10,AGG,US aggregate bonds,91.892487,6038700
2025-02-10,EEM,Emerging-market equities,42.468868,19596700
2025-02-10,EFA,Developed international equities,76.177879,7287300
2025-02-10,EWC,Canadian equities,41.177605,1312300
2025-02-10,GLD,Gold,268.369995,13250300
2025-02-10,SPY,US equities,594.669312,26048700
2025-02-11,AGG,US aggregate bonds,91.685127,8001100
2025-02-11,EEM,Emerging-market equities,42.303730,19596800
2025-02-11,EFA,Developed international equities,76.539047,7583700
2025-02-11,EWC,Canadian equities,41.226604,1426100
2025-02-11,GLD,Gold,267.390015,7169500
2025-02-11,SPY,US equities,595.121582,30056700
2025-02-12,AGG,US aggregate bonds,91.204407,6404900
2025-02-12,EEM,Emerging-market equities,42.536865,19986000
2025-02-12,EFA,Developed international equities,76.824173,17271400
2025-02-12,EWC,Canadian equities,41.118805,1202700
2025-02-12,GLD,Gold,267.670013,9328600
2025-02-12,SPY,US equities,593.204346,45076100
2025-02-13,AGG,US aggregate bonds,91.751099,7041200
2025-02-13,EEM,Emerging-market equities,42.808849,22841000
2025-02-13,EFA,Developed international equities,77.755600,17212300
2025-02-13,EWC,Canadian equities,41.667583,1963400
2025-02-13,GLD,Gold,270.309998,8347500
2025-02-13,SPY,US equities,599.467224,40921300
2025-02-14,AGG,US aggregate bonds,92.090439,6257500
2025-02-14,EEM,Emerging-market equities,43.139122,24329400
2025-02-14,EFA,Developed international equities,77.869659,8051800
2025-02-14,EWC,Canadian equities,41.324596,994600
2025-02-14,GLD,Gold,266.290009,11546700
2025-02-14,SPY,US equities,599.437744,26910400
2025-02-18,AGG,US aggregate bonds,91.722824,8159400
2025-02-18,EEM,Emerging-market equities,43.411110,23037100
2025-02-18,EFA,Developed international equities,78.430412,9485900
2025-02-18,EWC,Canadian equities,41.589184,1196700
2025-02-18,GLD,Gold,270.700012,8185900
2025-02-18,SPY,US equities,601.197510,26749000
2025-02-19,AGG,US aggregate bonds,91.854790,5604800
2025-02-19,EEM,Emerging-market equities,43.343113,20275200
2025-02-19,EFA,Developed international equities,77.622543,11042200
2025-02-19,EWC,Canadian equities,41.383392,1823300
2025-02-19,GLD,Gold,270.850006,9342500
2025-02-19,SPY,US equities,602.613281,31011100
2025-02-20,AGG,US aggregate bonds,91.996185,27958700
2025-02-20,EEM,Emerging-market equities,43.741379,29210500
2025-02-20,EFA,Developed international equities,77.983711,9177400
2025-02-20,EWC,Canadian equities,41.373596,619700
2025-02-20,GLD,Gold,270.989990,7356900
2025-02-20,SPY,US equities,600.106262,36554000
2025-02-21,AGG,US aggregate bonds,92.392059,7070600
2025-02-21,EEM,Emerging-market equities,43.615097,33974700
2025-02-21,EFA,Developed international equities,77.498993,11630000
2025-02-21,EWC,Canadian equities,40.717030,2188000
2025-02-21,GLD,Gold,270.739990,8917400
2025-02-21,SPY,US equities,589.841980,76519800
2025-02-24,AGG,US aggregate bonds,92.552292,7298300
2025-02-24,EEM,Emerging-market equities,42.944847,38307000
2025-02-24,EFA,Developed international equities,77.451462,11135700
2025-02-24,EWC,Canadian equities,40.550434,2266600
2025-02-24,GLD,Gold,272.209991,5374400
2025-02-24,SPY,US equities,587.158081,50737200
2025-02-25,AGG,US aggregate bonds,93.127266,5801200
2025-02-25,EEM,Emerging-market equities,42.973988,19955500
2025-02-25,EFA,Developed international equities,78.154785,10091400
2025-02-25,EWC,Canadian equities,40.521034,1784900
2025-02-25,GLD,Gold,268.619995,10079800
2025-02-25,SPY,US equities,584.237915,58266500
2025-02-26,AGG,US aggregate bonds,93.278099,5035900
2025-02-26,EEM,Emerging-market equities,43.401398,25171000
2025-02-26,EFA,Developed international equities,78.259338,11254600
2025-02-26,EWC,Canadian equities,40.599438,2503400
2025-02-26,GLD,Gold,269.029999,7276000
2025-02-26,SPY,US equities,584.532776,43321600
2025-02-27,AGG,US aggregate bonds,93.136688,6263200
2025-02-27,EEM,Emerging-market equities,42.556293,30518900
2025-02-27,EFA,Developed international equities,77.375435,19003200
2025-02-27,EWC,Canadian equities,39.982063,3839600
2025-02-27,GLD,Gold,264.929993,9374600
2025-02-27,SPY,US equities,575.202637,74196700
2025-02-28,AGG,US aggregate bonds,93.551445,14453000
2025-02-28,EEM,Emerging-market equities,41.973461,52402300
2025-02-28,EFA,Developed international equities,77.537010,20717700
2025-02-28,EWC,Canadian equities,40.403439,2564600
2025-02-28,GLD,Gold,263.269989,11504500
2025-02-28,SPY,US equities,584.178894,88744100
2025-03-03,AGG,US aggregate bonds,93.753777,7533500
2025-03-03,EEM,Emerging-market equities,41.604340,45587700
2025-03-03,EFA,Developed international equities,78.392410,16234700
2025-03-03,EWC,Canadian equities,39.639080,4156100
2025-03-03,GLD,Gold,266.739990,7725600
2025-03-03,SPY,US equities,573.944153,74249200
2025-03-04,AGG,US aggregate bonds,93.517410,7532400
2025-03-04,EEM,Emerging-market equities,41.954033,30082400
2025-03-04,EFA,Developed international equities,78.373390,18408500
2025-03-04,EWC,Canadian equities,38.972713,8461900
2025-03-04,GLD,Gold,269.059998,8481300
2025-03-04,SPY,US equities,567.150452,109648200
2025-03-05,AGG,US aggregate bonds,93.195930,7302600
2025-03-05,EEM,Emerging-market equities,43.207119,47763400
2025-03-05,EFA,Developed international equities,80.245766,17092500
2025-03-05,EWC,Canadian equities,39.913467,5994900
2025-03-05,GLD,Gold,269.619995,6990400
2025-03-05,SPY,US equities,573.246094,71230500
2025-03-06,AGG,US aggregate bonds,93.101379,9946200
2025-03-06,EEM,Emerging-market equities,42.935131,33544500
2025-03-06,EFA,Developed international equities,79.418884,18421000
2025-03-06,EWC,Canadian equities,39.560684,5165700
2025-03-06,GLD,Gold,268.250000,6136400
2025-03-06,SPY,US equities,563.070374,80094900
2025-03-07,AGG,US aggregate bonds,92.987923,6450700
2025-03-07,EEM,Emerging-market equities,43.148834,23474500
2025-03-07,EFA,Developed international equities,80.245766,13184300
2025-03-07,EWC,Canadian equities,39.658676,4963000
2025-03-07,GLD,Gold,268.390015,10431200
2025-03-07,SPY,US equities,566.226318,81158800
2025-03-10,AGG,US aggregate bonds,93.432320,12318600
2025-03-10,EEM,Emerging-market equities,42.119171,29502500
2025-03-10,EFA,Developed international equities,78.354385,19368400
2025-03-10,EWC,Canadian equities,38.884514,3773900
2025-03-10,GLD,Gold,266.040009,7593900
2025-03-10,SPY,US equities,551.144531,99326600
2025-03-11,AGG,US aggregate bonds,93.101379,10187900
2025-03-11,EEM,Emerging-market equities,42.468868,21184100
2025-03-11,EFA,Developed international equities,78.088264,18088800
2025-03-11,EWC,Canadian equities,38.688526,9554100
2025-03-11,GLD,Gold,269.160004,8436600
2025-03-11,SPY,US equities,546.562927,88102100
2025-03-12,AGG,US aggregate bonds,92.827179,8436700
2025-03-12,EEM,Emerging-market equities,42.702000,17731600
2025-03-12,EFA,Developed international equities,78.649017,15886300
2025-03-12,EWC,Canadian equities,39.041309,4377900
2025-03-12,GLD,Gold,270.329987,7236200
2025-03-12,SPY,US equities,549.463257,69588200
2025-03-13,AGG,US aggregate bonds,93.110840,7959500
2025-03-13,EEM,Emerging-market equities,42.527153,17870100
2025-03-13,EFA,Developed international equities,78.126274,18561400
2025-03-13,EWC,Canadian equities,38.512131,2162000
2025-03-13,GLD,Gold,275.130005,13741500
2025-03-13,SPY,US equities,542.138672,74079400
2025-03-14,AGG,US aggregate bonds,92.921745,8949800
2025-03-14,EEM,Emerging-market equities,43.304260,21858400
2025-03-14,EFA,Developed international equities,79.561447,13971300
2025-03-14,EWC,Canadian equities,39.305897,2152100
2025-03-14,GLD,Gold,275.239990,13365000
2025-03-14,SPY,US equities,553.336914,62660300
2025-03-17,AGG,US aggregate bonds,93.044655,10605800
2025-03-17,EEM,Emerging-market equities,44.042507,37712400
2025-03-17,EFA,Developed international equities,80.454865,12966800
2025-03-17,EWC,Canadian equities,39.874264,1625000
2025-03-17,GLD,Gold,276.730011,8583400
2025-03-17,SPY,US equities,557.603882,49008700
2025-03-18,AGG,US aggregate bonds,93.139191,9022000
2025-03-18,EEM,Emerging-market equities,43.819092,19974200
2025-03-18,EFA,Developed international equities,80.445358,10513400
2025-03-18,EWC,Canadian equities,39.707680,2763800
2025-03-18,GLD,Gold,279.959991,9596500
2025-03-18,SPY,US equities,551.577148,66041400
2025-03-19,AGG,US aggregate bonds,93.413399,6763800
2025-03-19,EEM,Emerging-market equities,43.925945,31657500
2025-03-19,EFA,Developed international equities,80.682968,16362400
2025-03-19,EWC,Canadian equities,40.217255,2440500
2025-03-19,GLD,Gold,281.109985,8822200
2025-03-19,SPY,US equities,557.584229,66556000
2025-03-20,AGG,US aggregate bonds,93.470123,6556800
2025-03-20,EEM,Emerging-market equities,43.517963,25180900
2025-03-20,EFA,Developed international equities,80.008148,11820500
2025-03-20,EWC,Canadian equities,40.207451,4760300
2025-03-20,GLD,Gold,280.750000,5863300
2025-03-20,SPY,US equities,555.971863,62958200
2025-03-21,AGG,US aggregate bonds,93.356674,5028800
2025-03-21,EEM,Emerging-market equities,43.304260,19403800
2025-03-21,EFA,Developed international equities,79.513924,18771200
2025-03-21,EWC,Canadian equities,40.060463,2991100
2025-03-21,GLD,Gold,278.489990,9359300
2025-03-21,SPY,US equities,556.155212,83763000
2025-03-24,AGG,US aggregate bonds,92.997383,4894800
2025-03-24,EEM,Emerging-market equities,43.498535,20479000
2025-03-24,EFA,Developed international equities,79.504417,12201700
2025-03-24,EWC,Canadian equities,40.677826,3023400
2025-03-24,GLD,Gold,277.250000,7870100
2025-03-24,SPY,US equities,566.115173,58766800
2025-03-25,AGG,US aggregate bonds,93.082474,5663000
2025-03-25,EEM,Emerging-market equities,43.372253,29535900
2025-03-25,EFA,Developed international equities,79.941620,10478200
2025-03-25,EWC,Canadian equities,40.873817,2459800
2025-03-25,GLD,Gold,278.470001,5090200
2025-03-25,SPY,US equities,567.476013,38355700
2025-03-26,AGG,US aggregate bonds,92.855568,6744000
2025-03-26,EEM,Emerging-market equities,43.109982,22002200
2025-03-26,EFA,Developed international equities,78.905640,17010400
2025-03-26,EWC,Canadian equities,40.550434,3042700
2025-03-26,GLD,Gold,278.239990,3717500
2025-03-26,SPY,US equities,560.701355,51848300
2025-03-27,AGG,US aggregate bonds,92.808304,9513000
2025-03-27,EEM,Emerging-market equities,43.323685,15749100
2025-03-27,EFA,Developed international equities,79.076714,10331900
2025-03-27,EWC,Canadian equities,40.423042,2468700
2025-03-27,GLD,Gold,281.970001,8476300
2025-03-27,SPY,US equities,559.212280,42164200
2025-03-28,AGG,US aggregate bonds,93.347214,8534000
2025-03-28,EEM,Emerging-market equities,42.517437,27866500
2025-03-28,EFA,Developed international equities,78.373390,14242300
2025-03-28,EWC,Canadian equities,39.756672,2342400
2025-03-28,GLD,Gold,284.059998,9563700
2025-03-28,SPY,US equities,547.950745,71662700
2025-03-31,AGG,US aggregate bonds,93.526848,13350700
2025-03-31,EEM,Emerging-market equities,42.449440,25638300
2025-03-31,EFA,Developed international equities,77.679573,25560500
2025-03-31,EWC,Canadian equities,39.933064,3278500
2025-03-31,GLD,Gold,288.140015,13925100
2025-03-31,SPY,US equities,551.628906,95328200
2025-04-01,AGG,US aggregate bonds,93.873100,10295200
2025-04-01,EEM,Emerging-market equities,42.585434,21530300
2025-04-01,EFA,Developed international equities,77.793625,15154000
2025-04-01,EWC,Canadian equities,40.305450,2337700
2025-04-01,GLD,Gold,287.570007,15923600
2025-04-01,SPY,US equities,553.187012,54609600
2025-04-02,AGG,US aggregate bonds,93.768745,8225100
2025-04-02,EEM,Emerging-market equities,42.643719,18068100
2025-04-02,EFA,Developed international equities,77.974205,14451600
2025-04-02,EWC,Canadian equities,40.756222,2884400
2025-04-02,GLD,Gold,288.160004,11074800
2025-04-02,SPY,US equities,556.687805,76014500
2025-04-03,AGG,US aggregate bonds,94.262016,9905000
2025-04-03,EEM,Emerging-market equities,41.740330,26997500
2025-04-03,EFA,Developed international equities,76.339447,18718400
2025-04-03,EWC,Canadian equities,39.805668,5674400
2025-04-03,GLD,Gold,286.420013,20524400
2025-04-03,SPY,US equities,529.253784,125986000
2025-04-04,AGG,US aggregate bonds,94.347389,14914300
2025-04-04,EEM,Emerging-market equities,39.418728,75853000
2025-04-04,EFA,Developed international equities,71.302109,40904300
2025-04-04,EWC,Canadian equities,37.639973,5385900
2025-04-04,GLD,Gold,279.720001,21517200
2025-04-04,SPY,US equities,498.269684,217965100
2025-04-07,AGG,US aggregate bonds,93.152168,21796300
2025-04-07,EEM,Emerging-market equities,37.951935,87724900
2025-04-07,EFA,Developed international equities,69.581810,63057500
2025-04-07,EWC,Canadian equities,37.032406,6066800
2025-04-07,GLD,Gold,273.709991,19807000
2025-04-07,SPY,US equities,497.382172,256611400
2025-04-08,AGG,US aggregate bonds,92.668365,13173300
2025-04-08,EEM,Emerging-market equities,37.417679,57879100
2025-04-08,EFA,Developed international equities,69.344200,36425000
2025-04-08,EWC,Canadian equities,36.424831,6468800
2025-04-08,GLD,Gold,275.200012,12639500
2025-04-08,SPY,US equities,489.591827,165816600
2025-04-09,AGG,US aggregate bonds,92.877075,16244400
2025-04-09,EEM,Emerging-market equities,40.011265,71100600
2025-04-09,EFA,Developed international equities,74.695175,60645100
2025-04-09,EWC,Canadian equities,38.747326,6514600
2025-04-09,GLD,Gold,285.380005,25342200
2025-04-09,SPY,US equities,541.008423,241867300
2025-04-10,AGG,US aggregate bonds,92.146637,9940000
2025-04-10,EEM,Emerging-market equities,39.321587,44475900
2025-04-10,EFA,Developed international equities,73.222008,36697600
2025-04-10,EWC,Canadian equities,37.963360,6524600
2025-04-10,GLD,Gold,292.350006,19837800
2025-04-10,SPY,US equities,517.301880,162331200
2025-04-11,AGG,US aggregate bonds,92.051804,8437400
2025-04-11,EEM,Emerging-market equities,40.555241,43956500
2025-04-11,EFA,Developed international equities,75.056351,28909900
2025-04-11,EWC,Canadian equities,39.070705,6271300
2025-04-11,GLD,Gold,297.929993,21080100
2025-04-11,SPY,US equities,526.532104,97866300
2025-04-14,AGG,US aggregate bonds,92.592484,7940600
2025-04-14,EEM,Emerging-market equities,40.924370,22549600
2025-04-14,EFA,Developed international equities,75.864227,15749900
2025-04-14,EWC,Canadian equities,39.629276,2883800
2025-04-14,GLD,Gold,296.230011,12427600
2025-04-14,SPY,US equities,531.640137,68034000
2025-04-15,AGG,US aggregate bonds,92.782204,10074400
2025-04-15,EEM,Emerging-market equities,40.885509,18077500
2025-04-15,EFA,Developed international equities,76.548546,13679800
2025-04-15,EWC,Canadian equities,39.717476,1966800
2025-04-15,GLD,Gold,297.779999,7924100
2025-04-15,SPY,US equities,530.151123,56892900
2025-04-16,AGG,US aggregate bonds,93.076263,10105000
2025-04-16,EEM,Emerging-market equities,40.409538,19984700
2025-04-16,EFA,Developed international equities,76.253914,16542600
2025-04-16,EWC,Canadian equities,40.011459,2478400
2025-04-16,GLD,Gold,307.470001,20778100
2025-04-16,SPY,US equities,518.366882,83484800
2025-04-17,AGG,US aggregate bonds,92.839134,5589400
2025-04-17,EEM,Emerging-market equities,40.720379,23264400
2025-04-17,EFA,Developed international equities,77.080795,14072500
2025-04-17,EWC,Canadian equities,40.276047,2470300
2025-04-17,GLD,Gold,306.119995,18287800
2025-04-17,SPY,US equities,519.106506,79868100
2025-04-21,AGG,US aggregate bonds,92.279434,7925700
2025-04-21,EEM,Emerging-market equities,40.710663,16440700
2025-04-21,EFA,Developed international equities,76.662605,15883900
2025-04-21,EWC,Canadian equities,39.952663,1350600
2025-04-21,GLD,Gold,315.589996,20372300
2025-04-21,SPY,US equities,506.750366,69368100
2025-04-22,AGG,US aggregate bonds,92.450203,6521400
2025-04-22,EEM,Emerging-market equities,41.322636,25716100
2025-04-22,EFA,Developed international equities,78.249832,14923200
2025-04-22,EWC,Canadian equities,40.560234,1704900
2025-04-22,GLD,Gold,311.109985,35242300
2025-04-22,SPY,US equities,519.934814,75948100
2025-04-23,AGG,US aggregate bonds,92.677864,13376700
2025-04-23,EEM,Emerging-market equities,41.798611,24787400
2025-04-23,EFA,Developed international equities,78.563484,15223500
2025-04-23,EWC,Canadian equities,40.687630,2722600
2025-04-23,GLD,Gold,303.649994,25421500
2025-04-23,SPY,US equities,527.991455,90590700
2025-04-24,AGG,US aggregate bonds,93.190086,8524400
2025-04-24,EEM,Emerging-market equities,42.284302,28843500
2025-04-24,EFA,Developed international equities,79.608971,11194200
2025-04-24,EWC,Canadian equities,41.216805,1413900
2025-04-24,GLD,Gold,308.070007,10845000
2025-04-24,SPY,US equities,539.105164,64150400
2025-04-25,AGG,US aggregate bonds,93.531601,9058900
2025-04-25,EEM,Emerging-market equities,42.206596,18363700
2025-04-25,EFA,Developed international equities,79.951126,10485300
2025-04-25,EWC,Canadian equities,41.197208,1515500
2025-04-25,GLD,Gold,304.730011,10691600
2025-04-25,SPY,US equities,543.000305,61119600
2025-04-28,AGG,US aggregate bonds,93.787720,4890800
2025-04-28,EEM,Emerging-market equities,42.284302,11002200
2025-04-28,EFA,Developed international equities,80.483376,10085400
2025-04-28,EWC,Canadian equities,41.520588,1890800
2025-04-28,GLD,Gold,309.070007,9375500
2025-04-28,SPY,US equities,543.207397,47613800
2025-04-29,AGG,US aggregate bonds,94.015366,6731100
2025-04-29,EEM,Emerging-market equities,42.400875,12809100
2025-04-29,EFA,Developed international equities,80.644943,8303800
2025-04-29,EWC,Canadian equities,41.598988,1208100
2025-04-29,GLD,Gold,306.059998,6852100
2025-04-29,SPY,US equities,546.629333,47775100
2025-04-30,AGG,US aggregate bonds,93.930000,7370300
2025-04-30,EEM,Emerging-market equities,42.507725,20928800
2025-04-30,EFA,Developed international equities,80.549911,24147900
2025-04-30,EWC,Canadian equities,41.598988,2181200
2025-04-30,GLD,Gold,303.769989,8331900
2025-04-30,SPY,US equities,546.846252,93101500
2025-05-01,AGG,US aggregate bonds,93.674019,6912600
2025-05-01,EEM,Emerging-market equities,42.498009,14740500
2025-05-01,EFA,Developed international equities,80.293289,10070900
2025-05-01,EWC,Canadian equities,41.461796,773800
2025-05-01,GLD,Gold,297.459991,14969100
2025-05-01,SPY,US equities,550.721680,63186100
2025-05-02,AGG,US aggregate bonds,93.217186,9879200
2025-05-02,EEM,Emerging-market equities,43.712238,33945900
2025-05-02,EFA,Developed international equities,81.832993,14798400
2025-05-02,EWC,Canadian equities,41.981163,2223000
2025-05-02,GLD,Gold,297.980011,8678400
2025-05-02,SPY,US equities,558.896667,60717300
2025-05-05,AGG,US aggregate bonds,93.055412,14273800
2025-05-05,EEM,Emerging-market equities,44.042507,22661100
2025-05-05,EFA,Developed international equities,81.975571,8119800
2025-05-05,EWC,Canadian equities,41.804775,2296200
2025-05-05,GLD,Gold,306.880005,8924000
2025-05-05,SPY,US equities,555.691833,38659200
2025-05-06,AGG,US aggregate bonds,93.283821,11730100
2025-05-06,EEM,Emerging-market equities,43.867661,17418700
2025-05-06,EFA,Developed international equities,81.871010,8661700
2025-05-06,EWC,Canadian equities,41.912571,1508000
2025-05-06,GLD,Gold,315.480011,11445300
2025-05-06,SPY,US equities,551.047119,48264700
2025-05-07,AGG,US aggregate bonds,93.426559,6557000
2025-05-07,EEM,Emerging-market equities,43.362541,23390500
2025-05-07,EFA,Developed international equities,81.595383,8536600
2025-05-07,EWC,Canadian equities,42.030163,1942000
2025-05-07,GLD,Gold,310.750000,7888300
2025-05-07,SPY,US equities,553.364563,55588000
2025-05-08,AGG,US aggregate bonds,92.941216,7814200
2025-05-08,EEM,Emerging-market equities,43.333397,17573700
2025-05-08,EFA,Developed international equities,81.310265,12228300
2025-05-08,EWC,Canadian equities,41.951771,1101800
2025-05-08,GLD,Gold,304.630005,11927600
2025-05-08,SPY,US equities,557.220276,65130800
2025-05-09,AGG,US aggregate bonds,93.036392,5739200
2025-05-09,EEM,Emerging-market equities,43.624813,16091100
2025-05-09,EFA,Developed international equities,81.709442,9149000
2025-05-09,EWC,Canadian equities,41.990963,1037000
2025-05-09,GLD,Gold,306.839996,6913100
2025-05-09,SPY,US equities,556.510254,37603400
2025-05-12,AGG,US aggregate bonds,92.722328,10768200
2025-05-12,EEM,Emerging-market equities,44.567055,26843500
2025-05-12,EFA,Developed international equities,82.127640,12602500
2025-05-12,EWC,Canadian equities,42.216358,1596200
2025-05-12,GLD,Gold,298.190002,14375900
2025-05-12,SPY,US equities,574.901489,78993600
2025-05-13,AGG,US aggregate bonds,92.627167,6305500
2025-05-13,EEM,Emerging-market equities,44.644768,23970300
2025-05-13,EFA,Developed international equities,82.232178,13242900
2025-05-13,EWC,Canadian equities,42.529942,1560600
2025-05-13,GLD,Gold,299.459991,10233600
2025-05-13,SPY,US equities,578.698120,67947200
2025-05-14,AGG,US aggregate bonds,92.360695,7350600
2025-05-14,EEM,Emerging-market equities,44.984749,22561700
2025-05-14,EFA,Developed international equities,81.832993,10173300
2025-05-14,EWC,Canadian equities,42.569134,3659500
2025-05-14,GLD,Gold,293.160004,14800600
2025-05-14,SPY,US equities,579.437683,66283500
2025-05-15,AGG,US aggregate bonds,92.884117,7638900
2025-05-15,EEM,Emerging-market equities,44.965321,21682500
2025-05-15,EFA,Developed international equities,82.726418,11283200
2025-05-15,EWC,Canadian equities,42.951324,1061300
2025-05-15,GLD,Gold,297.839996,13497700
2025-05-15,SPY,US equities,582.267944,71268100
2025-05-16,AGG,US aggregate bonds,92.941216,5262500
2025-05-16,EEM,Emerging-market equities,44.936180,23296900
2025-05-16,EFA,Developed international equities,82.916504,8372100
2025-05-16,EWC,Canadian equities,43.010117,983200
2025-05-16,GLD,Gold,294.239990,14173000
2025-05-16,SPY,US equities,585.955933,76052100
2025-05-19,AGG,US aggregate bonds,92.912651,7232700
2025-05-19,EEM,Emerging-market equities,45.033318,16823000
2025-05-19,EFA,Developed international equities,83.705376,9062900
2025-05-19,EWC,Canadian equities,43.166908,2529700
2025-05-19,GLD,Gold,298.029999,11656300
2025-05-19,SPY,US equities,586.596924,68168500
2025-05-20,AGG,US aggregate bonds,92.750877,7496600
2025-05-20,EEM,Emerging-market equities,44.984749,20233700
2025-05-20,EFA,Developed international equities,84.104561,23335500
2025-05-20,EWC,Canadian equities,43.304104,2248200
2025-05-20,GLD,Gold,303.579987,12851000
2025-05-20,SPY,US equities,584.624695,60614500
2025-05-21,AGG,US aggregate bonds,92.141800,12393200
2025-05-21,EEM,Emerging-market equities,44.868187,25570400
2025-05-21,EFA,Developed international equities,83.610329,15278800
2025-05-21,EWC,Canadian equities,43.059113,3302900
2025-05-21,GLD,Gold,305.820007,12414500
2025-05-21,SPY,US equities,574.773315,95197700
2025-05-22,AGG,US aggregate bonds,92.408264,6084800
2025-05-22,EEM,Emerging-market equities,44.722477,16773000
2025-05-22,EFA,Developed international equities,83.562798,12787300
2025-05-22,EWC,Canadian equities,43.117908,1280800
2025-05-22,GLD,Gold,303.109985,9704200
2025-05-22,SPY,US equities,575.000244,70860400
2025-05-23,AGG,US aggregate bonds,92.541496,5210500
2025-05-23,EEM,Emerging-market equities,44.907043,22018900
2025-05-23,EFA,Developed international equities,83.676857,16959600
2025-05-23,EWC,Canadian equities,43.549091,1703400
2025-05-23,GLD,Gold,309.750000,13339500
2025-05-23,SPY,US equities,571.075256,76029000
2025-05-27,AGG,US aggregate bonds,92.960236,7461500
2025-05-27,EEM,Emerging-market equities,44.800190,26278900
2025-05-27,EFA,Developed international equities,84.893425,12435700
2025-05-27,EWC,Canadian equities,43.921474,4595500
2025-05-27,GLD,Gold,304.500000,9578500
2025-05-27,SPY,US equities,582.948303,72588500
2025-05-28,AGG,US aggregate bonds,92.788933,4909200
2025-05-28,EEM,Emerging-market equities,44.596195,26970500
2025-05-28,EFA,Developed international equities,83.914467,16812400
2025-05-28,EWC,Canadian equities,43.862671,1155700
2025-05-28,GLD,Gold,303.809998,8803300
2025-05-28,SPY,US equities,579.575806,68445500
2025-05-29,AGG,US aggregate bonds,93.131546,7724100
2025-05-29,EEM,Emerging-market equities,44.761333,24291700
2025-05-29,EFA,Developed international equities,84.285141,11454200
2025-05-29,EWC,Canadian equities,43.882271,1912700
2025-05-29,GLD,Gold,305.609985,9487900
2025-05-29,SPY,US equities,581.863525,69973300
2025-05-30,AGG,US aggregate bonds,93.359940,15488400
2025-05-30,EEM,Emerging-market equities,44.217358,42291600
2025-05-30,EFA,Developed international equities,84.408699,18590200
2025-05-30,EWC,Canadian equities,44.058662,1716000
2025-05-30,GLD,Gold,303.600006,9553300
2025-05-30,SPY,US equities,581.212769,90601200
2025-06-02,AGG,US aggregate bonds,93.114563,28390000
2025-06-02,EEM,Emerging-market equities,44.537914,20576500
2025-06-02,EFA,Developed international equities,85.311615,25710500
2025-06-02,EWC,Canadian equities,44.480042,2738400
2025-06-02,GLD,Gold,311.670013,13593200
2025-06-02,SPY,US equities,584.486633,61630500
2025-06-03,AGG,US aggregate bonds,93.047722,7177600
2025-06-03,EEM,Emerging-market equities,44.644768,20943400
2025-06-03,EFA,Developed international equities,84.665321,11787400
2025-06-03,EWC,Canadian equities,44.431049,2551000
2025-06-03,GLD,Gold,308.910004,9315100
2025-06-03,SPY,US equities,587.819763,63606200
2025-06-04,AGG,US aggregate bonds,93.601517,7761500
2025-06-04,EEM,Emerging-market equities,45.198456,26497800
2025-06-04,EFA,Developed international equities,85.045494,11593300
2025-06-04,EWC,Canadian equities,44.342850,1628200
2025-06-04,GLD,Gold,310.899994,7462500
2025-06-04,SPY,US equities,587.661987,57314200
2025-06-05,AGG,US aggregate bonds,93.362808,10456500
2025-06-05,EEM,Emerging-market equities,45.431587,26292800
2025-06-05,EFA,Developed international equities,84.988457,14543100
2025-06-05,EWC,Canadian equities,44.411449,2066800
2025-06-05,GLD,Gold,309.329987,10817800
2025-06-05,SPY,US equities,584.821899,92278700
2025-06-06,AGG,US aggregate bonds,92.885391,6299900
2025-06-06,EEM,Emerging-market equities,45.577290,16629900
2025-06-06,EFA,Developed international equities,85.292603,10301000
2025-06-06,EWC,Canadian equities,44.480042,2069700
2025-06-06,GLD,Gold,305.179993,7787500
2025-06-06,SPY,US equities,590.827515,66588700
2025-06-09,AGG,US aggregate bonds,92.999977,7096500
2025-06-09,EEM,Emerging-market equities,45.965847,22715200
2025-06-09,EFA,Developed international equities,85.283104,9641600
2025-06-09,EWC,Canadian equities,44.391850,1651900
2025-06-09,GLD,Gold,306.619995,7159000
2025-06-09,SPY,US equities,591.359985,53016400
2025-06-10,AGG,US aggregate bonds,93.210045,4990900
2025-06-10,EEM,Emerging-market equities,46.228123,26583600
2025-06-10,EFA,Developed international equities,85.397156,10254100
2025-06-10,EWC,Canadian equities,44.519245,1030700
2025-06-10,GLD,Gold,306.709991,7071700
2025-06-10,SPY,US equities,594.712830,66247000
2025-06-11,AGG,US aggregate bonds,93.525124,5992400
2025-06-11,EEM,Emerging-market equities,46.422398,28230800
2025-06-11,EFA,Developed international equities,85.254585,12329600
2025-06-11,EWC,Canadian equities,44.744629,2007900
2025-06-11,GLD,Gold,308.369995,9248800
2025-06-11,SPY,US equities,593.016602,73658200
2025-06-12,AGG,US aggregate bonds,93.868866,5726200
2025-06-12,EEM,Emerging-market equities,46.500103,19734400
2025-06-12,EFA,Developed international equities,85.910393,13288000
2025-06-12,EWC,Canadian equities,45.077816,2112400
2025-06-12,GLD,Gold,312.200012,11531400
2025-06-12,SPY,US equities,595.373535,64129000
2025-06-13,AGG,US aggregate bonds,93.534683,8050300
2025-06-13,EEM,Emerging-market equities,45.761860,35198100
2025-06-13,EFA,Developed international equities,84.807884,22177100
2025-06-13,EWC,Canadian equities,44.960220,3503700
2025-06-13,GLD,Gold,316.290009,16592900
2025-06-13,SPY,US equities,588.717163,89506000
2025-06-16,AGG,US aggregate bonds,93.343727,5680900
2025-06-16,EEM,Emerging-market equities,46.322868,26995900
2025-06-16,EFA,Developed international equities,85.125992,17843400
2025-06-16,EWC,Canadian equities,45.143715,2145800
2025-06-16,GLD,Gold,311.779999,12848400
2025-06-16,SPY,US equities,594.318298,79984100
2025-06-17,AGG,US aggregate bonds,93.630173,5312000
2025-06-17,EEM,Emerging-market equities,45.714779,35176900
2025-06-17,EFA,Developed international equities,84.081741,16726300
2025-06-17,EWC,Canadian equities,44.837891,1638600
2025-06-17,GLD,Gold,311.940002,8234100
2025-06-17,SPY,US equities,589.239807,82209400
2025-06-18,AGG,US aggregate bonds,93.696999,5907900
2025-06-18,EEM,Emerging-market equities,45.704967,26286900
2025-06-18,EFA,Developed international equities,84.226776,18504400
2025-06-18,EWC,Canadian equities,44.709641,1473500
2025-06-18,GLD,Gold,310.260010,9370800
2025-06-18,SPY,US equities,589.151001,76605000
2025-06-20,AGG,US aggregate bonds,93.782928,6213000
2025-06-20,EEM,Emerging-market equities,45.440159,32783300
2025-06-20,EFA,Developed international equities,83.472595,16900600
2025-06-20,EWC,Canadian equities,44.492603,1968000
2025-06-20,GLD,Gold,310.130005,8794700
2025-06-20,SPY,US equities,587.767395,94051400
2025-06-23,AGG,US aggregate bonds,93.973907,5884600
2025-06-23,EEM,Emerging-market equities,45.812859,22233200
2025-06-23,EFA,Developed international equities,84.101082,23100600
2025-06-23,EWC,Canadian equities,44.719509,1983900
2025-06-23,GLD,Gold,311.079987,12687900
2025-06-23,SPY,US equities,593.573059,87426000
2025-06-24,AGG,US aggregate bonds,94.355835,7907600
2025-06-24,EEM,Emerging-market equities,46.999619,36113900
2025-06-24,EFA,Developed international equities,85.125992,14900600
2025-06-24,EWC,Canadian equities,45.005604,3195900
2025-06-24,GLD,Gold,306.190002,12035200
2025-06-24,SPY,US equities,600.130432,67735300
2025-06-25,AGG,US aggregate bonds,94.346268,8434800
2025-06-25,EEM,Emerging-market equities,47.038845,23739200
2025-06-25,EFA,Developed international equities,84.661880,14422100
2025-06-25,EWC,Canadian equities,44.709641,1882900
2025-06-25,GLD,Gold,307.119995,6733200
2025-06-25,SPY,US equities,600.466675,62114800
2025-06-26,AGG,US aggregate bonds,94.604088,9775100
2025-06-26,EEM,Emerging-market equities,47.352703,21962200
2025-06-26,EFA,Developed international equities,85.609444,15791500
2025-06-26,EWC,Canadian equities,45.301563,1702300
2025-06-26,GLD,Gold,306.779999,6787500
2025-06-26,SPY,US equities,605.164612,78548400
2025-06-27,AGG,US aggregate bonds,94.336739,25931600
2025-06-27,EEM,Emerging-market equities,47.166351,37593400
2025-06-27,EFA,Developed international equities,86.382965,15987700
2025-06-27,EWC,Canadian equities,44.966145,7997600
2025-06-27,GLD,Gold,301.220001,13301300
2025-06-27,SPY,US equities,608.171326,86258400
2025-06-30,AGG,US aggregate bonds,94.718674,14036800
2025-06-30,EEM,Emerging-market equities,47.313473,32966300
2025-06-30,EFA,Developed international equities,86.431313,28062100
2025-06-30,EWC,Canadian equities,45.577793,2929900
2025-06-30,GLD,Gold,304.829987,8192100
2025-06-30,SPY,US equities,611.079102,92502500
2025-07-01,AGG,US aggregate bonds,94.631485,18480200
2025-07-01,EEM,Emerging-market equities,47.401745,25393000
2025-07-01,EFA,Developed international equities,86.286278,11406100
2025-07-01,EWC,Canadian equities,45.567924,3431900
2025-07-01,GLD,Gold,307.549988,9335600
2025-07-01,SPY,US equities,610.881287,70030100
2025-07-02,AGG,US aggregate bonds,94.516556,8756000
2025-07-02,EEM,Emerging-market equities,47.607708,23950600
2025-07-02,EFA,Developed international equities,86.537666,13133600
2025-07-02,EWC,Canadian equities,45.706043,2990100
2025-07-02,GLD,Gold,309.250000,8316400
2025-07-02,SPY,US equities,613.650574,66510400
2025-07-03,AGG,US aggregate bonds,94.324974,4583200
2025-07-03,EEM,Emerging-market equities,47.823483,20080100
2025-07-03,EFA,Developed international equities,86.557007,5311100
2025-07-03,EWC,Canadian equities,46.041462,1757600
2025-07-03,GLD,Gold,307.140015,5275800
2025-07-03,SPY,US equities,618.487000,51065800
2025-07-07,AGG,US aggregate bonds,93.989708,8088100
2025-07-07,EEM,Emerging-market equities,47.146736,24462300
2025-07-07,EFA,Developed international equities,85.619110,12925000
2025-07-07,EWC,Canadian equities,45.558064,3482300
2025-07-07,GLD,Gold,307.369995,7351600
2025-07-07,SPY,US equities,613.878052,74814500
2025-07-08,AGG,US aggregate bonds,93.951385,7804200
2025-07-08,EEM,Emerging-market equities,47.440975,16316900
2025-07-08,EFA,Developed international equities,86.247597,9061400
2025-07-08,EWC,Canadian equities,45.380482,2097200
2025-07-08,GLD,Gold,304.160004,11840500
2025-07-08,SPY,US equities,613.541809,59024600
2025-07-09,AGG,US aggregate bonds,94.344116,11043600
2025-07-09,EEM,Emerging-market equities,47.362511,14846200
2025-07-09,EFA,Developed international equities,86.895424,8699900
2025-07-09,EWC,Canadian equities,45.508736,1060200
2025-07-09,GLD,Gold,305.519989,10644100
2025-07-09,SPY,US equities,617.221008,66113300
2025-07-10,AGG,US aggregate bonds,94.315392,5125300
2025-07-10,EEM,Emerging-market equities,47.490013,21892100
2025-07-10,EFA,Developed international equities,86.837402,8554400
2025-07-10,EWC,Canadian equities,45.784966,1727800
2025-07-10,GLD,Gold,306.200012,7053700
2025-07-10,SPY,US equities,618.961731,57529000
2025-07-11,AGG,US aggregate bonds,93.922646,6106500
2025-07-11,EEM,Emerging-market equities,47.333088,27338400
2025-07-11,EFA,Developed international equities,86.005867,8468000
2025-07-11,EWC,Canadian equities,45.508736,2597700
2025-07-11,GLD,Gold,309.140015,9187300
2025-07-11,SPY,US equities,616.785828,63670200
2025-07-14,AGG,US aggregate bonds,93.913071,6231400
2025-07-14,EEM,Emerging-market equities,47.401745,16882100
2025-07-14,EFA,Developed international equities,86.005867,7969900
2025-07-14,EWC,Canadian equities,45.814556,1218600
2025-07-14,GLD,Gold,308.010010,5772900
2025-07-14,SPY,US equities,617.962769,51898500
2025-07-15,AGG,US aggregate bonds,93.635284,9681000
2025-07-15,EEM,Emerging-market equities,47.745018,24890500
2025-07-15,EFA,Developed international equities,85.106651,10572000
2025-07-15,EWC,Canadian equities,45.419949,2258000
2025-07-15,GLD,Gold,306.730011,8149000
2025-07-15,SPY,US equities,615.322083,74317300
2025-07-16,AGG,US aggregate bonds,93.769386,23556800
2025-07-16,EEM,Emerging-market equities,47.970604,32620000
2025-07-16,EFA,Developed international equities,85.454735,16776500
2025-07-16,EWC,Canadian equities,45.844158,3258800
2025-07-16,GLD,Gold,308.260010,17693100
2025-07-16,SPY,US equities,617.379211,88987500
2025-07-17,AGG,US aggregate bonds,93.807709,8355500
2025-07-17,EEM,Emerging-market equities,48.245224,22323900
2025-07-17,EFA,Developed international equities,85.677124,9542000
2025-07-17,EWC,Canadian equities,46.080921,2319300
2025-07-17,GLD,Gold,307.589996,6642300
2025-07-17,SPY,US equities,621.157410,68885700
2025-07-18,AGG,US aggregate bonds,93.980118,8443800
2025-07-18,EEM,Emerging-market equities,48.137337,23408000
2025-07-18,EFA,Developed international equities,85.435402,11044700
2025-07-18,EWC,Canadian equities,45.962540,1827100
2025-07-18,GLD,Gold,308.390015,5574300
2025-07-18,SPY,US equities,620.702393,65621600
2025-07-21,AGG,US aggregate bonds,94.238762,6865700
2025-07-21,EEM,Emerging-market equities,48.451195,16861700
2025-07-21,EFA,Developed international equities,85.889847,9324000
2025-07-21,EWC,Canadian equities,46.080921,1170700
2025-07-21,GLD,Gold,313.130005,10995800
2025-07-21,SPY,US equities,621.879395,63375000
2025-07-22,AGG,US aggregate bonds,94.420746,6172700
2025-07-22,EEM,Emerging-market equities,48.480618,22316500
2025-07-22,EFA,Developed international equities,86.363625,12134300
2025-07-22,EWC,Canadian equities,46.455807,1525400
2025-07-22,GLD,Gold,316.100006,13691800
2025-07-22,SPY,US equities,621.968384,60046300
2025-07-23,AGG,US aggregate bonds,94.210014,7466900
2025-07-23,EEM,Emerging-market equities,48.971012,23744600
2025-07-23,EFA,Developed international equities,88.510147,18088200
2025-07-23,EWC,Canadian equities,46.534729,1648900
2025-07-23,GLD,Gold,312.179993,10547500
2025-07-23,SPY,US equities,627.259827,70511000
2025-07-24,AGG,US aggregate bonds,94.152550,9643800
2025-07-24,EEM,Emerging-market equities,48.706196,18948000
2025-07-24,EFA,Developed international equities,87.852661,12025500
2025-07-24,EWC,Canadian equities,46.337421,1455800
2025-07-24,GLD,Gold,310.269989,7698800
2025-07-24,SPY,US equities,627.467407,71307100
2025-07-25,AGG,US aggregate bonds,94.305809,5530400
2025-07-25,EEM,Emerging-market equities,48.559074,15605000
2025-07-25,EFA,Developed international equities,87.746292,9583200
2025-07-25,EWC,Canadian equities,46.376881,1827400
2025-07-25,GLD,Gold,307.399994,9376400
2025-07-25,SPY,US equities,630.118042,56865400
2025-07-28,AGG,US aggregate bonds,94.181290,7032200
2025-07-28,EEM,Emerging-market equities,48.235420,27703400
2025-07-28,EFA,Developed international equities,86.334618,13654000
2025-07-28,EWC,Canadian equities,46.090790,1630700
2025-07-28,GLD,Gold,305.410004,9275400
2025-07-28,SPY,US equities,629.959900,54917100
2025-07-29,AGG,US aggregate bonds,94.688965,12015200
2025-07-29,EEM,Emerging-market equities,48.255035,24742400
2025-07-29,EFA,Developed international equities,86.160576,11888600
2025-07-29,EWC,Canadian equities,46.159847,1889600
2025-07-29,GLD,Gold,306.250000,5741100
2025-07-29,SPY,US equities,628.298279,60556300
2025-07-30,AGG,US aggregate bonds,94.420746,8305400
2025-07-30,EEM,Emerging-market equities,47.901951,37855400
2025-07-30,EFA,Developed international equities,85.541763,14623000
2025-07-30,EWC,Canadian equities,45.755367,3043500
2025-07-30,GLD,Gold,300.959991,13459600
2025-07-30,SPY,US equities,627.507080,80418900
2025-07-31,AGG,US aggregate bonds,94.468666,19774600
2025-07-31,EEM,Emerging-market equities,47.627327,30587100
2025-07-31,EFA,Developed international equities,84.623199,29271500
2025-07-31,EWC,Canadian equities,45.558064,4079100
2025-07-31,GLD,Gold,302.959991,8981000
2025-07-31,SPY,US equities,625.153137,103385200
2025-08-01,AGG,US aggregate bonds,95.285606,12416200
2025-08-01,EEM,Emerging-market equities,47.274239,27234300
2025-08-01,EFA,Developed international equities,84.400818,18658100
2025-08-01,EWC,Canadian equities,45.242371,5102100
2025-08-01,GLD,Gold,309.109985,12843400
2025-08-01,SPY,US equities,614.906616,140103600
2025-08-04,AGG,US aggregate bonds,95.362503,6717900
2025-08-04,EEM,Emerging-market equities,47.764637,32920400
2025-08-04,EFA,Developed international equities,85.522423,14718100
2025-08-04,EWC,Canadian equities,45.952675,4713300
2025-08-04,GLD,Gold,310.910004,7639000
2025-08-04,SPY,US equities,624.253052,73218000
2025-08-05,AGG,US aggregate bonds,95.391335,9092400
2025-08-05,EEM,Emerging-market equities,47.901951,18709100
2025-08-05,EFA,Developed international equities,85.512756,11634100
2025-08-05,EWC,Canadian equities,46.297962,2974700
2025-08-05,GLD,Gold,311.160004,6997700
2025-08-05,SPY,US equities,621.088135,68051400
2025-08-06,AGG,US aggregate bonds,95.352890,8102700
2025-08-06,EEM,Emerging-market equities,48.127529,17094000
2025-08-06,EFA,Developed international equities,86.073555,11499900
2025-08-06,EWC,Canadian equities,47.087185,3450100
2025-08-06,GLD,Gold,310.500000,7418200
2025-08-06,SPY,US equities,625.845459,64357500
2025-08-07,AGG,US aggregate bonds,95.276009,7869300
2025-08-07,EEM,Emerging-market equities,48.529655,23378900
2025-08-07,EFA,Developed international equities,86.847076,11525600
2025-08-07,EWC,Canadian equities,46.702438,1547700
2025-08-07,GLD,Gold,313.119995,10891500
2025-08-07,SPY,US equities,625.321228,74205800
2025-08-08,AGG,US aggregate bonds,95.093384,8238100
2025-08-08,EEM,Emerging-market equities,48.490421,16926700
2025-08-08,EFA,Developed international equities,87.378876,10367200
2025-08-08,EWC,Canadian equities,46.702438,922500
2025-08-08,GLD,Gold,313.049988,19886800
2025-08-08,SPY,US equities,630.197266,64051600
2025-08-11,AGG,US aggregate bonds,95.160683,9698300
2025-08-11,EEM,Emerging-market equities,48.353111,15176100
2025-08-11,EFA,Developed international equities,87.011444,8516600
2025-08-11,EWC,Canadian equities,46.643246,1101600
2025-08-11,GLD,Gold,308.549988,10326700
2025-08-11,SPY,US equities,628.951050,58742300
2025-08-12,AGG,US aggregate bonds,95.160683,12239500
2025-08-12,EEM,Emerging-market equities,48.941589,22908400
2025-08-12,EFA,Developed international equities,88.075035,12302700
2025-08-12,EWC,Canadian equities,46.870148,3027100
2025-08-12,GLD,Gold,308.269989,9697400
2025-08-12,SPY,US equities,635.646851,64730800
2025-08-13,AGG,US aggregate bonds,95.506676,5386800
2025-08-13,EEM,Emerging-market equities,49.530064,28585500
2025-08-13,EFA,Developed international equities,88.606834,9490500
2025-08-13,EWC,Canadian equities,46.998398,2814200
2025-08-13,GLD,Gold,309.209991,4718600
2025-08-13,SPY,US equities,637.822693,60092800
2025-08-14,AGG,US aggregate bonds,95.237541,5208500
2025-08-14,EEM,Emerging-market equities,48.921974,28016600
2025-08-14,EFA,Developed international equities,88.616508,11790600
2025-08-14,EWC,Canadian equities,46.692574,1160900
2025-08-14,GLD,Gold,307.250000,5817700
2025-08-14,SPY,US equities,637.882141,59327500
2025-08-15,AGG,US aggregate bonds,95.093384,6884600
2025-08-15,EEM,Emerging-market equities,48.980820,24042600
2025-08-15,EFA,Developed international equities,89.138634,11864300
2025-08-15,EWC,Canadian equities,46.633381,1907900
2025-08-15,GLD,Gold,307.429993,5990100
2025-08-15,SPY,US equities,636.388672,68592500
2025-08-18,AGG,US aggregate bonds,94.987663,7906400
2025-08-18,EEM,Emerging-market equities,49.265247,19212500
2025-08-18,EFA,Developed international equities,89.041939,11577800
2025-08-18,EWC,Canadian equities,46.712303,1513300
2025-08-18,GLD,Gold,306.950012,6150100
2025-08-18,SPY,US equities,636.250122,43804900
2025-08-19,AGG,US aggregate bonds,95.170273,9946800
2025-08-19,EEM,Emerging-market equities,48.863125,17226800
2025-08-19,EFA,Developed international equities,89.051613,10721600
2025-08-19,EWC,Canadian equities,46.367016,3613400
2025-08-19,GLD,Gold,305.269989,5029900
2025-08-19,SPY,US equities,632.798401,69750700
2025-08-20,AGG,US aggregate bonds,95.227936,5615200
2025-08-20,EEM,Emerging-market equities,48.794468,20299200
2025-08-20,EFA,Developed international equities,89.370689,15871100
2025-08-20,EWC,Canadian equities,46.475536,1673100
2025-08-20,GLD,Gold,308.359985,6515400
2025-08-20,SPY,US equities,631.117065,88890300
2025-08-21,AGG,US aggregate bonds,95.006882,7129200
2025-08-21,EEM,Emerging-market equities,48.686581,14428500
2025-08-21,EFA,Developed international equities,88.809883,11258900
2025-08-21,EWC,Canadian equities,46.643246,1226400
2025-08-21,GLD,Gold,307.290009,4809000
2025-08-21,SPY,US equities,628.585083,54805800
2025-08-22,AGG,US aggregate bonds,95.535515,9451400
2025-08-22,EEM,Emerging-market equities,49.657566,31264200
2025-08-22,EFA,Developed international equities,90.144218,15827500
2025-08-22,EWC,Canadian equities,47.383144,2986900
2025-08-22,GLD,Gold,310.579987,8526500
2025-08-22,SPY,US equities,638.238098,84083200
2025-08-25,AGG,US aggregate bonds,95.391335,5624900
2025-08-25,EEM,Emerging-market equities,49.373135,23701400
2025-08-25,EFA,Developed international equities,88.954918,11700800
2025-08-25,EWC,Canadian equities,46.909611,1191200
2025-08-25,GLD,Gold,309.829987,4044400
2025-08-25,SPY,US equities,635.429260,51274300
2025-08-26,AGG,US aggregate bonds,95.506676,4696000
2025-08-26,EEM,Emerging-market equities,49.245636,25684000
2025-08-26,EFA,Developed international equities,88.858238,11788900
2025-08-26,EWC,Canadian equities,47.373280,2748500
2025-08-26,GLD,Gold,312.079987,11698500
2025-08-26,SPY,US equities,638.089722,51581600
2025-08-27,AGG,US aggregate bonds,95.602776,7320800
2025-08-27,EEM,Emerging-market equities,48.951397,31452900
2025-08-27,EFA,Developed international equities,88.645515,13054200
2025-08-27,EWC,Canadian equities,47.718567,1098000
2025-08-27,GLD,Gold,312.709991,4320100
2025-08-27,SPY,US equities,639.543640,48341100
2025-08-28,AGG,US aggregate bonds,95.718117,7068500
2025-08-28,EEM,Emerging-market equities,49.137749,21353800
2025-08-28,EFA,Developed international equities,88.974258,11136400
2025-08-28,EWC,Canadian equities,47.807354,3048700
2025-08-28,GLD,Gold,315.029999,9610200
2025-08-28,SPY,US equities,641.808533,61519500
2025-08-29,AGG,US aggregate bonds,95.593155,9181400
2025-08-29,EEM,Emerging-market equities,48.902359,24867400
2025-08-29,EFA,Developed international equities,88.452133,18544500
2025-08-29,EWC,Canadian equities,48.132912,2339300
2025-08-29,GLD,Gold,318.070007,15642600
2025-08-29,SPY,US equities,637.980957,74522200
2025-09-02,AGG,US aggregate bonds,95.339561,8529800
2025-09-02,EEM,Emerging-market equities,48.863125,24343900
2025-09-02,EFA,Developed international equities,87.581924,15496100
2025-09-02,EWC,Canadian equities,47.935604,2831700
2025-09-02,GLD,Gold,325.589996,21247500
2025-09-02,SPY,US equities,633.253357,81983500
2025-09-03,AGG,US aggregate bonds,95.686699,8400000
2025-09-03,EEM,Emerging-market equities,49.049477,29035600
2025-09-03,EFA,Developed international equities,87.717285,14418600
2025-09-03,EWC,Canadian equities,48.211830,3173000
2025-09-03,GLD,Gold,328.140015,16062200
2025-09-03,SPY,US equities,636.685303,70820900
2025-09-04,AGG,US aggregate bonds,96.072418,6297100
2025-09-04,EEM,Emerging-market equities,48.892548,14791900
2025-09-04,EFA,Developed international equities,88.355446,10348000
2025-09-04,EWC,Canadian equities,48.458462,1522800
2025-09-04,GLD,Gold,326.690002,11703100
2025-09-04,SPY,US equities,642.006348,65219200
2025-09-05,AGG,US aggregate bonds,96.525635,7617200
2025-09-05,EEM,Emerging-market equities,49.481026,24805800
2025-09-05,EFA,Developed international equities,88.751877,15510600
2025-09-05,EWC,Canadian equities,48.507793,1365600
2025-09-05,GLD,Gold,331.049988,16065200
2025-09-05,SPY,US equities,640.146973,85178900
2025-09-08,AGG,US aggregate bonds,96.853500,7202700
2025-09-08,EEM,Emerging-market equities,49.932190,23345100
2025-09-08,EFA,Developed international equities,89.641426,12010700
2025-09-08,EWC,Canadian equities,48.636044,1265100
2025-09-08,GLD,Gold,334.820007,18617300
2025-09-08,SPY,US equities,641.719543,63133100
2025-09-09,AGG,US aggregate bonds,96.660637,7090000
2025-09-09,EEM,Emerging-market equities,50.206810,23818600
2025-09-09,EFA,Developed international equities,89.341682,10893200
2025-09-09,EWC,Canadian equities,48.606445,1609900
2025-09-09,GLD,Gold,334.059998,21641900
2025-09-09,SPY,US equities,643.203125,66133900
2025-09-10,AGG,US aggregate bonds,96.853500,5952400
2025-09-10,EEM,Emerging-market equities,50.550091,27152000
2025-09-10,EFA,Developed international equities,89.322342,11838300
2025-09-10,EWC,Canadian equities,48.754425,1379300
2025-09-10,GLD,Gold,335.260010,11945700
2025-09-10,SPY,US equities,645.062561,78034500
2025-09-11,AGG,US aggregate bonds,97.036705,6776500
2025-09-11,EEM,Emerging-market equities,51.285686,38948300
2025-09-11,EFA,Developed international equities,90.269913,11013000
2025-09-11,EWC,Canadian equities,49.247692,1453500
2025-09-11,GLD,Gold,334.760010,9082600
2025-09-11,SPY,US equities,650.423157,69934400
2025-09-12,AGG,US aggregate bonds,96.949921,6525900
2025-09-12,EEM,Emerging-market equities,51.256260,17773100
2025-09-12,EFA,Developed international equities,89.912155,10010500
2025-09-12,EWC,Canadian equities,48.931999,1426000
2025-09-12,GLD,Gold,335.420013,9619700
2025-09-12,SPY,US equities,650.205444,72780100
2025-09-15,AGG,US aggregate bonds,97.113861,5039000
2025-09-15,EEM,Emerging-market equities,51.628963,22076400
2025-09-15,EFA,Developed international equities,90.511635,18108000
2025-09-15,EWC,Canadian equities,49.454865,1550600
2025-09-15,GLD,Gold,338.910004,10569900
2025-09-15,SPY,US equities,653.667114,63772400
2025-09-16,AGG,US aggregate bonds,97.152420,8264600
2025-09-16,EEM,Emerging-market equities,52.011471,28614400
2025-09-16,EFA,Developed international equities,90.260239,25226900
2025-09-16,EWC,Canadian equities,49.405537,1384000
2025-09-16,GLD,Gold,339.589996,12161500
2025-09-16,SPY,US equities,652.767151,61169000
2025-09-17,AGG,US aggregate bonds,96.978844,7878300
2025-09-17,EEM,Emerging-market equities,52.237053,53353400
2025-09-17,EFA,Developed international equities,89.921822,17013600
2025-09-17,EWC,Canadian equities,49.306885,1265000
2025-09-17,GLD,Gold,336.970001,16535300
2025-09-17,SPY,US equities,651.956116,101952200
2025-09-18,AGG,US aggregate bonds,96.708855,7123700
2025-09-18,EEM,Emerging-market equities,52.109550,30544400
2025-09-18,EFA,Developed international equities,90.269913,15791600
2025-09-18,EWC,Canadian equities,49.504192,1946800
2025-09-18,GLD,Gold,335.619995,14913300
2025-09-18,SPY,US equities,655.002441,90459200
2025-09-19,AGG,US aggregate bonds,96.708855,7238500
2025-09-19,EEM,Emerging-market equities,51.991852,37385100
2025-09-19,EFA,Developed international equities,89.921822,21889300
2025-09-19,EWC,Canadian equities,50.046783,2622600
2025-09-19,GLD,Gold,339.179993,14982600
2025-09-19,SPY,US equities,658.246521,97945600
2025-09-22,AGG,US aggregate bonds,96.593132,5642100
2025-09-22,EEM,Emerging-market equities,52.246864,18357700
2025-09-22,EFA,Developed international equities,90.211899,13692200
2025-09-22,EWC,Canadian equities,50.194763,1980700
2025-09-22,GLD,Gold,345.049988,12386400
2025-09-22,SPY,US equities,661.360779,69452200
2025-09-23,AGG,US aggregate bonds,96.747437,8095500
2025-09-23,EEM,Emerging-market equities,52.276283,21298600
2025-09-23,EFA,Developed international equities,90.037849,14688400
2025-09-23,EWC,Canadian equities,49.849476,3459100
2025-09-23,GLD,Gold,346.459991,18384000
2025-09-23,SPY,US equities,657.760620,81708900
2025-09-24,AGG,US aggregate bonds,96.564217,6610800
2025-09-24,EEM,Emerging-market equities,52.099743,24947100
2025-09-24,EFA,Developed international equities,89.515724,14910700
2025-09-24,EWC,Canadian equities,49.563385,1323300
2025-09-24,GLD,Gold,343.320007,12709100
2025-09-24,SPY,US equities,655.667847,68082200
2025-09-25,AGG,US aggregate bonds,96.429214,8743500
2025-09-25,EEM,Emerging-market equities,51.795696,27611900
2025-09-25,EFA,Developed international equities,88.877571,22434600
2025-09-25,EWC,Canadian equities,49.375942,1663600
2025-09-25,GLD,Gold,344.750000,12639600
2025-09-25,SPY,US equities,652.642944,89622100
2025-09-26,AGG,US aggregate bonds,96.496712,6868100
2025-09-26,EEM,Emerging-market equities,51.697617,22608400
2025-09-26,EFA,Developed international equities,89.564072,18138000
2025-09-26,EWC,Canadian equities,49.346344,1113400
2025-09-26,GLD,Gold,346.739990,11698200
2025-09-26,SPY,US equities,656.382019,69179200
2025-09-29,AGG,US aggregate bonds,96.679924,7751600
2025-09-29,EEM,Emerging-market equities,52.168396,26754400
2025-09-29,EFA,Developed international equities,89.912155,13807100
2025-09-29,EWC,Canadian equities,49.780418,1888600
2025-09-29,GLD,Gold,352.459991,15719600
2025-09-29,SPY,US equities,658.226685,73499000
2025-09-30,AGG,US aggregate bonds,96.670273,12400700
2025-09-30,EEM,Emerging-market equities,52.374367,25165300
2025-09-30,EFA,Developed international equities,90.279579,24295000
2025-09-30,EWC,Canadian equities,49.869209,1202300
2025-09-30,GLD,Gold,355.470001,13312400
2025-09-30,SPY,US equities,660.706116,86288000
2025-10-01,AGG,US aggregate bonds,96.916985,6961300
2025-10-01,EEM,Emerging-market equities,52.786297,29971300
2025-10-01,EFA,Developed international equities,91.024094,17167900
2025-10-01,EWC,Canadian equities,49.888935,2118800
2025-10-01,GLD,Gold,356.029999,15573600
2025-10-01,SPY,US equities,662.957458,72545400
2025-10-02,AGG,US aggregate bonds,97.023392,6055800
2025-10-02,EEM,Emerging-market equities,53.031494,27872000
2025-10-02,EFA,Developed international equities,91.169128,15300500
2025-10-02,EWC,Canadian equities,49.908669,1106600
2025-10-02,GLD,Gold,354.790009,16162100
2025-10-02,SPY,US equities,663.721069,56896000
2025-10-03,AGG,US aggregate bonds,96.916985,5268700
2025-10-03,EEM,Emerging-market equities,53.188423,21836000
2025-10-03,EFA,Developed international equities,91.932976,13985500
2025-10-03,EWC,Canadian equities,50.549919,2837100
2025-10-03,GLD,Gold,357.640015,14464000
2025-10-03,SPY,US equities,663.711243,70494400
2025-10-06,AGG,US aggregate bonds,96.704147,6950200
2025-10-06,EEM,Emerging-market equities,53.433624,17890500
2025-10-06,EFA,Developed international equities,92.145699,12812500
2025-10-06,EWC,Canadian equities,50.609108,943500
2025-10-06,GLD,Gold,364.380005,17093700
2025-10-06,SPY,US equities,666.091492,54623300
2025-10-07,AGG,US aggregate bonds,96.868599,6379200
2025-10-07,EEM,Emerging-market equities,53.021690,18605600
2025-10-07,EFA,Developed international equities,91.343170,9075000
2025-10-07,EWC,Canadian equities,50.253952,1035700
2025-10-07,GLD,Gold,366.260010,16836800
2025-10-07,SPY,US equities,663.621948,72020100
2025-10-08,AGG,US aggregate bonds,96.878288,5726900
2025-10-08,EEM,Emerging-market equities,53.443432,15391200
2025-10-08,EFA,Developed international equities,91.613899,11159400
2025-10-08,EWC,Canadian equities,50.451260,822200
2025-10-08,GLD,Gold,372.299988,28052300
2025-10-08,SPY,US equities,667.579163,60702200
2025-10-09,AGG,US aggregate bonds,96.762192,5199500
2025-10-09,EEM,Emerging-market equities,52.894184,24685200
2025-10-09,EFA,Developed international equities,90.859726,10567900
2025-10-09,EWC,Canadian equities,49.849476,1166700
2025-10-09,GLD,Gold,365.429993,33674800
2025-10-09,SPY,US equities,665.645203,66501900
2025-10-10,AGG,US aggregate bonds,97.158829,10204100
2025-10-10,EEM,Emerging-market equities,50.942406,67908200
2025-10-10,EFA,Developed international equities,89.186974,26137200
2025-10-10,EWC,Canadian equities,49.188503,1845800
2025-10-10,GLD,Gold,369.119995,24192800
2025-10-10,SPY,US equities,647.654236,159422600
2025-10-13,AGG,US aggregate bonds,97.342644,8320400
2025-10-13,EEM,Emerging-market equities,52.423409,34717200
2025-10-13,EFA,Developed international equities,89.902489,11132900
2025-10-13,EWC,Canadian equities,49.908669,1043500
2025-10-13,GLD,Gold,378.089996,18514400
2025-10-13,SPY,US equities,657.591919,79560500
2025-10-14,AGG,US aggregate bonds,97.497437,8508700
2025-10-14,EEM,Emerging-market equities,51.952625,36062800
2025-10-14,EFA,Developed international equities,90.308586,15119000
2025-10-14,EWC,Canadian equities,49.849476,2093500
2025-10-14,GLD,Gold,380.790009,18409600
2025-10-14,SPY,US equities,656.788574,88779600
2025-10-15,AGG,US aggregate bonds,97.458725,6297000
2025-10-15,EEM,Emerging-market equities,52.805916,31145700
2025-10-15,EFA,Developed international equities,90.743690,15005400
2025-10-15,EWC,Canadian equities,50.273685,1135300
2025-10-15,GLD,Gold,387.390015,20598300
2025-10-15,SPY,US equities,659.704407,81702600
2025-10-16,AGG,US aggregate bonds,97.806999,10035200
2025-10-16,EEM,Emerging-market equities,53.149193,29782000
2025-10-16,EFA,Developed international equities,91.217468,24970300
2025-10-16,EWC,Canadian equities,49.938263,1046400
2025-10-16,GLD,Gold,396.450012,33621400
2025-10-16,SPY,US equities,655.211609,110563300
2025-10-17,AGG,US aggregate bonds,97.671570,11738900
2025-10-17,EEM,Emerging-market equities,53.139385,24373600
2025-10-17,EFA,Developed international equities,91.381851,16789400
2025-10-17,EWC,Canadian equities,49.602844,1436000
2025-10-17,GLD,Gold,388.989990,62025000
2025-10-17,SPY,US equities,658.930847,96500900
2025-10-20,AGG,US aggregate bonds,97.836029,7299100
2025-10-20,EEM,Emerging-market equities,53.865170,29450600
2025-10-20,EFA,Developed international equities,92.136024,12951100
2025-10-20,EWC,Canadian equities,50.036919,2120500
2025-10-20,GLD,Gold,403.149994,34523000
2025-10-20,SPY,US equities,665.784058,60493400
2025-10-21,AGG,US aggregate bonds,97.932777,12965900
2025-10-21,EEM,Emerging-market equities,53.266888,27091800
2025-10-21,EFA,Developed international equities,91.459190,16644300
2025-10-21,EWC,Canadian equities,49.316753,1080400
2025-10-21,GLD,Gold,377.239990,54101400
2025-10-21,SPY,US equities,665.774109,56249000
2025-10-22,AGG,US aggregate bonds,97.923111,13263200
2025-10-22,EEM,Emerging-market equities,53.217846,23595100
2025-10-22,EFA,Developed international equities,91.323830,15028600
2025-10-22,EWC,Canadian equities,49.523922,1526300
2025-10-22,GLD,Gold,377.279999,30524100
2025-10-22,SPY,US equities,662.312805,80564000
2025-10-23,AGG,US aggregate bonds,97.748978,9975000
2025-10-23,EEM,Emerging-market equities,53.688629,19655800
2025-10-23,EFA,Developed international equities,91.749268,10584400
2025-10-23,EWC,Canadian equities,49.898804,816200
2025-10-23,GLD,Gold,378.790009,13695500
2025-10-23,SPY,US equities,666.240295,65604500
2025-10-24,AGG,US aggregate bonds,97.845703,6544500
2025-10-24,EEM,Emerging-market equities,54.041714,19506300
2025-10-24,EFA,Developed international equities,91.894302,8967800
2025-10-24,EWC,Canadian equities,50.155300,2068700
2025-10-24,GLD,Gold,377.519989,13263800
2025-10-24,SPY,US equities,671.685181,74356500
2025-10-27,AGG,US aggregate bonds,97.913429,8527600
2025-10-27,EEM,Emerging-market equities,54.639996,24016300
2025-10-27,EFA,Developed international equities,92.532455,10612600
2025-10-27,EWC,Canadian equities,50.105976,1638900
2025-10-27,GLD,Gold,367.010010,23657600
2025-10-27,SPY,US equities,679.609497,63339800
2025-10-28,AGG,US aggregate bonds,97.971474,10300500
2025-10-28,EEM,Emerging-market equities,54.620380,25911500
2025-10-28,EFA,Developed international equities,92.493782,9187600
2025-10-28,EWC,Canadian equities,50.717625,3631400
2025-10-28,GLD,Gold,364.380005,19257600
2025-10-28,SPY,US equities,681.414551,61738100
2025-10-29,AGG,US aggregate bonds,97.507111,9275700
2025-10-29,EEM,Emerging-market equities,54.934235,32924600
2025-10-29,EFA,Developed international equities,91.971657,17914300
2025-10-29,EWC,Canadian equities,50.066513,1883000
2025-10-29,GLD,Gold,363.000000,18891800
2025-10-29,SPY,US equities,681.741882,85657100
2025-10-30,AGG,US aggregate bonds,97.323296,13563800
2025-10-30,EEM,Emerging-market equities,54.365376,22532800
2025-10-30,EFA,Developed international equities,91.565559,13967800
2025-10-30,EWC,Canadian equities,49.987591,1133200
2025-10-30,GLD,Gold,370.130005,14812800
2025-10-30,SPY,US equities,674.244019,76335800
2025-10-31,AGG,US aggregate bonds,97.265244,13111900
2025-10-31,EEM,Emerging-market equities,54.237873,29316400
2025-10-31,EFA,Developed international equities,91.362511,19459200
2025-10-31,EWC,Canadian equities,50.056652,1697500
2025-10-31,GLD,Gold,368.119995,11077900
2025-10-31,SPY,US equities,676.455566,87164100
2025-11-03,AGG,US aggregate bonds,97.145874,9042100
2025-11-03,EEM,Emerging-market equities,54.581154,18735900
2025-11-03,EFA,Developed international equities,91.401184,10681400
2025-11-03,EWC,Canadian equities,49.987591,969200
2025-11-03,GLD,Gold,368.779999,7254300
2025-11-03,SPY,US equities,677.725159,57315000
2025-11-04,AGG,US aggregate bonds,97.194397,29687500
2025-11-04,EEM,Emerging-market equities,53.580742,25655800
2025-11-04,EFA,Developed international equities,90.463287,10349000
2025-11-04,EWC,Canadian equities,49.050388,2941000
2025-11-04,GLD,Gold,362.320007,11540100
2025-11-04,SPY,US equities,669.691711,78427000
2025-11-05,AGG,US aggregate bonds,96.932350,8164900
2025-11-05,EEM,Emerging-market equities,54.061329,22362000
2025-11-05,EFA,Developed international equities,91.043434,12451300
2025-11-05,EWC,Canadian equities,49.583111,1657200
2025-11-05,GLD,Gold,366.510010,8357300
2025-11-05,SPY,US equities,672.012451,74402400
2025-11-06,AGG,US aggregate bonds,97.291451,7247600
2025-11-06,EEM,Emerging-market equities,53.659206,24880700
2025-11-06,EFA,Developed international equities,90.840378,16176000
2025-11-06,EWC,Canadian equities,49.079979,1660500
2025-11-06,GLD,Gold,366.070007,6891100
2025-11-06,SPY,US equities,664.802185,85035300
2025-11-07,AGG,US aggregate bonds,97.252632,5708300
2025-11-07,EEM,Emerging-market equities,53.502277,32432300
2025-11-07,EFA,Developed international equities,91.178802,13976900
2025-11-07,EWC,Canadian equities,49.425266,2529000
2025-11-07,GLD,Gold,368.309998,11060400
2025-11-07,SPY,US equities,665.456726,100592400
2025-11-10,AGG,US aggregate bonds,97.213821,7945000
2025-11-10,EEM,Emerging-market equities,54.443836,27712200
2025-11-10,EFA,Developed international equities,92.136024,15682400
2025-11-10,EWC,Canadian equities,50.204628,1826000
2025-11-10,GLD,Gold,378.380005,13456200
2025-11-10,SPY,US equities,675.840698,75842900
2025-11-11,AGG,US aggregate bonds,97.504990,5186200
2025-11-11,EEM,Emerging-market equities,54.502686,22791800
2025-11-11,EFA,Developed international equities,92.812859,12959400
2025-11-11,EWC,Canadian equities,50.352612,1657200
2025-11-11,GLD,Gold,379.869995,10753200
2025-11-11,SPY,US equities,677.387878,58953400
2025-11-12,AGG,US aggregate bonds,97.466164,6267300
2025-11-12,EEM,Emerging-market equities,54.512493,24137600
2025-11-12,EFA,Developed international equities,93.363991,9532200
2025-11-12,EWC,Canadian equities,51.053043,1621000
2025-11-12,GLD,Gold,385.989990,16203700
2025-11-12,SPY,US equities,677.764832,62312500
2025-11-13,AGG,US aggregate bonds,97.174988,7541600
2025-11-13,EEM,Emerging-market equities,53.874981,29877500
2025-11-13,EFA,Developed international equities,92.368080,15864800
2025-11-13,EWC,Canadian equities,49.957993,1986700
2025-11-13,GLD,Gold,382.869995,15867900
2025-11-13,SPY,US equities,666.518005,103457800
2025-11-14,AGG,US aggregate bonds,97.058517,6350400
2025-11-14,EEM,Emerging-market equities,53.904404,27660000
2025-11-14,EFA,Developed international equities,92.107025,17396400
2025-11-14,EWC,Canadian equities,50.204628,1210200
2025-11-14,GLD,Gold,375.959991,15198000
2025-11-14,SPY,US equities,666.408875,96846700
2025-11-17,AGG,US aggregate bonds,97.077927,7821800
2025-11-17,EEM,Emerging-market equities,53.266888,24765100
2025-11-17,EFA,Developed international equities,90.908058,18850900
2025-11-17,EWC,Canadian equities,49.662037,1283800
2025-11-17,GLD,Gold,371.649994,13295200
2025-11-17,SPY,US equities,660.200317,90456100
2025-11-18,AGG,US aggregate bonds,97.136162,7731800
2025-11-18,EEM,Emerging-market equities,53.002075,29360300
2025-11-18,EFA,Developed international equities,89.728447,22482300
2025-11-18,EWC,Canadian equities,49.849476,1606700
2025-11-18,GLD,Gold,374.350006,7818800
2025-11-18,SPY,US equities,654.656250,114467500
2025-11-19,AGG,US aggregate bonds,97.136162,8951700
2025-11-19,EEM,Emerging-market equities,52.815720,20897700
2025-11-19,EFA,Developed international equities,89.457710,15425200
2025-11-19,EWC,Canadian equities,49.938263,884200
2025-11-19,GLD,Gold,374.959991,10980400
2025-11-19,SPY,US equities,657.185303,94703000
2025-11-20,AGG,US aggregate bonds,97.252632,12968000
2025-11-20,EEM,Emerging-market equities,52.089939,32026400
2025-11-20,EFA,Developed international equities,88.220078,26720600
2025-11-20,EWC,Canadian equities,49.237827,2789200
2025-11-20,GLD,Gold,374.850006,10506500
2025-11-20,SPY,US equities,647.168335,165293500
2025-11-21,AGG,US aggregate bonds,97.485573,9334500
2025-11-21,EEM,Emerging-market equities,52.080124,40328800
2025-11-21,EFA,Developed international equities,89.583412,27211400
2025-11-21,EWC,Canadian equities,49.750824,2057100
2025-11-21,GLD,Gold,374.269989,13194600
2025-11-21,SPY,US equities,653.614929,123956200
2025-11-24,AGG,US aggregate bonds,97.679695,7717600
2025-11-24,EEM,Emerging-market equities,52.629372,33650600
2025-11-24,EFA,Developed international equities,89.660759,18550900
2025-11-24,EWC,Canadian equities,50.362473,1904200
2025-11-24,GLD,Gold,380.200012,10085300
2025-11-24,SPY,US equities,663.235107,80437900
2025-11-25,AGG,US aggregate bonds,97.834991,16788400
2025-11-25,EEM,Emerging-market equities,52.815720,25248200
2025-11-25,EFA,Developed international equities,90.734016,19903700
2025-11-25,EWC,Canadian equities,50.865604,2359600
2025-11-25,GLD,Gold,380.079987,10462800
2025-11-25,SPY,US equities,669.473511,81077100
2025-11-26,AGG,US aggregate bonds,97.990280,8935000
2025-11-26,EEM,Emerging-market equities,53.198235,22161600
2025-11-26,EFA,Developed international equities,91.729935,13481200
2025-11-26,EWC,Canadian equities,51.546310,1654700
2025-11-26,GLD,Gold,383.119995,9184100
2025-11-26,SPY,US equities,674.095215,71879600
2025-11-28,AGG,US aggregate bonds,97.854393,5064800
2025-11-28,EEM,Emerging-market equities,53.276691,15057500
2025-11-28,EFA,Developed international equities,92.039345,8136000
2025-11-28,EWC,Canadian equities,51.990250,910400
2025-11-28,GLD,Gold,387.880005,7175400
2025-11-28,SPY,US equities,677.774719,49212000
2025-12-01,AGG,US aggregate bonds,97.431793,7249300
2025-12-01,EEM,Emerging-market equities,53.237465,17854000
2025-12-01,EFA,Developed international equities,91.584892,21791500
2025-12-01,EWC,Canadian equities,51.477253,1407500
2025-12-01,GLD,Gold,389.750000,11177100
2025-12-01,SPY,US equities,674.680298,61201200
2025-12-02,AGG,US aggregate bonds,97.558380,7972000
2025-12-02,EEM,Emerging-market equities,53.257080,22523100
2025-12-02,EFA,Developed international equities,91.894302,14267600
2025-12-02,EWC,Canadian equities,51.437794,2417000
2025-12-02,GLD,Gold,387.239990,8103900
2025-12-02,SPY,US equities,675.930054,62953800
2025-12-03,AGG,US aggregate bonds,97.743378,9744400
2025-12-03,EEM,Emerging-market equities,53.296310,16750200
2025-12-03,EFA,Developed international equities,92.387428,14439800
2025-12-03,EWC,Canadian equities,51.763351,1114500
2025-12-03,GLD,Gold,386.880005,7886800
2025-12-03,SPY,US equities,678.270630,57238500
2025-12-04,AGG,US aggregate bonds,97.509682,6953200
2025-12-04,EEM,Emerging-market equities,53.286507,14443500
2025-12-04,EFA,Developed international equities,92.638809,13862900
2025-12-04,EWC,Canadian equities,52.355267,3088200
2025-12-04,GLD,Gold,387.130005,6754400
2025-12-04,SPY,US equities,678.766479,61970300
2025-12-05,AGG,US aggregate bonds,97.402588,6870000
2025-12-05,EEM,Emerging-market equities,53.688629,20114400
2025-12-05,EFA,Developed international equities,92.638809,15829800
2025-12-05,EWC,Canadian equities,52.572308,2119900
2025-12-05,GLD,Gold,386.440002,9449800
2025-12-05,SPY,US equities,680.055786,79241000
2025-12-08,AGG,US aggregate bonds,97.246788,8039100
2025-12-08,EEM,Emerging-market equities,53.570934,29055600
2025-12-08,EFA,Developed international equities,92.348747,13589200
2025-12-08,EWC,Canadian equities,52.236885,962600
2025-12-08,GLD,Gold,385.420013,6822100
2025-12-08,SPY,US equities,678.012756,55231500
2025-12-09,AGG,US aggregate bonds,97.159157,5967900
2025-12-09,EEM,Emerging-market equities,53.482662,17789200
2025-12-09,EFA,Developed international equities,92.223045,15966700
2025-12-09,EWC,Canadian equities,52.355267,1208000
2025-12-09,GLD,Gold,387.399994,6358700
2025-12-09,SPY,US equities,677.427551,58310100
2025-12-10,AGG,US aggregate bonds,97.470734,9279700
2025-12-10,EEM,Emerging-market equities,54.080944,35022900
2025-12-10,EFA,Developed international equities,93.247971,21171700
2025-12-10,EWC,Canadian equities,52.996517,1552000
2025-12-10,GLD,Gold,389.049988,9120500
2025-12-10,SPY,US equities,681.920410,85671300
2025-12-11,AGG,US aggregate bonds,97.490219,9961200
2025-12-11,EEM,Emerging-market equities,53.825939,22013500
2025-12-11,EFA,Developed international equities,93.799103,19221400
2025-12-11,EWC,Canadian equities,53.351669,4691200
2025-12-11,GLD,Gold,393.239990,11240600
2025-12-11,SPY,US equities,683.507202,86173700
2025-12-12,AGG,US aggregate bonds,97.188354,7588300
2025-12-12,EEM,Emerging-market equities,53.198235,30590000
2025-12-12,EFA,Developed international equities,93.305984,20514900
2025-12-12,EWC,Canadian equities,53.164223,2728900
2025-12-12,GLD,Gold,395.440002,16792100
2025-12-12,SPY,US equities,676.158142,113160300
2025-12-15,AGG,US aggregate bonds,97.285736,9960300
2025-12-15,EEM,Emerging-market equities,53.041309,29137000
2025-12-15,EFA,Developed international equities,93.876442,22751500
2025-12-15,EWC,Canadian equities,53.075439,1284200
2025-12-15,GLD,Gold,395.799988,11345000
2025-12-15,SPY,US equities,675.136536,90811000
2025-12-16,AGG,US aggregate bonds,97.470734,8614000
2025-12-16,EEM,Emerging-market equities,52.706047,38180700
2025-12-16,EFA,Developed international equities,93.441338,29380500
2025-12-16,EWC,Canadian equities,52.732052,1112400
2025-12-16,GLD,Gold,395.890015,9201600
2025-12-16,SPY,US equities,673.291870,122030600
2025-12-17,AGG,US aggregate bonds,97.441544,12011000
2025-12-17,EEM,Emerging-market equities,52.328011,35740800
2025-12-17,EFA,Developed international equities,92.683334,34926000
2025-12-17,EWC,Canadian equities,52.562847,2053900
2025-12-17,GLD,Gold,399.290009,10456900
2025-12-17,SPY,US equities,665.883240,110625200
2025-12-18,AGG,US aggregate bonds,97.684975,8191000
2025-12-18,EEM,Emerging-market equities,52.924911,29985700
2025-12-18,EFA,Developed international equities,93.342896,29971400
2025-12-18,EWC,Canadian equities,52.970928,1596200
2025-12-18,GLD,Gold,398.570007,11837600
2025-12-18,SPY,US equities,670.911499,108650100
2025-12-19,AGG,US aggregate bonds,97.542320,6216400
2025-12-19,EEM,Emerging-market equities,53.442223,28831700
2025-12-19,EFA,Developed international equities,93.972923,31094700
2025-12-19,EWC,Canadian equities,53.428776,2599100
2025-12-19,GLD,Gold,399.019989,9894800
2025-12-19,SPY,US equities,676.992310,103599500
2025-12-22,AGG,US aggregate bonds,97.503250,6178400
2025-12-22,EEM,Emerging-market equities,53.730721,21645200
2025-12-22,EFA,Developed international equities,94.209183,15861200
2025-12-22,EWC,Canadian equities,53.916481,1661100
2025-12-22,GLD,Gold,408.230011,14202100
2025-12-22,SPY,US equities,681.209900,69556700
2025-12-23,AGG,US aggregate bonds,97.503250,9744100
2025-12-23,EEM,Emerging-market equities,54.029171,25319700
2025-12-23,EFA,Developed international equities,94.790001,16485700
2025-12-23,EWC,Canadian equities,54.284752,1525700
2025-12-23,GLD,Gold,413.640015,13193300
2025-12-23,SPY,US equities,684.323303,64840000
2025-12-24,AGG,US aggregate bonds,97.718170,4483900
2025-12-24,EEM,Emerging-market equities,54.138599,9565300
2025-12-24,EFA,Developed international equities,94.908134,5609700
2025-12-24,EWC,Canadian equities,54.344467,706900
2025-12-24,GLD,Gold,411.929993,6718400
2025-12-24,SPY,US equities,686.730530,39445600
2025-12-26,AGG,US aggregate bonds,97.737724,6503700
2025-12-26,EEM,Emerging-market equities,54.516636,11352000
2025-12-26,EFA,Developed international equities,95.065636,9304200
2025-12-26,EWC,Canadian equities,54.543533,972300
2025-12-26,GLD,Gold,416.739990,10476200
2025-12-26,SPY,US equities,686.660889,41613300
2025-12-29,AGG,US aggregate bonds,97.854965,7886700
2025-12-29,EEM,Emerging-market equities,54.377361,18816700
2025-12-29,EFA,Developed international equities,94.780151,16705400
2025-12-29,EWC,Canadian equities,54.075737,3773500
2025-12-29,GLD,Gold,398.600006,20679200
2025-12-29,SPY,US equities,684.213867,62559500
2025-12-30,AGG,US aggregate bonds,97.815880,7955800
2025-12-30,EEM,Emerging-market equities,54.596222,24643000
2025-12-30,EFA,Developed international equities,94.937660,15877000
2025-12-30,EWC,Canadian equities,54.045872,1074900
2025-12-30,GLD,Gold,398.890015,10179000
2025-12-30,SPY,US equities,683.378357,47160700
2025-12-31,AGG,US aggregate bonds,97.581406,13535500
2025-12-31,EEM,Emerging-market equities,54.427101,20000900
2025-12-31,EFA,Developed international equities,94.534042,27618000
2025-12-31,EWC,Canadian equities,53.677605,2216500
2025-12-31,GLD,Gold,396.309998,10194700
2025-12-31,SPY,US equities,678.315247,74144800
